timestamp,frame_num,mode,obj_count,obj_classes,avg_confidence,avg_depth_m,cpu_power_w,gpu_power_w,inst_power_w,frame_power_mj,pixel_power_uj,total_energy_wh,peak_power_w,energy_per_frame_mj,energy_per_object_mj,fps_per_watt,objects_per_joule,yolo_efficiency,frame_latency_ms,capture_ms,preprocess_ms,yolo_ms,track_ms,render_ms,bottleneck_stage,fps,fps_stability_std,dropped_frames,cpu_pct,gpu_pct,ram_mb,gpu_mb,motion_detected,tracking_stability_pct
2026-06-09 10:47:19,1,rgb,0,—,0,0,0.0,0.0,0.0,0.0,0.0,0.0,0.0,0.0,0.0,0.0,0.0,0.0,104.06,27.42,69.21,0.0,0.0,7.18,preprocess,0.0,0.0,0,0.0,0.0,0.0,0.0,0,100.0
2026-06-09 10:47:22,3,rgb,3,person|bottle,0.718,0,0.0,0.0,0.0,0.0,0.0,0.0,0.0,0.0,0.0,112.57,3000.0,0.004,890.22,13.31,25.8,843.8,0.07,7.01,yolo,1.1,0.55,0,0.0,0.0,0.0,0.0,0,33.3
2026-06-09 10:47:23,30,rgb,2,cell phone|person|horse|person|person|person|bottle,0.734,0,0.0,3.0,3.0,365.28,1.1891,0.000101,3.0,365.28,182.64,0.38,5.5,0.022,121.76,13.08,5.91,91.42,0.18,10.83,yolo,1.1,0.0,0,0.0,5.0,1138.4,141.0,1,100.0
2026-06-09 10:47:24,60,rgb,2,person,0.774,0,4.19,3.0,7.19,561.467,1.8277,0.002551,7.19,561.467,280.733,3.94,3.6,0.04,78.09,12.93,4.8,49.98,0.18,9.89,yolo,28.3,0.65,0,9.3,5.0,1138.5,141.0,1,100.0
2026-06-09 10:47:25,87,rgb,2,person,0.811,0,4.19,3.0,7.19,257.043,0.8367,0.004648,7.19,257.043,128.522,3.55,7.8,0.213,35.75,13.34,3.62,9.39,1.23,7.89,capture,25.6,0.71,0,9.3,5.0,1138.5,141.0,1,100.0
2026-06-09 10:47:26,111,rgb,3,tv|person|person,0.822,0,4.64,3.0,7.64,284.59,0.9264,0.00651,7.64,284.59,94.863,3.12,10.5,0.262,37.25,13.86,3.58,11.47,1.22,6.85,capture,23.9,0.47,0,10.3,5.0,1138.6,141.0,1,66.7
2026-06-09 10:47:27,140,rgb,2,tv|person|chair|person|person,0.805,0,4.77,3.0,7.77,275.757,0.8976,0.008808,7.77,275.757,137.879,3.48,7.3,0.188,35.49,14.03,3.59,10.64,0.16,6.81,capture,27.0,0.94,0,10.6,5.0,1138.7,141.0,1,100.0
2026-06-09 10:47:28,164,rgb,2,person,0.802,0,4.36,1.8,6.16,212.828,0.6928,0.010407,7.77,212.828,106.414,3.86,9.4,0.238,34.55,14.34,4.64,8.39,0.17,6.76,capture,23.8,1.06,0,9.7,3.0,1138.7,141.0,1,100.0
2026-06-09 10:47:29,192,rgb,2,cell phone|person|person,0.831,0,4.32,3.0,7.32,252.247,0.8211,0.012206,7.77,252.247,126.124,3.89,7.9,0.252,34.46,14.62,4.63,7.95,0.17,6.84,capture,28.5,1.21,0,9.6,5.0,1138.8,141.0,1,100.0
2026-06-09 10:47:30,221,rgb,2,person,0.834,0,4.32,3.0,7.32,243.39,0.7923,0.014206,7.77,243.39,121.695,3.72,8.2,0.254,33.25,14.5,3.61,7.87,0.16,6.86,capture,27.2,0.4,0,9.6,5.0,1138.8,141.0,1,100.0
2026-06-09 10:47:31,246,rgb,2,person,0.837,0,4.41,3.0,7.41,253.496,0.8252,0.015924,7.77,253.496,126.748,3.48,7.9,0.221,34.21,14.31,3.61,9.06,0.17,6.8,capture,25.8,0.27,0,9.8,5.0,1138.8,141.0,1,100.0
2026-06-09 10:47:32,275,rgb,3,laptop|person|person,0.834,0,4.72,12.6,17.32,594.596,1.9355,0.018541,17.32,594.596,198.199,1.65,5.0,0.311,34.33,13.91,3.6,9.65,0.17,6.74,capture,28.5,0.49,0,10.5,21.0,1138.8,141.0,1,66.7
2026-06-09 10:47:33,303,rgb,2,laptop|person|person,0.797,0,4.54,13.8,18.34,612.006,1.9922,0.023177,18.34,612.006,306.003,1.47,3.3,0.21,33.37,13.1,3.63,9.51,0.17,6.69,capture,27.0,0.28,0,10.1,23.0,1138.8,141.0,1,100.0
2026-06-09 10:47:34,329,rgb,2,person,0.821,0,4.54,13.8,18.34,661.707,2.154,0.027773,18.34,661.707,330.853,1.4,3.0,0.162,36.08,12.97,3.63,12.33,0.18,6.7,capture,25.7,0.25,0,10.1,23.0,1138.8,141.0,1,100.0
2026-06-09 10:47:35,349,rgb,3,cell phone|person|chair|person|laptop|person|person,0.829,0,6.3,27.6,33.9,1368.204,4.4538,0.035031,33.9,1368.204,456.068,0.59,2.2,0.202,40.36,13.53,4.72,14.88,0.18,6.77,yolo,19.9,1.26,0,14.0,46.0,1138.8,141.0,1,100.0
2026-06-09 10:47:36,369,rgb,3,laptop|person|person|laptop|chair|person,0.766,0,4.28,18.6,22.88,988.874,3.219,0.041666,33.9,988.874,329.625,0.87,3.0,0.182,43.22,14.73,4.66,16.51,0.19,6.84,yolo,19.9,0.0,0,9.5,31.0,1139.6,141.0,1,100.0
2026-06-09 10:47:37,390,rgb,2,laptop|person|book|person|person,0.729,0,4.72,15.6,20.33,917.899,2.988,0.047591,33.9,917.899,458.95,1.02,2.2,0.114,45.15,15.51,4.67,17.6,0.19,6.88,yolo,20.8,0.0,0,10.5,26.0,1139.8,141.0,1,100.0
2026-06-09 10:47:38,416,rgb,2,book|person|person,0.765,0,4.72,15.6,20.33,872.564,2.8404,0.054074,33.9,872.564,436.282,1.22,2.3,0.114,42.92,14.37,3.62,17.59,0.19,6.91,yolo,24.8,0.81,0,10.5,26.0,1139.8,141.0,1,100.0
2026-06-09 10:47:39,444,rgb,2,book|person|person|cell phone|person,0.759,0,5.17,27.0,32.17,1210.557,3.9406,0.063737,33.9,1210.557,605.279,0.82,1.7,0.139,37.63,12.31,3.65,14.41,0.19,6.85,yolo,26.4,0.3,0,11.5,45.0,1139.8,141.0,1,100.0
2026-06-09 10:47:40,472,rgb,2,laptop|person|person,0.804,0,5.26,13.8,19.07,642.278,2.0907,0.069652,33.9,642.278,321.139,1.46,3.1,0.168,33.68,11.04,3.59,11.88,0.18,6.79,yolo,27.8,0.26,0,11.7,23.0,1139.8,141.0,1,100.0
2026-06-09 10:47:41,492,rgb,2,person,0.845,0,5.0,27.0,32.0,1198.4,3.901,0.07511,33.9,1198.4,599.2,0.87,1.7,0.145,37.45,12.84,3.59,13.79,0.17,6.85,yolo,27.8,0.0,0,11.1,45.0,1139.8,141.0,1,100.0
2026-06-09 10:47:42,515,rgb,2,chair|person|person,0.82,0,4.46,23.4,27.86,1144.489,3.7255,0.082894,33.9,1144.489,572.245,0.78,1.7,0.123,41.08,13.87,3.59,16.27,0.17,6.95,yolo,21.8,0.18,0,9.9,39.0,1139.8,141.0,1,100.0
2026-06-09 10:47:43,537,rgb,5,chair|person|remote|bottle|chair|person|chair|person|bottle,0.719,0,4.46,23.4,27.86,1221.382,3.9759,0.090213,33.9,1221.382,244.276,0.77,4.1,0.283,43.84,15.05,3.6,17.65,0.19,7.08,yolo,21.5,0.06,0,9.9,39.0,1139.8,141.0,1,80.0
2026-06-09 10:47:44,564,rgb,4,chair|person|person|remote|person|person|chair|cell phone|bottle|remote|chair|person|bottle|person|chair|book|chair|person,0.575,0,5.04,26.4,31.44,1262.63,4.1101,0.100128,33.9,1262.63,315.658,0.81,3.2,0.259,40.16,13.52,3.55,15.44,0.23,7.17,yolo,25.4,0.74,0,11.2,44.0,1139.8,141.0,1,100.0
2026-06-09 10:47:45,591,rgb,2,chair|person|person|remote|person|book|chair|person,0.684,0,4.91,13.8,18.71,684.225,2.2273,0.106183,33.9,684.225,342.113,1.4,2.9,0.153,36.57,12.44,3.55,13.06,0.22,7.04,yolo,26.2,0.15,0,10.9,23.0,1139.8,141.0,1,100.0
2026-06-09 10:47:47,612,rgb,2,laptop|person|remote|person|person,0.759,0,4.54,18.0,22.55,855.547,2.785,0.110737,33.9,855.547,427.774,0.92,2.3,0.143,37.94,12.99,3.55,14.03,0.19,6.9,yolo,20.8,1.15,0,10.1,30.0,1139.8,141.0,1,100.0
2026-06-09 10:47:48,633,rgb,2,person,0.764,0,4.54,21.0,25.55,1071.823,3.489,0.116122,33.9,1071.823,535.912,0.82,1.9,0.119,41.95,14.23,3.52,16.74,0.18,6.99,yolo,20.9,0.02,0,10.1,35.0,1139.8,141.0,1,100.0
2026-06-09 10:47:49,657,rgb,2,person,0.788,0,4.54,21.0,25.55,1135.442,3.6961,0.123566,33.9,1135.442,567.721,0.87,1.8,0.108,44.44,14.92,3.55,18.44,0.18,7.06,yolo,22.3,0.28,0,10.1,35.0,1139.8,141.0,1,100.0
2026-06-09 10:47:50,678,rgb,3,horse|person|person,0.829,0,4.5,25.8,30.3,1350.774,4.3971,0.131316,33.9,1350.774,450.258,0.69,2.2,0.162,44.58,14.97,3.51,18.51,0.17,7.14,yolo,20.8,0.32,0,10.0,43.0,1139.8,141.0,1,100.0
2026-06-09 10:47:51,699,rgb,2,horse|person|person,0.825,0,4.5,27.6,32.1,1442.253,4.6948,0.139414,33.9,1442.253,721.126,0.63,1.4,0.101,44.93,14.02,3.53,19.81,0.16,7.15,yolo,20.3,0.11,0,10.0,46.0,1139.8,141.0,1,100.0
2026-06-09 10:47:52,723,rgb,2,person,0.834,0,4.28,27.0,31.27,1341.483,4.3668,0.148827,33.9,1341.483,670.741,0.75,1.5,0.109,42.9,13.48,3.54,18.4,0.16,7.06,yolo,23.5,0.64,0,9.5,45.0,1139.8,141.0,1,100.0
2026-06-09 10:47:53,750,rgb,2,horse|person|person,0.857,0,4.64,13.8,18.44,709.756,2.3104,0.158243,33.9,709.756,354.878,1.27,2.8,0.132,38.49,11.33,3.58,15.12,1.21,6.98,yolo,23.5,0.0,0,10.3,23.0,1139.9,141.0,1,100.0
2026-06-09 10:47:54,776,rgb,2,person,0.84,0,4.64,13.8,18.44,681.911,2.2198,0.16315,33.9,681.911,340.955,1.49,2.9,0.152,36.98,11.74,3.59,13.16,1.22,7.03,yolo,27.4,0.0,0,10.3,23.0,1139.9,141.0,1,100.0
2026-06-09 10:47:55,797,rgb,2,person,0.843,0,5.04,17.4,22.44,906.8,2.9518,0.168086,33.9,906.8,453.4,1.06,2.2,0.13,40.41,12.83,3.64,15.36,1.22,7.11,yolo,23.9,0.0,0,11.2,28.999999999999996,1140.0,141.0,1,100.0
2026-06-09 10:47:56,818,rgb,2,person,0.846,0,6.21,21.6,27.81,1215.853,3.9579,0.174162,33.9,1215.853,607.927,0.75,1.6,0.109,43.72,14.12,3.7,18.3,0.17,7.16,yolo,20.8,0.0,0,13.8,36.0,1140.0,141.0,1,100.0
2026-06-09 10:47:57,840,rgb,2,person,0.835,0,4.32,25.2,29.52,1306.85,4.2541,0.181735,33.9,1306.85,653.425,0.71,1.5,0.108,44.27,14.3,3.71,18.57,0.17,7.23,yolo,20.8,0.0,0,9.6,42.0,1140.0,141.0,1,100.0
2026-06-09 10:47:58,861,rgb,1,person|remote|person|cup,0.781,0,4.32,25.2,29.52,1388.621,4.5202,0.189545,33.9,1388.621,1388.621,0.63,0.7,0.049,47.04,14.45,3.64,20.22,1.24,7.21,yolo,18.5,0.62,0,9.6,42.0,1140.0,141.0,1,100.0
2026-06-09 10:47:59,882,rgb,1,person|cat|person,0.666,0,4.14,18.0,22.14,1042.13,3.3923,0.196395,33.9,1042.13,1042.13,0.94,1.0,0.05,47.07,14.82,3.58,19.94,1.22,7.23,yolo,20.9,0.51,0,9.2,30.0,1140.0,141.0,1,100.0
2026-06-09 10:48:00,903,rgb,2,person|tie|horse|person|person,0.563,0,4.54,22.2,26.74,1261.058,4.105,0.202719,33.9,1261.058,630.529,0.78,1.6,0.101,47.16,14.92,3.61,19.82,1.21,7.29,yolo,20.8,0.02,0,10.1,37.0,1140.0,141.0,1,50.0
2026-06-09 10:48:01,927,rgb,2,person,0.52,0,4.54,22.2,26.74,1188.326,3.8682,0.210842,33.9,1188.326,594.163,0.83,1.7,0.109,44.44,14.33,3.71,18.43,0.14,7.55,yolo,22.3,0.3,0,10.1,37.0,1140.0,141.0,1,100.0
2026-06-09 10:48:02,949,rgb,1,person,0.522,0,5.08,25.8,30.89,1372.752,4.4686,0.219121,33.9,1372.752,1372.752,0.68,0.7,0.054,44.44,14.06,3.73,18.54,0.15,7.67,yolo,20.9,0.4,0,11.3,43.0,1140.0,141.0,1,100.0
2026-06-09 10:48:03,970,rgb,4,person,0.58,0,5.58,27.6,33.18,1467.883,4.7783,0.227419,33.9,1467.883,366.971,0.63,2.7,0.221,44.24,14.47,3.62,18.13,0.16,7.57,yolo,20.8,0.03,0,12.4,46.0,1140.0,141.0,1,100.0
2026-06-09 10:48:04,998,rgb,3,person,0.678,0,4.68,13.8,18.48,727.558,2.3684,0.236732,33.9,727.558,242.519,1.51,4.1,0.207,39.37,13.54,3.55,14.5,0.2,7.27,yolo,28.0,1.85,0,10.4,23.0,1140.0,141.0,1,100.0
2026-06-09 10:48:05,1025,rgb,5,cell phone|person|person,0.716,0,5.13,13.8,18.93,660.468,2.15,0.241849,33.9,660.468,132.094,1.45,7.6,0.43,34.89,12.07,3.52,11.64,0.24,7.08,capture,27.4,0.11,0,11.4,23.0,1140.0,141.0,1,100.0
2026-06-09 10:48:06,1047,rgb,3,remote|person|person,0.671,0,5.13,13.8,18.93,721.612,2.349,0.246029,33.9,721.612,240.537,1.12,4.2,0.213,38.12,12.77,3.54,14.11,0.22,7.14,yolo,21.2,1.29,0,11.4,23.0,1140.0,141.0,1,66.7
2026-06-09 10:48:07,1068,rgb,3,person|person|bottle,0.697,0,4.28,14.4,18.67,783.207,2.5495,0.250393,33.9,783.207,261.069,1.12,3.8,0.181,41.95,14.11,3.5,16.59,0.22,7.21,yolo,20.9,0.06,0,9.5,24.0,1140.1,141.0,1,100.0
2026-06-09 10:48:08,1095,rgb,3,chair|person|person,0.747,0,4.46,26.4,30.85,1238.319,4.031,0.258526,33.9,1238.319,412.773,0.86,2.4,0.206,40.14,14.3,3.53,14.56,0.2,7.24,yolo,26.5,1.06,0,9.9,44.0,1140.1,141.0,1,100.0
2026-06-09 10:48:09,1122,rgb,2,dog|person|person,0.768,0,4.64,13.8,18.44,655.358,2.1333,0.265617,33.9,655.358,327.679,1.46,3.1,0.174,35.54,12.72,3.57,11.49,0.2,7.25,capture,27.0,0.09,0,10.3,23.0,1140.1,141.0,1,100.0
2026-06-09 10:48:10,1143,rgb,3,person,0.717,0,4.95,15.6,20.55,771.036,2.5099,0.269586,33.9,771.036,257.012,1.02,3.9,0.228,37.52,13.0,3.59,13.18,0.2,7.24,yolo,20.9,1.3,0,11.0,26.0,1140.1,141.0,1,66.7
2026-06-09 10:48:11,1167,rgb,3,person|person|bottle,0.691,0,4.95,15.6,20.55,864.539,2.8143,0.275033,33.9,864.539,288.18,1.08,3.5,0.184,42.07,14.5,3.55,16.28,0.19,7.24,yolo,22.2,0.26,0,11.0,26.0,1140.1,141.0,1,100.0
2026-06-09 10:48:12,1188,rgb,3,person|person|bottle,0.649,0,4.14,19.2,23.34,1047.733,3.4106,0.28097,33.9,1047.733,349.244,0.87,2.9,0.168,44.89,14.68,4.65,17.84,0.2,7.2,yolo,20.2,0.43,0,9.2,32.0,1140.0,141.0,1,100.0
2026-06-09 10:48:13,1211,rgb,4,person|elephant|person|person|bottle,0.677,0,4.59,22.2,26.79,1183.314,3.8519,0.288089,33.9,1183.314,295.829,0.85,3.4,0.226,44.17,14.17,4.63,17.7,0.22,7.16,yolo,22.6,0.49,0,10.2,37.0,1140.0,141.0,1,100.0
2026-06-09 10:48:14,1232,rgb,3,person|person|bottle,0.688,0,4.95,25.8,30.75,1327.17,4.3202,0.295129,33.9,1327.17,442.39,0.67,2.3,0.17,43.16,14.15,3.59,17.62,0.23,7.25,yolo,20.7,0.4,0,11.0,43.0,1140.0,141.0,1,100.0
2026-06-09 10:48:15,1257,rgb,3,cell phone|person|chair|person|person,0.647,0,4.95,25.8,30.75,1295.805,4.2181,0.304362,33.9,1295.805,431.935,0.78,2.3,0.184,42.14,14.45,3.55,16.28,0.22,7.29,yolo,24.1,0.67,0,11.0,43.0,1140.0,141.0,1,100.0
2026-06-09 10:48:16,1286,rgb,2,cell phone|person|person|cell phone|person|elephant,0.626,0,4.32,13.8,18.12,671.708,2.1866,0.310439,33.9,671.708,335.854,1.59,3.0,0.153,37.07,12.67,3.55,13.05,0.21,7.23,yolo,28.7,0.84,0,9.6,23.0,1140.0,141.0,1,100.0
2026-06-09 10:48:17,1308,rgb,4,person|handbag|person,0.634,0,5.04,13.8,18.84,695.196,2.263,0.314633,33.9,695.196,173.799,1.1,5.8,0.307,36.9,12.54,3.57,13.03,0.21,7.19,yolo,20.7,1.67,0,11.2,23.0,1140.0,141.0,1,75.0
2026-06-09 10:48:18,1331,rgb,3,person|handbag|person|cell phone|person|handbag,0.751,0,4.59,15.0,19.59,793.787,2.5839,0.319401,33.9,793.787,264.596,1.15,3.8,0.193,40.52,13.61,3.56,15.52,0.22,7.26,yolo,22.5,0.37,0,10.2,25.0,1140.0,141.0,1,100.0
2026-06-09 10:48:19,1358,rgb,3,chair|person|person,0.774,0,5.0,13.8,18.8,739.404,2.4069,0.325309,33.9,739.404,246.468,1.43,4.1,0.2,39.33,13.07,3.57,14.98,0.22,7.14,yolo,27.0,0.85,0,11.1,23.0,1140.0,141.0,1,100.0
2026-06-09 10:48:20,1386,rgb,3,person,0.76,0,4.36,13.8,18.16,625.612,2.0365,0.330624,33.9,625.612,208.537,1.46,4.8,0.26,34.45,11.79,3.6,11.54,0.2,6.98,capture,26.5,0.09,0,9.7,23.0,1140.0,141.0,1,100.0
2026-06-09 10:48:22,1410,rgb,4,chair|person|person,0.797,0,4.5,14.4,18.9,704.97,2.2948,0.334898,33.9,704.97,176.243,1.2,5.7,0.296,37.3,12.6,3.57,13.53,0.2,7.06,yolo,22.7,0.76,0,10.0,24.0,1140.0,141.0,1,100.0
2026-06-09 10:48:23,1434,rgb,3,cell phone|person|chair|person|remote|person|person,0.729,0,4.5,14.4,18.9,790.02,2.5717,0.339886,33.9,790.02,263.34,1.1,3.8,0.181,41.8,13.9,3.55,16.54,0.22,7.23,yolo,20.9,0.67,0,10.0,24.0,1140.0,141.0,1,100.0
2026-06-09 10:48:24,1459,rgb,3,cell phone|person|cell phone|person|bottle|person,0.727,0,4.81,17.4,22.21,925.935,3.0141,0.34628,33.9,925.935,308.645,1.05,3.2,0.182,41.69,13.84,3.51,16.46,0.24,7.27,yolo,23.4,1.0,0,10.7,28.999999999999996,1140.1,141.0,1,100.0
2026-06-09 10:48:25,1488,rgb,2,person,0.749,0,4.86,14.4,19.26,696.634,2.2677,0.352633,33.9,696.634,348.317,1.49,2.9,0.16,36.17,12.42,3.59,12.52,0.2,7.07,yolo,28.7,2.0,0,10.8,24.0,1140.1,141.0,1,100.0
2026-06-09 10:48:26,1512,rgb,3,cell phone|person|person|dining table|chair|person|person,0.785,0,7.43,13.8,21.23,767.252,2.4976,0.357391,33.9,767.252,255.751,1.11,3.9,0.239,36.14,12.34,3.63,12.56,0.2,7.05,yolo,23.6,1.9,0,16.5,23.0,1140.1,141.0,1,100.0
2026-06-09 10:48:27,1533,rgb,2,cell phone|person|chair|person|person,0.686,0,5.04,27.0,32.04,1277.755,4.1594,0.362569,33.9,1277.755,638.878,0.68,1.6,0.131,39.88,13.39,3.59,15.25,0.19,7.11,yolo,21.6,0.7,0,11.2,45.0,1140.1,141.0,1,100.0
2026-06-09 10:48:28,1558,rgb,3,person,0.649,0,5.04,27.0,32.04,1370.992,4.4629,0.371885,33.9,1370.992,456.997,0.71,2.2,0.175,42.79,14.21,3.56,17.13,0.21,7.35,yolo,22.8,0.48,0,11.2,45.0,1140.1,141.0,1,66.7
2026-06-09 10:48:29,1587,rgb,2,cell phone|person|person,0.601,0,4.77,13.8,18.57,693.59,2.2578,0.378042,33.9,693.59,346.795,1.55,2.9,0.152,37.35,12.5,3.66,13.16,0.18,7.5,yolo,28.7,2.23,0,10.6,23.0,1140.1,141.0,1,100.0
2026-06-09 10:48:30,1611,rgb,3,dog|person|person|cell phone|person,0.572,0,6.75,13.8,20.55,733.635,2.3881,0.3829,33.9,733.635,244.545,1.15,4.1,0.242,35.7,11.74,3.64,12.41,0.17,7.38,yolo,23.6,1.9,0,15.0,23.0,1140.1,141.0,1,100.0
2026-06-09 10:48:31,1632,rgb,4,cell phone|person|remote|person|person,0.704,0,4.46,15.6,20.05,806.01,2.6237,0.387389,33.9,806.01,201.502,1.01,5.0,0.268,40.2,12.56,3.6,14.94,0.19,8.53,yolo,20.3,1.3,0,9.9,26.0,1140.2,141.0,1,100.0
2026-06-09 10:48:32,1659,rgb,4,cell phone|person|remote|person|cell phone|person|tie|cell phone|person|remote,0.642,0,4.5,13.8,18.3,741.516,2.4138,0.393328,33.9,741.516,185.379,1.39,5.4,0.271,40.52,13.29,3.48,14.75,0.26,8.36,yolo,25.4,1.81,0,10.0,23.0,1140.2,141.0,1,100.0
2026-06-09 10:48:33,1686,rgb,2,cell phone|person|chair|person|remote|person|person,0.638,0,5.71,13.8,19.52,690.813,2.2487,0.398611,33.9,690.813,345.406,1.48,2.9,0.17,35.39,12.34,3.54,11.76,0.26,7.11,capture,28.8,0.89,0,12.7,23.0,1140.2,141.0,1,100.0
2026-06-09 10:48:34,1710,rgb,3,person,0.677,0,5.08,25.8,30.89,1169.804,3.808,0.403424,33.9,1169.804,389.935,0.69,2.6,0.222,37.87,13.09,3.58,13.54,0.21,7.1,yolo,21.4,2.76,0,11.3,43.0,1140.2,141.0,1,100.0
2026-06-09 10:48:35,1734,rgb,2,person|person|bottle,0.708,0,5.08,25.8,30.89,1310.045,4.2645,0.411693,33.9,1310.045,655.023,0.67,1.5,0.122,42.41,14.67,3.61,16.42,0.2,7.18,yolo,20.8,0.27,0,11.3,43.0,1140.2,141.0,1,100.0
2026-06-09 10:48:36,1755,rgb,2,chair|person|person,0.651,0,4.19,22.2,26.38,1166.524,3.7973,0.418692,33.9,1166.524,583.262,0.79,1.7,0.115,44.22,15.5,3.6,17.33,0.19,7.28,yolo,20.9,0.05,0,9.3,37.0,1140.2,141.0,1,100.0
2026-06-09 10:48:37,1776,rgb,2,person|person|bottle,0.679,0,4.81,13.8,18.62,835.666,2.7203,0.424875,33.9,835.666,417.833,1.12,2.4,0.115,44.88,15.03,4.66,17.43,0.18,7.25,yolo,20.8,0.05,0,10.7,23.0,1140.2,141.0,1,100.0
2026-06-09 10:48:38,1800,rgb,5,person|person|bottle,0.637,0,5.9,9.6,15.5,673.63,2.1928,0.430376,33.9,673.63,134.726,1.43,7.4,0.302,43.46,14.49,4.64,16.55,0.19,7.24,yolo,22.2,0.64,0,13.1,16.0,1140.2,141.0,1,100.0
2026-06-09 10:48:39,1830,rgb,3,person|person|bottle,0.614,0,5.17,13.8,18.98,708.903,2.3076,0.435662,33.9,708.903,236.301,1.51,4.2,0.229,37.35,12.83,3.64,13.09,0.22,7.22,yolo,28.7,2.87,0,11.5,23.0,1140.2,141.0,1,100.0
2026-06-09 10:48:40,1856,rgb,2,person,0.69,0,5.17,13.8,18.98,685.747,2.2323,0.440596,33.9,685.747,342.873,1.28,2.9,0.158,36.13,12.17,3.61,12.63,0.23,7.15,yolo,24.3,2.09,0,11.5,23.0,1140.2,141.0,1,100.0
2026-06-09 10:48:41,1877,rgb,2,person,0.679,0,4.46,22.2,26.66,1064.267,3.4644,0.446302,33.9,1064.267,532.134,0.78,1.9,0.13,39.92,13.3,3.54,15.34,0.2,7.18,yolo,20.8,1.73,0,9.9,37.0,1140.2,141.0,1,100.0
2026-06-09 10:48:42,1899,rgb,2,person,0.676,0,5.26,25.8,31.07,1374.848,4.4754,0.453702,33.9,1374.848,687.424,0.69,1.5,0.109,44.25,14.62,3.51,18.35,0.19,7.23,yolo,21.6,0.39,0,11.7,43.0,1140.2,141.0,1,100.0
2026-06-09 10:48:43,1920,rgb,2,person,0.723,0,4.32,27.6,31.92,1417.567,4.6145,0.461755,33.9,1417.567,708.784,0.68,1.4,0.11,44.41,14.94,3.52,18.19,0.18,7.25,yolo,21.8,0.09,0,9.6,46.0,1140.2,141.0,1,100.0
2026-06-09 10:48:45,1950,rgb,2,horse|person|person,0.736,0,4.86,13.8,18.66,746.4,2.4297,0.472958,33.9,746.4,373.2,1.26,2.7,0.133,40.0,13.85,3.53,15.07,0.17,7.08,yolo,23.5,0.84,0,10.8,23.0,1140.2,141.0,1,100.0
2026-06-09 10:48:46,1979,rgb,2,person,0.677,0,4.86,13.8,18.66,671.014,2.1843,0.478735,33.9,671.014,335.507,1.39,3.0,0.159,35.96,12.26,3.53,12.6,0.19,7.07,yolo,25.9,1.2,0,10.8,23.0,1140.2,141.0,1,100.0
2026-06-09 10:48:47,2001,rgb,2,person,0.65,0,4.64,13.2,17.84,678.99,2.2103,0.482691,33.9,678.99,339.495,1.45,2.9,0.141,38.06,12.71,3.52,14.22,0.19,7.09,yolo,25.8,0.05,0,10.3,22.0,1140.2,141.0,1,100.0
2026-06-09 10:48:48,2022,rgb,2,person,0.68,0,4.09,24.0,28.09,1148.881,3.7398,0.48828,33.9,1148.881,574.441,0.75,1.7,0.124,40.9,13.63,3.51,16.11,0.18,7.17,yolo,20.9,2.45,0,9.1,40.0,1140.2,141.0,1,100.0
2026-06-09 10:48:49,2043,rgb,2,person,0.651,0,4.59,20.4,24.99,1113.304,3.624,0.495136,33.9,1113.304,556.652,0.85,1.8,0.11,44.55,15.25,3.53,18.14,0.17,7.18,yolo,21.3,0.2,0,10.2,34.0,1140.2,141.0,1,100.0
2026-06-09 10:48:50,2067,rgb,3,person,0.599,0,4.59,20.4,24.99,1114.054,3.6265,0.502564,33.9,1114.054,371.351,0.83,2.7,0.165,44.58,15.3,3.53,18.19,0.17,7.11,yolo,20.8,0.25,0,10.2,34.0,1140.2,141.0,1,100.0
2026-06-09 10:48:51,2088,rgb,4,cell phone|person|dining table|cell phone|person|person,0.656,0,4.41,17.4,21.81,972.944,3.1671,0.508318,33.9,972.944,243.236,0.96,4.1,0.219,44.61,15.22,3.53,18.25,0.19,7.13,yolo,20.8,0.0,0,9.8,28.999999999999996,1140.2,141.0,1,100.0
2026-06-09 10:48:52,2110,rgb,3,cell phone|person|dining table|cell phone|person|person,0.624,0,4.86,13.8,18.66,826.451,2.6903,0.513823,33.9,826.451,275.484,1.2,3.6,0.164,44.29,14.74,3.54,18.27,0.22,7.21,yolo,22.3,0.75,0,10.8,23.0,1140.2,141.0,1,66.7
2026-06-09 10:48:53,2137,rgb,2,cell phone|person|person,0.615,0,4.64,13.8,18.44,736.678,2.398,0.519729,33.9,736.678,368.339,1.28,2.7,0.128,39.95,13.1,3.55,15.59,0.21,7.18,yolo,23.5,0.6,0,10.3,23.0,1140.3,141.0,1,100.0
2026-06-09 10:48:54,2166,rgb,2,chair|person|person,0.628,0,5.13,13.8,18.93,654.221,2.1296,0.52528,33.9,654.221,327.111,1.53,3.1,0.169,34.56,11.52,3.61,11.83,0.18,7.1,yolo,28.9,2.7,0,11.4,23.0,1140.2,141.0,1,100.0
2026-06-09 10:48:55,2190,rgb,5,cell phone|dog|person|tie|person,0.651,0,8.15,16.8,24.95,933.878,3.04,0.529809,33.9,933.878,186.776,0.94,5.4,0.368,37.43,12.44,3.64,13.6,0.18,7.24,yolo,23.4,2.74,0,18.1,28.000000000000004,1140.2,141.0,1,60.0
2026-06-09 10:48:56,2214,rgb,2,cell phone|dog|person|tie|person|tie|person|cell phone|person,0.712,0,8.15,16.8,24.95,1040.415,3.3868,0.536374,33.9,1040.415,520.207,0.84,1.9,0.119,41.7,13.07,3.67,16.81,0.19,7.61,yolo,20.8,1.23,0,18.1,28.000000000000004,1140.2,141.0,1,100.0
2026-06-09 10:48:57,2235,rgb,2,person|cat|person,0.702,0,6.34,20.4,26.75,1181.547,3.8462,0.543031,33.9,1181.547,590.774,0.8,1.7,0.11,44.17,14.02,3.65,18.25,0.19,7.72,yolo,21.3,0.23,0,14.1,34.0,1140.3,141.0,1,100.0
2026-06-09 10:48:58,2256,rgb,3,person|tie|person|person|bottle,0.652,0,5.54,24.6,30.13,1331.445,4.3341,0.550207,33.9,1331.445,443.815,0.73,2.3,0.163,44.19,14.0,3.64,18.4,0.19,7.61,yolo,21.9,0.29,0,12.3,41.0,1140.3,141.0,1,100.0
2026-06-09 10:48:59,2280,rgb,2,person|person|bottle,0.665,0,6.12,27.0,33.12,1459.598,4.7513,0.559105,33.9,1459.598,729.799,0.63,1.4,0.108,44.07,14.06,3.63,18.51,0.19,7.32,yolo,20.8,0.52,0,13.6,45.0,1140.3,141.0,1,100.0
2026-06-09 10:49:00,2304,rgb,3,horse|person|person|person|elephant,0.685,0,6.12,27.0,33.12,1432.44,4.6629,0.568845,33.9,1432.44,477.48,0.65,2.1,0.174,43.25,14.64,3.58,17.27,0.17,7.21,yolo,21.6,0.35,0,13.6,45.0,1140.3,141.0,1,66.7
2026-06-09 10:49:01,2333,rgb,3,horse|person|person|person|bottle,0.594,0,5.0,13.8,18.8,720.792,2.3463,0.575885,33.9,720.792,240.264,1.25,4.2,0.218,38.34,13.14,3.62,13.73,0.19,7.25,yolo,23.4,0.73,0,11.1,23.0,1140.3,141.0,1,100.0
2026-06-09 10:49:02,2358,rgb,4,person|person|bottle,0.656,0,6.44,13.8,20.23,719.581,2.3424,0.580896,33.9,719.581,179.895,1.37,5.6,0.333,35.57,11.73,3.76,12.03,0.22,7.42,yolo,27.8,1.98,0,14.3,23.0,1140.3,141.0,1,75.0
2026-06-09 10:49:03,2380,rgb,3,person|bottle,0.648,0,6.16,16.2,22.37,868.851,2.8283,0.585741,33.9,868.851,289.617,1.09,3.5,0.204,38.84,12.07,3.87,14.68,0.22,7.58,yolo,24.4,1.58,0,13.7,27.0,1140.3,141.0,1,100.0
2026-06-09 10:49:04,2404,rgb,4,person|person|bottle,0.641,0,8.23,27.0,35.23,1455.704,4.7386,0.592529,35.23,1455.704,363.926,0.59,2.7,0.248,41.32,12.89,3.89,16.12,0.22,7.79,yolo,20.7,1.68,0,18.3,45.0,1140.3,141.0,1,75.0
2026-06-09 10:49:05,2432,rgb,2,person|person|bottle,0.658,0,8.05,13.8,21.86,816.471,2.6578,0.602876,35.23,816.471,408.236,1.21,2.4,0.15,37.35,10.98,4.15,13.29,0.22,8.28,yolo,26.5,2.78,0,17.9,23.0,1140.3,141.0,1,100.0
2026-06-09 10:49:06,2457,rgb,3,person|person|bottle,0.705,0,8.05,13.8,21.86,804.667,2.6194,0.608384,35.23,804.667,268.222,1.21,3.7,0.23,36.81,10.22,4.33,13.02,0.24,8.54,yolo,26.5,0.0,0,17.9,23.0,1140.3,141.0,1,100.0
2026-06-09 10:49:07,2478,rgb,3,person|bottle,0.705,0,10.8,16.2,27.0,1092.15,3.5552,0.614349,35.23,1092.15,364.05,0.76,2.7,0.191,40.45,11.08,4.36,15.69,0.24,8.62,yolo,20.6,2.51,0,24.0,27.0,1141.4,141.0,1,100.0
2026-06-09 10:49:08,2503,rgb,3,person|person|bottle,0.647,0,10.57,13.2,23.77,985.98,3.2096,0.621651,35.23,985.98,328.66,0.94,3.0,0.184,41.48,11.44,4.37,16.27,0.26,8.65,yolo,22.4,0.84,0,23.5,22.0,1141.4,141.0,1,100.0
2026-06-09 10:49:09,2532,rgb,3,person|person|backpack|person|bottle,0.602,0,8.19,13.8,21.99,796.038,2.5913,0.628834,35.23,796.038,265.346,1.26,3.8,0.244,36.2,11.07,4.08,12.3,0.25,8.04,yolo,27.8,2.62,0,18.2,23.0,1141.4,141.0,1,100.0
2026-06-09 10:49:10,2555,rgb,3,person|bottle,0.635,0,8.28,26.4,34.68,1269.635,4.1329,0.634619,35.23,1269.635,423.212,0.74,2.4,0.236,36.61,11.33,4.01,12.73,0.24,7.85,yolo,25.6,1.05,0,18.4,44.0,1141.4,141.0,1,100.0
2026-06-09 10:49:11,2577,rgb,4,person|bottle,0.664,0,8.28,26.4,34.68,1421.186,4.6263,0.642859,35.23,1421.186,355.296,0.6,2.8,0.256,40.98,13.06,3.9,15.6,0.24,7.75,yolo,20.9,2.09,0,18.4,44.0,1141.4,141.0,1,100.0
2026-06-09 10:49:12,2598,rgb,4,backpack|person|bottle|person|person|bottle,0.615,0,7.83,22.8,30.63,1363.954,4.44,0.650609,35.23,1363.954,340.988,0.68,2.9,0.226,44.53,14.48,3.91,17.7,0.25,7.78,yolo,20.9,0.0,0,17.4,38.0,1141.4,141.0,1,100.0
2026-06-09 10:49:13,2621,rgb,3,backpack|person|bottle|person|person|bottle,0.606,0,8.15,19.8,27.95,1228.962,4.0005,0.658885,35.23,1228.962,409.654,0.8,2.4,0.169,43.97,14.16,3.81,17.72,0.23,7.65,yolo,22.2,0.62,0,18.1,33.0,1141.4,141.0,1,100.0
2026-06-09 10:49:15,2645,rgb,3,backpack|person|bottle|couch|person|bottle|person|person|bottle,0.646,0,7.38,10.2,17.58,734.668,2.3915,0.666246,35.23,734.668,244.889,1.28,4.1,0.183,41.79,13.49,3.83,16.38,0.21,7.53,yolo,22.5,0.14,0,16.4,17.0,1141.4,141.0,1,100.0
2026-06-09 10:49:16,2673,rgb,3,person|person|bottle,0.658,0,8.19,13.8,21.99,810.112,2.6371,0.671768,35.23,810.112,270.037,1.22,3.7,0.236,36.84,12.42,3.81,12.69,0.2,7.41,yolo,26.8,2.1,0,18.2,23.0,1141.4,141.0,1,100.0
2026-06-09 10:49:17,2698,rgb,2,person|person|bottle,0.624,0,8.19,13.8,21.99,803.075,2.6142,0.677255,35.23,803.075,401.538,1.22,2.5,0.155,36.52,12.07,3.79,12.88,0.22,7.26,yolo,26.8,0.0,0,18.2,23.0,1141.4,141.0,1,100.0
2026-06-09 10:49:18,2720,rgb,3,couch|person|person|person|bottle,0.617,0,8.1,21.0,29.1,1170.984,3.8118,0.684016,35.23,1170.984,390.328,0.71,2.6,0.191,40.24,13.16,3.71,15.69,0.23,7.17,yolo,20.7,2.84,0,18.0,35.0,1141.4,141.0,1,100.0
2026-06-09 10:49:19,2742,rgb,3,couch|person|bottle|person|person|bottle,0.624,0,7.38,13.2,20.58,895.847,2.9162,0.690196,35.23,895.847,298.616,1.09,3.3,0.166,43.53,14.19,3.66,18.03,0.21,7.16,yolo,22.4,0.84,0,16.4,22.0,1141.4,141.0,1,100.0
2026-06-09 10:49:20,2766,rgb,2,person|person|bottle,0.668,0,7.16,25.2,32.35,1361.612,4.4323,0.697106,35.23,1361.612,680.806,0.69,1.5,0.123,42.09,14.32,3.73,16.25,0.21,7.26,yolo,22.5,0.05,0,15.9,42.0,1141.4,141.0,1,100.0
2026-06-09 10:49:21,2795,rgb,3,person|person|bottle|person|backpack,0.686,0,8.15,14.4,22.55,843.37,2.7453,0.706786,35.23,843.37,281.123,1.19,3.6,0.232,37.4,12.67,3.83,12.94,0.21,7.4,yolo,26.8,2.14,0,18.1,24.0,1141.4,141.0,1,100.0
2026-06-09 10:49:22,2820,rgb,2,backpack|person|bottle|person|person|backpack|person|bottle,0.648,0,7.38,27.6,34.98,1282.017,4.1732,0.71256,35.23,1282.017,641.009,0.77,1.6,0.157,36.65,12.16,3.86,12.75,0.22,7.31,yolo,26.8,0.0,0,16.4,46.0,1141.4,141.0,1,100.0
2026-06-09 10:49:23,2844,rgb,3,person|person|bottle,0.696,0,7.38,27.6,34.98,1420.888,4.6253,0.721523,35.23,1420.888,473.629,0.59,2.1,0.189,40.62,13.08,3.87,15.84,0.21,7.27,yolo,20.5,2.97,0,16.4,46.0,1141.4,141.0,1,100.0
2026-06-09 10:49:24,2865,rgb,3,laptop|person|person,0.693,0,7.65,24.6,32.25,1422.225,4.6296,0.729677,35.23,1422.225,474.075,0.67,2.1,0.167,44.1,14.37,3.89,17.97,0.21,7.3,yolo,21.7,0.54,0,17.0,41.0,1141.4,141.0,1,66.7
2026-06-09 10:49:25,2892,rgb,2,laptop|person|person,0.617,0,8.01,13.8,21.81,880.688,2.8668,0.738398,35.23,880.688,440.344,1.05,2.3,0.137,40.38,13.97,3.91,14.59,0.21,7.31,yolo,23.0,0.59,0,17.8,23.0,1141.4,141.0,1,100.0
2026-06-09 10:49:26,2920,rgb,2,cow|person|person,0.639,0,7.29,13.8,21.09,755.022,2.4578,0.74474,35.23,755.022,377.511,1.37,2.6,0.171,35.8,12.2,3.93,11.72,0.18,7.35,capture,28.8,2.78,0,16.2,23.0,1141.4,141.0,1,100.0
2026-06-09 10:49:27,2941,rgb,2,person,0.633,0,7.47,13.8,21.27,804.857,2.62,0.749223,35.23,804.857,402.428,1.1,2.5,0.151,37.84,12.77,3.88,13.25,0.17,7.36,yolo,23.5,2.5,0,16.6,23.0,1141.4,141.0,1,100.0
2026-06-09 10:49:28,2970,rgb,2,person|cat|person,0.603,0,8.37,13.8,22.17,827.163,2.6926,0.755639,35.23,827.163,413.582,1.15,2.4,0.147,37.31,11.72,3.94,13.56,0.19,7.54,yolo,25.5,0.99,0,18.6,23.0,1141.4,141.0,1,100.0
2026-06-09 10:49:29,2997,rgb,2,horse|person|person|cat|person,0.58,0,8.37,13.8,22.17,779.941,2.5389,0.761662,35.23,779.941,389.971,1.21,2.6,0.166,35.18,11.15,3.99,12.04,0.18,7.49,yolo,26.9,0.69,0,18.6,23.0,1141.4,141.0,1,0.0
2026-06-09 10:49:30,3019,rgb,3,person|cat|person,0.594,0,7.38,13.8,21.18,812.677,2.6454,0.766444,35.23,812.677,270.892,1.06,3.7,0.217,38.37,12.62,3.91,13.84,0.18,7.47,yolo,22.5,2.12,0,16.4,23.0,1141.4,141.0,1,66.7
2026-06-09 10:49:31,3048,rgb,3,cell phone|person|remote|person|person,0.696,0,6.97,13.2,20.17,770.494,2.5081,0.77277,35.23,770.494,256.831,1.23,3.9,0.216,38.2,12.17,3.93,13.87,0.19,7.63,yolo,24.7,1.07,0,15.5,22.0,1141.4,141.0,1,100.0
2026-06-09 10:49:32,3074,rgb,3,person,0.648,0,7.33,13.8,21.14,749.624,2.4402,0.778211,35.23,749.624,249.875,1.34,4.0,0.249,35.46,10.95,3.89,12.03,0.24,7.93,yolo,28.3,1.79,0,16.3,23.0,1141.4,141.0,1,100.0
2026-06-09 10:49:33,3096,rgb,1,person,0.624,0,7.51,22.8,30.31,1178.756,3.8371,0.78368,35.23,1178.756,1178.756,0.74,0.8,0.067,38.89,11.91,3.8,14.84,0.24,7.72,yolo,22.5,2.85,0,16.7,38.0,1141.4,141.0,1,100.0
2026-06-09 10:49:34,3120,rgb,3,person|tie|person,0.61,0,7.79,27.0,34.79,1508.147,4.9093,0.792032,35.23,1508.147,502.716,0.65,2.0,0.169,43.35,13.66,3.88,17.71,0.18,7.59,yolo,22.6,0.05,0,17.3,45.0,1141.4,141.0,1,66.7
2026-06-09 10:49:35,3147,rgb,1,cat|cow|person|person|tie|person,0.564,0,7.79,27.0,34.79,1419.78,4.6217,0.803233,35.23,1419.78,1419.78,0.6,0.7,0.064,40.81,13.44,3.99,15.62,0.11,7.34,yolo,20.9,0.74,0,17.3,45.0,1141.4,141.0,1,100.0
2026-06-09 10:49:36,3176,rgb,0,person,0.573,0,8.28,13.2,21.48,773.065,2.5165,0.810194,35.23,773.065,773.065,1.25,0.0,0.0,35.99,11.96,4.07,11.96,0.08,7.59,capture,26.8,2.52,0,18.4,22.0,1141.4,141.0,1,100.0
2026-06-09 10:49:37,3198,rgb,1,person,0.572,0,7.79,13.8,21.59,786.524,2.5603,0.814833,35.23,786.524,786.524,1.22,1.3,0.081,36.43,11.73,4.06,12.3,0.04,8.0,yolo,26.4,0.18,0,17.3,23.0,1141.4,141.0,1,0.0
2026-06-09 10:49:38,3222,rgb,1,person,0.56,0,7.51,13.8,21.31,836.631,2.7234,0.820272,35.23,836.631,836.631,1.05,1.2,0.067,39.26,11.41,4.04,14.83,0.02,8.65,yolo,22.4,1.89,0,16.7,23.0,1141.4,141.0,1,0.0
2026-06-09 10:49:39,3251,rgb,2,person|tie|person,0.588,0,7.79,13.8,21.59,811.136,2.6404,0.82699,35.23,811.136,405.568,1.18,2.5,0.142,37.57,10.52,4.09,14.06,0.11,8.44,yolo,25.5,1.5,0,17.3,23.0,1141.4,141.0,1,100.0
2026-06-09 10:49:40,3276,rgb,2,person,0.688,0,8.23,13.8,22.04,762.584,2.4824,0.832325,35.23,762.584,381.292,1.31,2.6,0.171,34.6,10.3,4.04,11.68,0.19,8.0,yolo,28.8,1.64,0,18.3,23.0,1141.4,141.0,1,100.0
2026-06-09 10:49:41,3300,rgb,2,person,0.812,0,8.37,13.8,22.17,856.87,2.7893,0.837681,35.23,856.87,428.435,1.02,2.3,0.139,38.65,11.95,4.03,14.37,0.21,7.7,yolo,22.7,2.95,0,18.6,23.0,1141.4,141.0,1,100.0
2026-06-09 10:49:42,3324,rgb,2,person,0.885,0,8.37,13.8,22.17,946.216,3.0801,0.843661,35.23,946.216,473.108,0.99,2.1,0.116,42.68,13.07,3.98,17.28,0.2,7.77,yolo,21.9,0.36,0,18.6,23.0,1141.4,141.0,1,100.0
2026-06-09 10:49:43,3348,rgb,2,person,0.882,0,7.56,16.8,24.36,1021.902,3.3265,0.850545,35.23,1021.902,510.951,0.88,2.0,0.121,41.95,13.28,3.93,16.5,0.19,7.65,yolo,21.5,0.16,0,16.8,28.000000000000004,1141.4,141.0,1,100.0
2026-06-09 10:49:45,3377,rgb,2,person|wine glass|person,0.838,0,7.6,13.2,20.8,776.88,2.5289,0.857637,35.23,776.88,388.44,1.23,2.6,0.15,37.35,11.87,4.04,13.29,0.18,7.6,yolo,25.5,1.79,0,16.9,22.0,1141.4,141.0,1,100.0
2026-06-09 10:49:46,3402,rgb,2,person,0.832,0,7.74,13.8,21.54,764.239,2.4878,0.862864,35.23,764.239,382.12,1.34,2.6,0.166,35.48,11.28,4.0,12.06,0.17,7.61,yolo,28.8,1.54,0,17.2,23.0,1141.4,141.0,1,100.0
2026-06-09 10:49:47,3425,rgb,2,person,0.858,0,7.56,27.0,34.56,1348.186,4.3886,0.868865,35.23,1348.186,674.093,0.62,1.5,0.137,39.01,12.36,3.9,14.55,0.17,7.69,yolo,21.5,3.01,0,16.8,45.0,1141.4,141.0,1,100.0
2026-06-09 10:49:48,3447,rgb,2,person,0.861,0,7.56,27.0,34.56,1498.522,4.878,0.877579,35.23,1498.522,749.261,0.63,1.3,0.114,43.36,13.52,3.97,17.58,0.17,7.78,yolo,21.9,0.15,0,16.8,45.0,1141.4,141.0,1,100.0
2026-06-09 10:49:49,3476,rgb,2,person,0.871,0,9.04,25.2,34.24,1336.387,4.3502,0.889046,35.23,1336.387,668.193,0.63,1.5,0.136,39.03,12.77,3.71,14.76,0.17,7.3,yolo,21.7,0.07,0,20.1,42.0,1141.4,141.0,1,100.0
2026-06-09 10:49:50,3504,rgb,2,person|wine glass|person,0.834,0,8.41,13.8,22.21,766.467,2.495,0.895774,35.23,766.467,383.233,1.27,2.6,0.178,34.51,12.9,3.34,11.26,0.16,6.54,capture,28.1,2.24,0,18.7,23.0,1141.4,141.0,1,100.0
2026-06-09 10:49:51,3531,rgb,2,person|wine glass|person,0.739,0,5.45,14.4,19.84,704.32,2.2927,0.901037,35.23,704.32,352.16,1.38,2.8,0.145,35.5,11.93,3.2,13.82,0.17,6.09,yolo,27.4,0.27,0,12.1,24.0,1141.4,141.0,1,100.0
2026-06-09 10:49:52,3561,rgb,4,cell phone|person|person|car|person|cell phone|car|person,0.702,0,4.36,14.4,18.76,658.288,2.1429,0.906614,35.23,658.288,164.572,1.42,6.1,0.289,35.09,11.2,3.3,13.86,0.18,6.23,yolo,26.6,0.3,0,9.7,24.0,1141.4,141.0,1,75.0
2026-06-09 10:49:53,3587,rgb,2,cell phone|person|person|cell phone|car|person,0.591,0,5.04,14.4,19.44,688.565,2.2414,0.911429,35.23,688.565,344.283,1.47,2.9,0.164,35.42,12.66,3.46,12.16,0.2,6.57,capture,28.6,0.72,0,11.2,24.0,1141.5,141.0,1,100.0
2026-06-09 10:49:54,3608,rgb,2,cell phone|person|person,0.592,0,4.81,21.0,25.81,1005.558,3.2733,0.916258,35.23,1005.558,502.779,0.92,2.0,0.138,38.96,13.13,3.67,14.48,0.21,7.08,yolo,23.8,1.41,0,10.7,35.0,1141.4,141.0,1,100.0
2026-06-09 10:49:55,3630,rgb,3,cell phone|person|person,0.699,0,7.11,25.2,32.31,1388.038,4.5184,0.922832,35.23,1388.038,462.679,0.65,2.2,0.171,42.96,13.79,3.7,17.56,0.22,7.32,yolo,20.9,0.83,0,15.8,42.0,1141.4,141.0,1,66.7
2026-06-09 10:49:56,3652,rgb,2,cell phone|person|person,0.689,0,7.11,25.2,32.31,1469.459,4.7834,0.931539,35.23,1469.459,734.73,0.64,1.4,0.101,45.48,14.11,3.67,19.78,0.2,7.36,yolo,20.8,0.02,0,15.8,42.0,1141.4,141.0,1,100.0
2026-06-09 10:49:57,3673,rgb,2,person,0.733,0,4.77,14.4,19.17,869.743,2.8312,0.937779,35.23,869.743,434.872,1.08,2.3,0.103,45.37,14.65,3.58,19.33,0.19,7.27,yolo,20.8,0.0,0,10.6,24.0,1141.5,141.0,1,100.0
2026-06-09 10:49:58,3699,rgb,2,cell phone|person|chair|person|person,0.785,0,4.77,13.8,18.57,785.325,2.5564,0.94385,35.23,785.325,392.663,1.08,2.5,0.12,42.29,14.33,3.61,16.69,0.17,7.15,yolo,20.1,0.13,0,10.6,23.0,1141.5,141.0,1,100.0
2026-06-09 10:49:59,3728,rgb,3,cell phone|person|person|handbag|person,0.808,0,6.34,13.8,20.14,726.45,2.3647,0.949823,35.23,726.45,242.15,1.27,4.1,0.248,36.07,12.73,3.69,12.1,0.17,7.04,capture,25.7,1.42,0,14.1,23.0,1141.5,141.0,1,100.0
2026-06-09 10:50:00,3750,rgb,3,cell phone|person|horse|person|elephant|person|person|elephant,0.783,0,5.99,16.2,22.19,821.03,2.6726,0.954252,35.23,821.03,273.677,1.29,3.7,0.232,37.0,12.81,3.73,12.91,0.18,7.04,yolo,28.7,0.86,0,13.3,27.0,1141.5,141.0,1,100.0
2026-06-09 10:50:01,3774,rgb,4,horse|person|elephant|person|handbag|cup|person|handbag|person|cup|person,0.748,0,5.99,16.2,22.19,904.908,2.9457,0.959978,35.23,904.908,226.227,0.94,4.4,0.253,40.78,13.8,3.64,15.79,0.18,7.05,yolo,20.8,1.58,0,13.3,27.0,1141.5,141.0,1,75.0
2026-06-09 10:50:02,3803,rgb,3,chair|person|person|handbag|couch|person|person,0.723,0,5.17,27.0,32.17,1246.909,4.0589,0.969897,35.23,1246.909,415.636,0.87,2.4,0.211,38.76,13.48,3.59,14.21,0.18,7.0,yolo,27.9,0.93,0,11.5,45.0,1141.5,141.0,1,66.7
2026-06-09 10:50:03,3828,rgb,2,person|elephant|person|handbag|person|elephant,0.748,0,4.91,13.8,18.71,667.947,2.1743,0.975526,35.23,667.947,333.974,1.49,3.0,0.171,35.7,12.95,3.58,11.71,0.18,6.99,capture,27.9,0.0,0,10.9,23.0,1141.5,141.0,1,100.0
2026-06-09 10:50:04,3852,rgb,3,teddy bear|person|horse|person|elephant|person|person|elephant,0.719,0,4.72,26.4,31.12,1152.374,3.7512,0.981712,35.23,1152.374,384.125,0.72,2.6,0.214,37.03,12.06,3.55,13.99,0.19,6.99,yolo,22.4,0.64,0,10.5,44.0,1141.5,141.0,1,66.7
2026-06-09 10:50:05,3879,rgb,2,cow|person|horse|person|person|teddy bear|person,0.647,0,5.31,26.4,31.71,1189.759,3.8729,0.990572,35.23,1189.759,594.88,0.84,1.7,0.127,37.52,10.72,3.57,15.76,0.17,7.05,yolo,26.6,0.79,0,11.8,44.0,1141.5,141.0,1,50.0
2026-06-09 10:50:06,3906,rgb,3,cow|person|person|handbag|horse|person|person,0.662,0,5.08,13.8,18.89,643.393,2.0944,0.998233,35.23,643.393,214.464,1.37,4.7,0.234,34.06,10.09,3.68,12.81,0.14,7.05,yolo,25.9,0.13,0,11.3,23.0,1141.5,141.0,1,100.0
2026-06-09 10:50:07,3930,rgb,2,cell phone|person|person|handbag|person,0.658,0,5.45,28.2,33.64,1209.358,3.9367,1.002693,35.23,1209.358,604.679,0.77,1.7,0.16,35.95,12.13,3.66,12.47,0.16,7.23,yolo,25.9,0.0,0,12.1,47.0,1141.5,141.0,1,100.0
2026-06-09 10:50:08,3954,rgb,2,cell phone|person|remote|person|person,0.599,0,5.45,28.2,33.64,1343.918,4.3747,1.01126,35.23,1343.918,671.959,0.67,1.5,0.13,39.95,13.1,3.58,15.35,0.18,7.47,yolo,22.4,0.32,0,12.1,47.0,1141.5,141.0,1,100.0
2026-06-09 10:50:09,3982,rgb,1,person,0.616,0,5.76,27.0,32.76,1275.674,4.1526,1.021469,35.23,1275.674,1275.674,0.85,0.8,0.07,38.94,13.1,3.56,14.36,0.17,7.49,yolo,28.0,1.04,0,12.8,45.0,1141.5,141.0,1,100.0
2026-06-09 10:50:10,4008,rgb,2,person|handbag|person,0.67,0,5.85,13.8,19.65,686.964,2.2362,1.027626,35.23,686.964,343.482,1.3,2.9,0.171,34.96,11.68,3.66,11.73,0.15,7.47,yolo,25.5,0.48,0,13.0,23.0,1141.5,141.0,1,100.0
2026-06-09 10:50:11,4031,rgb,2,person,0.689,0,4.95,19.2,24.15,909.489,2.9606,1.032688,35.23,909.489,454.745,0.94,2.2,0.146,37.66,12.34,3.68,13.66,0.13,7.58,yolo,22.6,0.59,0,11.0,32.0,1141.5,141.0,1,100.0
2026-06-09 10:50:12,4052,rgb,2,cell phone|person|person|cell phone|person|remote,0.65,0,4.95,25.2,30.15,1248.813,4.0651,1.0385,35.23,1248.813,624.407,0.7,1.6,0.123,41.42,13.47,3.64,16.27,0.15,7.62,yolo,21.0,0.34,0,11.0,42.0,1141.5,141.0,1,100.0
2026-06-09 10:50:13,4076,rgb,3,remote|person|person,0.57,0,4.95,25.2,30.15,1300.972,4.2349,1.047169,35.23,1300.972,433.657,0.78,2.3,0.176,43.15,14.47,3.61,17.03,0.17,7.6,yolo,23.6,0.52,0,11.0,42.0,1141.5,141.0,1,66.7
2026-06-09 10:50:14,4104,rgb,2,cell phone|person|person,0.526,0,4.54,13.8,18.34,695.636,2.2644,1.053361,35.23,695.636,347.818,1.47,2.9,0.15,37.93,13.11,3.6,13.31,0.17,7.46,yolo,26.9,0.61,0,10.1,23.0,1141.5,141.0,1,100.0
2026-06-09 10:50:15,4129,rgb,2,person,0.564,0,5.45,13.8,19.25,685.685,2.232,1.05815,35.23,685.685,342.842,1.29,2.9,0.168,35.62,12.27,3.61,11.87,0.17,7.44,capture,24.8,0.41,0,12.1,23.0,1141.5,141.0,1,100.0
2026-06-09 10:50:17,4152,rgb,3,remote|person|person,0.598,0,4.81,25.2,30.02,1154.869,3.7593,1.064222,35.23,1154.869,384.956,0.72,2.6,0.204,38.47,12.17,3.63,14.73,0.16,7.52,yolo,21.8,0.61,0,10.7,42.0,1141.5,141.0,1,100.0
2026-06-09 10:50:18,4182,rgb,2,person|tie|remote|person|person,0.594,0,5.62,13.8,19.43,724.545,2.3585,1.072305,35.23,724.545,362.272,1.46,2.8,0.141,37.29,11.52,3.62,14.22,0.17,7.48,yolo,28.4,1.18,0,12.5,23.0,1141.5,141.0,1,100.0
2026-06-09 10:50:19,4209,rgb,3,remote|person|person,0.655,0,4.54,13.8,18.34,622.643,2.0268,1.077307,35.23,622.643,207.548,1.43,4.8,0.256,33.95,10.74,3.59,11.73,0.17,7.44,yolo,26.2,0.42,0,10.1,23.0,1141.5,141.0,1,100.0
2026-06-09 10:50:20,4230,rgb,2,remote|person|person|keyboard|person,0.614,0,5.17,25.2,30.38,1159.908,3.7757,1.081297,35.23,1159.908,579.954,0.86,1.7,0.143,38.18,12.65,3.57,14.03,0.18,7.47,yolo,26.2,0.0,0,11.5,42.0,1141.5,141.0,1,100.0
2026-06-09 10:50:21,4254,rgb,2,person|handbag|person,0.627,0,5.17,25.2,30.38,1288.72,4.1951,1.089432,35.23,1288.72,644.36,0.72,1.6,0.117,42.42,13.81,3.58,17.09,0.18,7.52,yolo,22.0,0.16,0,11.5,42.0,1141.5,141.0,1,100.0
2026-06-09 10:50:22,4278,rgb,2,person|handbag|person,0.685,0,4.72,27.6,32.33,1375.318,4.4769,1.098706,35.23,1375.318,687.659,0.71,1.5,0.111,42.54,13.01,3.58,18.02,0.17,7.51,yolo,23.1,0.22,0,10.5,46.0,1141.5,141.0,1,100.0
2026-06-09 10:50:23,4308,rgb,2,person|handbag|person,0.705,0,5.0,13.8,18.8,689.96,2.246,1.106609,35.23,689.96,344.98,1.52,2.9,0.142,36.7,11.16,3.67,14.11,0.18,7.32,yolo,28.5,0.97,0,11.1,23.0,1141.5,141.0,1,100.0
2026-06-09 10:50:24,4335,rgb,2,person|handbag|person,0.705,0,4.95,13.2,18.15,613.833,1.9982,1.111371,35.23,613.833,306.916,1.44,3.3,0.173,33.82,11.03,3.66,11.53,0.18,7.16,yolo,26.1,0.45,0,11.0,22.0,1141.5,141.0,1,100.0
2026-06-09 10:50:25,4359,rgb,2,person|handbag|person,0.677,0,7.2,26.4,33.6,1266.048,4.1212,1.117336,35.23,1266.048,633.024,0.68,1.6,0.142,37.68,12.44,3.66,14.04,0.18,7.1,yolo,22.9,0.88,0,16.0,44.0,1141.5,141.0,1,100.0
2026-06-09 10:50:26,4383,rgb,3,person|handbag|person,0.644,0,5.76,27.0,32.76,1331.366,4.3339,1.126179,35.23,1331.366,443.789,0.67,2.3,0.187,40.64,13.46,3.63,16.07,0.19,7.04,yolo,22.1,0.26,0,12.8,45.0,1141.5,141.0,1,100.0
2026-06-09 10:50:27,4411,rgb,3,person|handbag,0.668,0,5.36,13.8,19.16,707.77,2.3039,1.135881,35.23,707.77,235.923,1.44,4.2,0.225,36.94,12.66,3.63,13.32,0.2,6.88,yolo,27.6,1.02,0,11.9,23.0,1141.5,141.0,1,100.0
2026-06-09 10:50:28,4437,rgb,2,person|handbag|person,0.724,0,5.36,13.8,19.16,682.671,2.2222,1.140819,35.23,682.671,341.336,1.31,2.9,0.162,35.63,12.25,3.65,12.36,0.2,6.9,yolo,25.2,0.46,0,11.9,23.0,1141.5,141.0,1,100.0
2026-06-09 10:50:29,4458,rgb,2,person,0.757,0,5.22,26.4,31.62,1249.622,4.0678,1.147482,35.23,1249.622,624.811,0.66,1.6,0.133,39.52,13.38,3.6,14.99,0.21,7.06,yolo,20.8,0.94,0,11.6,44.0,1141.5,141.0,1,100.0
2026-06-09 10:50:30,4479,rgb,1,cow|person|person,0.764,0,4.95,22.8,27.75,1203.795,3.9186,1.154656,35.23,1203.795,1203.795,0.75,0.8,0.057,43.38,14.63,3.61,17.48,0.18,7.19,yolo,20.9,0.02,0,11.0,38.0,1141.5,141.0,1,100.0
2026-06-09 10:50:31,4500,rgb,2,person,0.749,0,4.64,19.8,24.44,1080.737,3.518,1.161749,35.23,1080.737,540.369,0.85,1.9,0.112,44.22,15.1,3.62,17.84,0.17,7.19,yolo,20.9,0.0,0,10.3,33.0,1141.5,141.0,1,100.0
2026-06-09 10:50:32,4524,rgb,2,dog|person|person,0.718,0,4.64,19.8,24.44,1081.47,3.5204,1.16895,35.23,1081.47,540.735,0.9,1.8,0.111,44.25,15.11,3.6,17.98,0.15,7.09,yolo,22.0,0.16,0,10.3,33.0,1141.5,141.0,1,100.0
2026-06-09 10:50:33,4545,rgb,2,person,0.649,0,4.14,16.8,20.94,926.595,3.0163,1.174567,35.23,926.595,463.298,1.0,2.2,0.111,44.25,15.01,3.59,18.07,0.16,7.1,yolo,20.9,0.23,0,9.2,28.000000000000004,1141.5,141.0,1,100.0
2026-06-09 10:50:34,4569,rgb,2,person|handbag|person,0.658,0,4.72,13.2,17.92,767.872,2.4996,1.180341,35.23,767.872,383.936,1.27,2.6,0.119,42.85,15.04,3.51,16.75,0.17,7.08,yolo,22.7,0.36,0,10.5,22.0,1141.5,141.0,1,100.0
2026-06-09 10:50:35,4598,rgb,2,person,0.69,0,4.68,13.8,18.48,696.142,2.2661,1.186193,35.23,696.142,348.071,1.56,2.9,0.151,37.67,13.37,3.55,13.25,0.18,7.05,capture,28.8,1.11,0,10.4,23.0,1141.5,141.0,1,100.0
2026-06-09 10:50:36,4622,rgb,2,dog|person|person|bird|person,0.675,0,5.45,28.2,33.64,1192.202,3.8809,1.191069,35.23,1192.202,596.101,0.71,1.7,0.168,35.44,12.33,3.65,11.89,0.18,7.07,capture,23.8,1.0,0,12.1,47.0,1141.5,141.0,1,100.0
2026-06-09 10:50:37,4644,rgb,3,person,0.663,0,5.45,28.2,33.64,1332.48,4.3375,1.198806,35.23,1332.48,444.16,0.64,2.3,0.203,39.61,13.52,3.63,14.79,0.18,7.17,yolo,21.4,0.5,0,12.1,47.0,1141.5,141.0,1,100.0
2026-06-09 10:50:38,4665,rgb,3,cell phone|person|cow|person|person|dog|person,0.618,0,4.68,23.4,28.08,1224.569,3.9862,1.205936,35.23,1224.569,408.19,0.74,2.4,0.173,43.61,14.9,3.58,17.35,0.19,7.26,yolo,20.9,0.11,0,10.4,39.0,1141.5,141.0,1,66.7
2026-06-09 10:50:39,4688,rgb,3,cow|person|person,0.524,0,5.04,20.4,25.44,1116.816,3.6355,1.213543,35.23,1116.816,372.272,0.89,2.7,0.17,43.9,14.93,3.55,17.66,0.19,7.25,yolo,22.6,0.35,0,11.2,34.0,1141.5,141.0,1,100.0
2026-06-09 10:50:40,4710,rgb,2,person,0.535,0,4.5,26.4,30.9,1327.773,4.3222,1.220413,35.23,1327.773,663.886,0.73,1.5,0.118,42.97,14.82,3.55,16.91,0.18,7.2,yolo,22.6,0.0,0,10.0,44.0,1141.5,141.0,1,100.0
2026-06-09 10:50:41,4740,rgb,2,person,0.687,0,4.81,13.8,18.62,704.208,2.2923,1.230641,35.23,704.208,352.104,1.15,2.8,0.149,37.82,13.29,3.61,13.39,0.18,7.07,yolo,21.5,0.0,0,10.7,23.0,1141.5,141.0,1,100.0
2026-06-09 10:50:42,4767,rgb,2,person,0.766,0,4.81,13.8,18.62,667.341,2.1723,1.235671,35.23,667.341,333.671,1.33,3.0,0.16,35.84,12.23,3.64,12.5,0.16,7.03,yolo,24.8,0.62,0,10.7,23.0,1141.5,141.0,1,100.0
2026-06-09 10:50:43,4788,rgb,2,person,0.735,0,5.45,21.6,27.04,1072.947,3.4927,1.241452,35.23,1072.947,536.473,0.77,1.9,0.131,39.68,13.32,3.62,15.21,0.16,7.09,yolo,20.8,0.85,0,12.1,36.0,1141.5,141.0,1,100.0
2026-06-09 10:50:44,4809,rgb,3,cell phone|person|person,0.715,0,4.95,25.2,30.15,1313.032,4.2742,1.248386,35.23,1313.032,437.677,0.69,2.3,0.166,43.55,14.32,3.57,18.04,0.16,7.17,yolo,20.8,0.0,0,11.0,42.0,1141.5,141.0,1,100.0
2026-06-09 10:50:45,4830,rgb,2,cell phone|person|person,0.715,0,5.13,27.6,32.73,1450.594,4.722,1.256197,35.23,1450.594,725.297,0.64,1.4,0.108,44.32,14.69,3.55,18.48,0.17,7.17,yolo,20.8,0.0,0,11.4,46.0,1141.5,141.0,1,100.0
2026-06-09 10:50:46,4855,rgb,2,person,0.694,0,5.13,27.6,32.73,1411.318,4.5941,1.266191,35.23,1411.318,705.659,0.65,1.4,0.111,43.12,14.0,3.56,17.99,0.17,7.15,yolo,21.3,0.0,0,11.4,46.0,1141.5,141.0,1,100.0
2026-06-09 10:50:47,4883,rgb,2,person,0.652,0,5.36,27.0,32.36,1237.446,4.0281,1.276433,35.23,1237.446,618.723,0.76,1.6,0.137,38.24,12.62,3.55,14.55,0.17,7.11,yolo,24.7,0.0,0,11.9,45.0,1141.5,141.0,1,100.0
2026-06-09 10:50:49,4911,rgb,2,person,0.691,0,4.91,13.8,18.71,645.121,2.1,1.282477,35.23,645.121,322.56,1.44,3.1,0.174,34.48,11.9,3.59,11.51,0.17,7.07,capture,27.0,0.07,0,10.9,23.0,1141.5,141.0,1,100.0
2026-06-09 10:50:50,4932,rgb,2,person,0.734,0,5.71,25.8,31.52,1186.728,3.863,1.288058,35.23,1186.728,593.364,0.66,1.7,0.147,37.65,12.94,3.6,13.62,0.17,7.09,yolo,20.8,1.32,0,12.7,43.0,1141.5,141.0,1,100.0
2026-06-09 10:50:51,4953,rgb,2,person,0.717,0,4.59,22.2,26.79,1112.321,3.6208,1.29511,35.23,1112.321,556.16,0.78,1.8,0.123,41.52,14.03,3.63,16.28,0.16,7.18,yolo,20.8,0.0,0,10.2,37.0,1141.5,141.0,1,100.0
2026-06-09 10:50:52,4977,rgb,2,person,0.692,0,4.59,22.2,26.79,1192.423,3.8816,1.30288,35.23,1192.423,596.212,0.8,1.7,0.11,44.51,15.17,3.53,18.16,0.16,7.24,yolo,21.5,0.04,0,10.2,37.0,1141.5,141.0,1,100.0
2026-06-09 10:50:53,4998,rgb,2,person,0.678,0,4.68,19.2,23.88,1059.556,3.4491,1.309139,35.23,1059.556,529.778,0.87,1.9,0.108,44.37,14.61,3.53,18.57,0.17,7.23,yolo,20.9,0.13,0,10.4,32.0,1141.5,141.0,1,100.0
2026-06-09 10:50:54,5019,rgb,2,person,0.719,0,5.22,16.2,21.42,951.262,3.0966,1.315017,35.23,951.262,475.631,0.97,2.1,0.108,44.41,14.62,3.59,18.49,0.18,7.29,yolo,20.8,0.02,0,11.6,27.0,1141.5,141.0,1,100.0
2026-06-09 10:50:55,5040,rgb,2,person,0.779,0,4.59,13.2,17.79,787.919,2.5648,1.320517,35.23,787.919,393.959,1.17,2.5,0.11,44.29,14.74,3.62,18.22,0.18,7.28,yolo,20.8,0.0,0,10.2,22.0,1141.5,141.0,1,100.0
2026-06-09 10:50:56,5070,rgb,2,person,0.774,0,4.68,13.8,18.48,722.014,2.3503,1.326727,35.23,722.014,361.007,1.56,2.8,0.143,39.07,13.88,3.64,13.99,0.17,7.14,yolo,28.8,1.29,0,10.4,23.0,1141.5,141.0,1,100.0
2026-06-09 10:50:57,5099,rgb,2,person,0.764,0,4.68,13.8,18.48,651.974,2.1223,1.332156,35.23,651.974,325.987,1.37,3.1,0.168,35.28,12.37,3.61,11.9,0.16,6.98,capture,25.3,1.07,0,10.4,23.0,1141.5,141.0,1,100.0
2026-06-09 10:50:58,5120,rgb,3,person,0.739,0,5.49,15.6,21.09,817.027,2.6596,1.336699,35.23,817.027,272.342,0.99,3.7,0.213,38.74,13.64,3.58,14.07,0.17,7.01,yolo,21.0,1.5,0,12.2,26.0,1141.5,141.0,1,66.7
2026-06-09 10:50:59,5141,rgb,5,chair|person|person|handbag|person,0.781,0,5.36,18.6,23.96,1028.363,3.3475,1.342142,35.23,1028.363,205.673,0.87,4.9,0.297,42.92,14.91,3.56,16.86,0.19,7.12,yolo,20.7,0.1,0,11.9,31.0,1141.5,141.0,1,80.0
2026-06-09 10:51:00,5162,rgb,2,horse|person|person,0.727,0,4.64,22.8,27.44,1218.61,3.9668,1.348462,35.23,1218.61,609.305,0.78,1.6,0.111,44.41,15.28,3.55,17.94,0.19,7.16,yolo,21.4,0.21,0,10.3,38.0,1141.5,141.0,1,100.0
2026-06-09 10:51:01,5184,rgb,3,horse|person|handbag|person|handbag|person,0.653,0,4.64,22.8,27.44,1221.354,3.9758,1.355915,35.23,1221.354,407.118,0.79,2.5,0.165,44.51,15.02,3.55,18.22,0.23,7.21,yolo,21.8,0.08,0,10.3,38.0,1141.5,141.0,1,66.7
2026-06-09 10:51:02,5205,rgb,4,cow|person|horse|person|person,0.622,0,4.59,26.4,30.99,1366.349,4.4478,1.363692,35.23,1366.349,341.587,0.68,2.9,0.221,44.09,14.84,3.5,18.08,0.21,7.19,yolo,21.0,0.17,0,10.2,44.0,1141.5,141.0,1,75.0
2026-06-09 10:51:03,5229,rgb,2,cow|person|person|person|elephant,0.628,0,4.86,27.0,31.86,1343.218,4.3725,1.372832,35.23,1343.218,671.609,0.74,1.5,0.122,42.16,14.46,3.51,16.43,0.24,7.22,yolo,23.6,0.52,0,10.8,45.0,1141.5,141.0,1,50.0
2026-06-09 10:51:04,5258,rgb,2,cow|cow|person|suitcase|cow|person|person|person|elephant,0.698,0,5.71,13.8,19.52,725.754,2.3625,1.381818,35.23,725.754,362.877,1.48,2.8,0.154,37.18,12.98,3.57,12.95,0.22,7.15,capture,28.9,0.97,0,12.7,23.0,1141.5,141.0,1,50.0
2026-06-09 10:51:05,5280,rgb,4,person|person|elephant,0.68,0,5.22,15.0,20.22,725.696,2.3623,1.3861,35.23,725.696,181.424,1.43,5.5,0.322,35.89,12.07,3.62,12.41,0.24,7.21,yolo,28.9,0.0,0,11.6,25.0,1141.5,141.0,1,75.0
2026-06-09 10:51:06,5305,rgb,6,boat|person|person|suitcase|person,0.718,0,5.22,15.0,20.22,797.072,2.5946,1.39138,35.23,797.072,132.845,1.17,7.5,0.402,39.42,13.11,3.59,14.94,0.26,7.2,yolo,23.7,0.25,0,11.6,25.0,1141.5,141.0,1,83.3
2026-06-09 10:51:07,5333,rgb,3,person|suitcase|person,0.749,0,5.36,14.4,19.75,753.858,2.454,1.397422,35.23,753.858,251.286,1.2,4.0,0.209,38.17,12.37,3.63,14.32,0.26,7.29,yolo,23.7,0.0,0,11.9,24.0,1141.5,141.0,1,100.0
2026-06-09 10:51:08,5358,rgb,4,person,0.788,0,5.94,14.4,20.34,724.104,2.3571,1.402522,35.23,724.104,181.026,1.35,5.5,0.325,35.6,11.85,3.61,12.3,0.24,7.31,yolo,27.4,0.0,0,13.2,24.0,1141.5,141.0,1,100.0
2026-06-09 10:51:09,5381,rgb,3,laptop|person|person,0.698,0,5.54,27.6,33.14,1266.942,4.1242,1.408922,35.23,1266.942,422.314,0.78,2.4,0.214,38.23,12.71,3.66,14.03,0.24,7.29,yolo,25.7,0.35,0,12.3,46.0,1141.5,141.0,1,66.7
2026-06-09 10:51:10,5409,rgb,3,person,0.656,0,5.0,13.2,18.2,697.242,2.2697,1.417188,35.23,697.242,232.414,1.17,4.3,0.216,38.31,12.92,3.65,13.92,0.24,7.24,yolo,21.2,0.0,0,11.1,22.0,1141.5,141.0,1,100.0
2026-06-09 10:51:11,5436,rgb,3,chair|person|chair|tennis racket|person|person,0.679,0,5.67,14.4,20.07,704.457,2.2932,1.422268,35.23,704.457,234.819,1.2,4.3,0.254,35.1,11.86,3.64,11.81,0.24,7.2,capture,24.1,1.66,0,12.6,24.0,1141.5,141.0,1,100.0
2026-06-09 10:51:12,5460,rgb,4,person,0.719,0,5.13,27.0,32.13,1265.279,4.1187,1.427374,35.23,1265.279,316.32,0.7,3.2,0.27,39.38,13.16,3.56,14.83,0.24,7.25,yolo,22.3,0.36,0,11.4,45.0,1141.5,141.0,1,100.0
2026-06-09 10:51:13,5487,rgb,2,person|person|bottle,0.747,0,5.13,27.0,32.13,1320.543,4.2986,1.437199,35.23,1320.543,660.271,0.78,1.5,0.128,41.1,14.02,3.56,15.68,0.23,7.26,yolo,25.0,0.85,0,11.4,45.0,1141.5,141.0,1,100.0
2026-06-09 10:51:14,5516,rgb,3,couch|person|person|cat|person,0.738,0,5.04,13.8,18.84,679.936,2.2133,1.443361,35.23,679.936,226.645,1.45,4.4,0.249,36.09,12.84,3.55,12.05,0.2,7.12,capture,27.4,0.73,0,11.2,23.0,1141.6,141.0,1,66.7
2026-06-09 10:51:15,5538,rgb,5,person|handbag|person|cat|person,0.707,0,5.76,13.8,19.56,712.962,2.3208,1.447565,35.23,712.962,142.592,1.15,7.0,0.398,36.45,12.66,3.6,12.57,0.19,7.09,capture,22.6,1.0,0,12.8,23.0,1141.6,141.0,1,100.0
2026-06-09 10:51:16,5562,rgb,3,person|handbag|person|backpack|person,0.705,0,4.68,27.0,31.68,1234.253,4.0178,1.454256,35.23,1234.253,411.418,0.74,2.4,0.21,38.96,13.15,3.61,14.3,0.23,7.31,yolo,23.5,0.18,0,10.4,45.0,1141.6,141.0,1,100.0
2026-06-09 10:51:17,5591,rgb,4,person,0.743,0,4.41,14.4,18.81,699.92,2.2784,1.462472,35.23,699.92,174.98,1.53,5.7,0.302,37.21,12.24,3.58,13.26,0.28,7.43,yolo,28.8,0.97,0,9.8,24.0,1141.6,141.0,1,100.0
2026-06-09 10:51:18,5614,rgb,5,person,0.81,0,5.45,18.0,23.45,839.041,2.7313,1.467009,35.23,839.041,167.808,0.93,6.0,0.389,35.78,11.31,3.58,12.87,0.27,7.33,yolo,21.9,1.94,0,12.1,30.0,1141.6,141.0,1,100.0
2026-06-09 10:51:19,5637,rgb,5,person,0.748,0,5.45,18.0,23.45,941.987,3.0664,1.472702,35.23,941.987,188.397,0.96,5.3,0.314,40.17,12.58,3.57,15.94,0.28,7.37,yolo,22.4,0.1,0,12.1,30.0,1141.6,141.0,1,80.0
2026-06-09 10:51:20,5658,rgb,4,person,0.783,0,4.72,21.6,26.32,1160.975,3.7792,1.4791,35.23,1160.975,290.244,0.79,3.4,0.214,44.11,13.59,3.61,18.73,0.3,7.44,yolo,20.8,0.34,0,10.5,36.0,1141.6,141.0,1,100.0
2026-06-09 10:51:21,5679,rgb,3,person,0.815,0,5.49,25.8,31.29,1389.589,4.5234,1.486507,35.23,1389.589,463.196,0.67,2.2,0.161,44.41,14.03,3.59,18.59,0.27,7.49,yolo,20.9,0.02,0,12.2,43.0,1141.6,141.0,1,100.0
2026-06-09 10:51:22,5700,rgb,5,laptop|person|person,0.838,0,6.08,27.6,33.68,1493.034,4.8601,1.494632,35.23,1493.034,298.607,0.62,3.3,0.271,44.33,14.04,3.58,18.46,0.27,7.55,yolo,20.9,0.0,0,13.5,46.0,1141.6,141.0,1,80.0
2026-06-09 10:51:23,5727,rgb,4,laptop|person|person,0.713,0,6.08,27.6,33.68,1383.238,4.5027,1.505572,35.23,1383.238,345.81,0.63,2.9,0.245,41.07,13.0,3.59,16.3,0.28,7.48,yolo,21.2,0.0,0,13.5,46.0,1141.6,141.0,1,75.0
2026-06-09 10:51:24,5756,rgb,6,person,0.75,0,5.08,13.2,18.29,656.245,2.1362,1.511582,35.23,656.245,109.374,1.47,9.1,0.463,35.88,10.95,3.7,12.95,0.3,7.54,yolo,26.9,0.0,0,11.3,22.0,1141.7,141.0,1,83.3
2026-06-09 10:51:25,5778,rgb,4,person,0.699,0,7.6,14.4,22.0,796.4,2.5924,1.516185,35.23,796.4,199.1,1.25,5.0,0.304,36.2,11.01,3.7,13.16,0.31,7.59,yolo,27.4,0.0,0,16.9,24.0,1141.7,141.0,1,100.0
2026-06-09 10:51:26,5799,rgb,3,person,0.781,0,5.08,15.0,20.09,803.801,2.6165,1.520865,35.23,803.801,267.934,1.14,3.7,0.19,40.01,12.17,3.72,15.77,0.3,7.64,yolo,22.9,0.96,0,11.3,25.0,1141.7,141.0,1,100.0
2026-06-09 10:51:27,5823,rgb,3,person,0.831,0,5.22,13.8,19.02,803.024,2.614,1.526407,35.23,803.024,267.675,1.1,3.7,0.18,42.22,13.63,3.59,16.65,0.27,7.7,yolo,20.9,0.4,0,11.6,23.0,1141.6,141.0,1,100.0
2026-06-09 10:51:28,5852,rgb,3,person,0.819,0,5.71,13.8,19.52,725.949,2.3631,1.532488,35.23,725.949,241.983,1.21,4.1,0.229,37.19,12.18,3.62,13.11,0.23,7.71,yolo,23.6,0.49,0,12.7,23.0,1141.6,141.0,1,100.0
2026-06-09 10:51:29,5877,rgb,3,person,0.864,0,5.71,13.8,19.52,712.09,2.318,1.53735,35.23,712.09,237.363,1.22,4.2,0.231,36.48,11.47,3.76,12.96,0.24,7.74,yolo,23.9,0.61,0,12.7,23.0,1141.6,141.0,1,100.0
2026-06-09 10:51:30,5898,rgb,4,laptop|person|person,0.852,0,7.2,16.8,24.0,970.08,3.1578,1.542637,35.23,970.08,242.52,0.87,4.1,0.257,40.42,12.81,3.82,15.54,0.25,7.7,yolo,21.0,0.62,0,16.0,28.000000000000004,1141.6,141.0,1,100.0
2026-06-09 10:51:32,5919,rgb,3,laptop|person|person,0.792,0,6.61,19.8,26.41,1168.642,3.8042,1.548856,35.23,1168.642,389.547,0.79,2.6,0.163,44.25,13.65,3.81,18.42,0.26,7.81,yolo,20.8,0.04,0,14.7,33.0,1141.6,141.0,1,100.0
2026-06-09 10:51:33,5940,rgb,4,laptop|person|person,0.858,0,8.73,24.6,33.33,1484.851,4.8335,1.555791,35.23,1484.851,371.213,0.62,2.7,0.216,44.55,13.41,3.94,18.48,0.27,8.15,yolo,20.8,0.0,0,19.4,41.0,1141.6,141.0,1,100.0
2026-06-09 10:51:34,5964,rgb,4,laptop|person|person,0.757,0,8.73,24.6,33.33,1475.186,4.802,1.565651,35.23,1475.186,368.796,0.66,2.7,0.215,44.26,12.16,4.26,18.6,0.31,8.62,yolo,22.0,0.16,0,19.4,41.0,1141.6,141.0,1,100.0
2026-06-09 10:51:35,5985,rgb,3,laptop|person|person,0.735,0,9.18,26.4,35.58,1571.569,5.1158,1.574718,35.58,1571.569,523.856,0.59,1.9,0.161,44.17,11.61,4.5,18.62,0.35,8.81,yolo,20.8,0.26,0,20.4,44.0,1141.6,141.0,1,100.0
2026-06-09 10:51:36,6012,rgb,4,person,0.834,0,8.86,7.8,16.66,676.229,2.2013,1.583313,35.58,676.229,169.057,1.54,5.9,0.258,40.59,11.36,4.39,15.48,0.33,8.77,yolo,25.7,0.93,0,19.7,13.0,1141.6,141.0,1,100.0
2026-06-09 10:51:37,6040,rgb,3,person,0.856,0,10.26,15.6,25.86,932.77,3.0364,1.589284,35.58,932.77,310.923,1.07,3.2,0.236,36.07,10.14,4.18,12.69,0.31,8.49,yolo,27.6,0.35,0,22.8,26.0,1141.6,141.0,1,100.0
2026-06-09 10:51:38,6062,rgb,3,person,0.864,0,7.92,25.8,33.72,1265.174,4.1184,1.595294,35.58,1265.174,421.725,0.65,2.4,0.215,37.52,11.12,3.98,13.93,0.26,7.98,yolo,21.8,1.21,0,17.6,43.0,1141.6,141.0,1,100.0
2026-06-09 10:51:39,6084,rgb,3,person,0.914,0,7.92,25.8,33.72,1404.101,4.5706,1.603444,35.58,1404.101,468.034,0.64,2.1,0.179,41.64,12.88,3.83,16.74,0.22,7.73,yolo,21.5,0.06,0,17.6,43.0,1141.6,141.0,1,100.0
2026-06-09 10:51:40,6105,rgb,3,person,0.903,0,7.87,18.6,26.48,1169.092,3.8056,1.610566,35.58,1169.092,389.697,0.79,2.6,0.165,44.15,14.14,3.8,18.22,0.2,7.54,yolo,20.8,0.15,0,17.5,31.0,1141.6,141.0,1,100.0
2026-06-09 10:51:41,6126,rgb,3,person,0.894,0,7.65,22.8,30.45,1360.202,4.4277,1.617749,35.58,1360.202,453.401,0.68,2.2,0.164,44.67,14.65,3.73,18.34,0.21,7.51,yolo,20.8,0.0,0,17.0,38.0,1141.6,141.0,1,100.0
2026-06-09 10:51:42,6150,rgb,5,person,0.843,0,8.1,26.4,34.5,1540.08,5.0133,1.626862,35.58,1540.08,308.016,0.65,3.2,0.27,44.64,14.36,3.82,18.5,0.26,7.48,yolo,22.4,0.32,0,18.0,44.0,1141.6,141.0,1,100.0
2026-06-09 10:51:43,6174,rgb,5,person,0.804,0,8.1,26.4,34.5,1523.52,4.9594,1.637026,35.58,1523.52,304.704,0.66,3.3,0.27,44.16,13.97,3.8,18.5,0.26,7.42,yolo,22.6,0.06,0,18.0,44.0,1141.6,141.0,1,100.0
2026-06-09 10:51:44,6197,rgb,5,person,0.75,0,6.79,19.2,25.99,1134.464,3.6929,1.644822,35.58,1134.464,226.893,0.8,4.4,0.273,43.65,13.47,3.84,18.34,0.3,7.47,yolo,20.7,0.64,0,15.1,32.0,1141.6,141.0,1,100.0
2026-06-09 10:51:45,6221,rgb,5,person,0.756,0,8.05,13.2,21.25,890.8,2.8997,1.651635,35.58,890.8,178.16,1.1,5.6,0.294,41.92,13.08,3.79,17.0,0.29,7.5,yolo,23.4,0.89,0,17.9,22.0,1141.6,141.0,1,100.0
2026-06-09 10:51:46,6249,rgb,5,person,0.822,0,8.23,13.8,22.04,818.566,2.6646,1.658212,35.58,818.566,163.713,1.31,6.1,0.381,37.14,12.14,3.83,13.13,0.31,7.46,yolo,28.9,1.42,0,18.3,23.0,1141.6,141.0,1,100.0
2026-06-09 10:51:47,6275,rgb,5,person,0.811,0,7.83,23.4,31.23,1099.921,3.5805,1.66438,35.58,1099.921,219.984,0.78,4.5,0.407,35.22,11.22,3.81,12.27,0.31,7.36,yolo,24.3,1.47,0,17.4,39.0,1141.6,141.0,1,100.0
2026-06-09 10:51:48,6297,rgb,4,person,0.809,0,7.83,23.4,31.23,1234.21,4.0176,1.671527,35.58,1234.21,308.553,0.72,3.2,0.262,39.52,12.49,3.77,15.28,0.29,7.45,yolo,22.4,0.4,0,17.4,39.0,1141.6,141.0,1,100.0
2026-06-09 10:51:49,6325,rgb,4,person,0.833,0,7.56,27.0,34.56,1358.208,4.4212,1.682126,35.58,1358.208,339.552,0.81,2.9,0.266,39.3,12.5,3.8,15.02,0.29,7.44,yolo,27.9,1.02,0,16.8,45.0,1141.6,141.0,1,100.0
2026-06-09 10:51:50,6353,rgb,4,person,0.821,0,7.92,13.8,21.72,757.811,2.4668,1.68894,35.58,757.811,189.453,1.29,5.3,0.344,34.89,11.48,3.75,11.63,0.28,7.49,yolo,27.9,0.0,0,17.6,23.0,1141.6,141.0,1,100.0
2026-06-09 10:51:51,6375,rgb,4,person,0.802,0,7.6,24.6,32.2,1199.45,3.9045,1.695323,35.58,1199.45,299.863,0.65,3.3,0.29,37.25,11.67,3.76,13.79,0.27,7.5,yolo,20.9,1.46,0,16.9,41.0,1141.6,141.0,1,100.0
2026-06-09 10:51:52,6399,rgb,5,person,0.714,0,6.93,27.0,33.93,1363.647,4.439,1.703934,35.58,1363.647,272.729,0.67,3.7,0.319,40.19,12.64,3.77,15.69,0.3,7.54,yolo,22.8,0.38,0,15.4,45.0,1141.6,141.0,1,100.0
2026-06-09 10:51:53,6428,rgb,5,person,0.755,0,7.92,14.4,22.32,843.473,2.7457,1.71361,35.58,843.473,168.695,1.28,5.9,0.361,37.79,12.1,3.68,13.84,0.32,7.58,yolo,28.6,1.06,0,17.6,24.0,1141.7,141.0,1,100.0
2026-06-09 10:51:54,6453,rgb,6,person,0.704,0,7.43,16.2,23.63,839.81,2.7338,1.719242,35.58,839.81,139.968,1.0,7.1,0.466,35.54,10.88,3.69,12.87,0.35,7.49,yolo,23.5,1.0,0,16.5,27.0,1141.7,141.0,1,83.3
2026-06-09 10:51:55,6477,rgb,5,person,0.723,0,7.43,16.2,23.63,923.697,3.0068,1.725159,35.58,923.697,184.739,1.0,5.4,0.329,39.09,11.77,3.88,15.19,0.35,7.66,yolo,23.6,0.02,0,16.5,27.0,1141.7,141.0,1,100.0
2026-06-09 10:51:56,6506,rgb,5,person,0.793,0,9.36,27.0,36.36,1382.407,4.5,1.736289,36.36,1382.407,276.481,0.79,3.6,0.348,38.02,11.49,3.94,14.35,0.36,7.65,yolo,28.6,0.91,0,20.8,45.0,1141.7,141.0,1,100.0
2026-06-09 10:51:57,6532,rgb,5,person,0.821,0,7.92,13.8,21.72,757.811,2.4668,1.742408,36.36,757.811,151.562,1.19,6.6,0.419,34.89,11.01,3.78,11.92,0.38,7.56,yolo,25.8,0.54,0,17.6,23.0,1141.7,141.0,1,100.0
2026-06-09 10:51:58,6553,rgb,5,person,0.795,0,7.51,15.0,22.52,865.444,2.8172,1.74717,36.36,865.444,173.089,0.93,5.8,0.351,38.43,12.36,3.7,14.23,0.37,7.51,yolo,20.9,1.04,0,16.7,25.0,1141.7,141.0,1,100.0
2026-06-09 10:51:59,6575,rgb,6,person,0.751,0,7.65,18.0,25.65,1071.657,3.4885,1.752959,36.36,1071.657,178.609,0.85,5.6,0.358,41.78,13.24,3.77,16.76,0.34,7.4,yolo,21.9,0.21,0,17.0,30.0,1141.7,141.0,1,100.0
2026-06-09 10:52:00,6600,rgb,5,person,0.711,0,6.88,13.8,20.69,856.773,2.789,1.760531,36.36,856.773,171.355,1.2,5.8,0.309,41.41,13.42,3.82,16.17,0.33,7.41,yolo,24.8,0.57,0,15.3,23.0,1141.7,141.0,1,100.0
2026-06-09 10:52:01,6630,rgb,6,person,0.718,0,8.01,13.8,21.81,776.218,2.5268,1.767167,36.36,776.218,129.37,1.32,7.7,0.487,35.59,11.42,3.79,12.33,0.34,7.44,yolo,28.8,0.72,0,17.8,23.0,1141.7,141.0,1,100.0
2026-06-09 10:52:02,6654,rgb,4,person,0.745,0,8.01,13.8,21.81,791.267,2.5757,1.772295,36.36,791.267,197.817,1.03,5.1,0.308,36.28,11.58,3.69,12.99,0.33,7.41,yolo,22.5,1.26,0,17.8,23.0,1141.7,141.0,1,100.0
2026-06-09 10:52:03,6677,rgb,4,person,0.874,0,8.28,16.2,24.48,986.299,3.2106,1.778154,36.36,986.299,246.575,0.92,4.1,0.258,40.29,13.09,3.74,15.51,0.31,7.38,yolo,22.6,0.02,0,18.4,27.0,1141.7,141.0,1,100.0
2026-06-09 10:52:04,6702,rgb,5,person,0.864,0,7.25,26.4,33.64,1375.203,4.4766,1.786603,36.36,1375.203,275.041,0.71,3.6,0.322,40.88,13.47,3.79,15.55,0.31,7.51,yolo,24.0,0.27,0,16.1,44.0,1141.7,141.0,1,100.0
2026-06-09 10:52:05,6731,rgb,4,person,0.782,0,7.56,13.8,21.36,773.232,2.517,1.795501,36.36,773.232,193.308,1.34,5.2,0.331,36.2,12.22,3.82,12.09,0.31,7.51,capture,28.7,0.86,0,16.8,23.0,1141.7,141.0,1,100.0
2026-06-09 10:52:06,6753,rgb,5,person,0.848,0,8.6,25.2,33.8,1256.346,4.0897,1.800696,36.36,1256.346,251.269,0.61,4.0,0.387,37.17,12.29,3.84,12.93,0.3,7.54,yolo,20.7,1.67,0,19.1,42.0,1141.7,141.0,1,100.0
2026-06-09 10:52:08,6777,rgb,4,person,0.829,0,8.6,25.2,33.8,1407.094,4.5804,1.809569,36.36,1407.094,351.774,0.66,2.8,0.248,41.63,13.3,3.93,16.12,0.3,7.63,yolo,22.3,0.32,0,19.1,42.0,1141.7,141.0,1,100.0
2026-06-09 10:52:09,6800,rgb,4,person,0.836,0,7.96,21.6,29.56,1303.596,4.2435,1.81781,36.36,1303.596,325.899,0.77,3.1,0.224,44.1,13.96,3.91,17.88,0.3,7.65,yolo,22.6,0.06,0,17.7,36.0,1141.7,141.0,1,100.0
2026-06-09 10:52:10,6825,rgb,4,person,0.862,0,7.29,27.0,34.29,1405.89,4.5765,1.827552,36.36,1405.89,351.473,0.7,2.8,0.257,41.0,13.09,4.0,15.54,0.29,7.66,yolo,23.9,0.25,0,16.2,45.0,1141.7,141.0,1,100.0
2026-06-09 10:52:11,6854,rgb,5,laptop|person|person,0.802,0,8.82,13.8,22.62,823.594,2.681,1.836397,36.36,823.594,164.719,1.27,6.1,0.412,36.41,12.0,3.9,12.14,0.29,7.61,yolo,28.8,0.89,0,19.6,23.0,1141.7,141.0,1,100.0
2026-06-09 10:52:12,6876,rgb,4,laptop|person|person,0.71,0,7.79,18.0,25.79,946.235,3.0802,1.841596,36.36,946.235,236.559,0.83,4.2,0.304,36.69,11.51,3.75,13.16,0.31,7.5,yolo,21.3,1.56,0,17.3,30.0,1141.8,141.0,1,100.0
2026-06-09 10:52:13,6900,rgb,4,laptop|person|person,0.71,0,7.6,13.2,20.8,855.712,2.7855,1.848222,36.36,855.712,213.928,1.08,4.7,0.246,41.14,12.89,3.76,16.23,0.3,7.53,yolo,22.4,0.22,0,16.9,22.0,1141.8,141.0,1,100.0
2026-06-09 10:52:14,6930,rgb,5,laptop|person|person,0.729,0,7.16,13.8,20.96,801.72,2.6098,1.855197,36.36,801.72,160.344,1.36,6.2,0.351,38.25,12.22,3.81,14.24,0.29,7.33,yolo,28.5,1.09,0,15.9,23.0,1141.8,141.0,1,80.0
2026-06-09 10:52:15,6959,rgb,5,laptop|person,0.753,0,7.16,13.8,20.96,730.246,2.3771,1.861344,36.36,730.246,146.049,1.25,6.8,0.424,34.84,11.23,3.85,11.8,0.3,7.29,yolo,26.2,0.7,0,15.9,23.0,1141.8,141.0,1,100.0
2026-06-09 10:52:16,6981,rgb,6,laptop|person,0.706,0,7.79,22.8,30.59,1177.103,3.8317,1.868158,36.36,1177.103,196.184,0.73,5.1,0.412,38.48,12.06,3.77,14.56,0.29,7.45,yolo,22.4,1.09,0,17.3,38.0,1141.8,141.0,1,83.3
2026-06-09 10:52:17,7008,rgb,6,laptop|person,0.638,0,7.43,13.2,20.62,818.202,2.6634,1.875145,36.36,818.202,136.367,1.17,7.3,0.384,39.68,12.27,3.75,15.61,0.31,7.42,yolo,24.2,0.64,0,16.5,22.0,1141.8,141.0,1,100.0
2026-06-09 10:52:18,7037,rgb,6,laptop|person,0.656,0,8.1,13.8,21.9,785.553,2.5571,1.881697,36.36,785.553,130.925,1.31,7.6,0.487,35.87,11.78,3.77,12.33,0.34,7.35,yolo,28.7,1.55,0,18.0,23.0,1141.8,141.0,1,100.0
2026-06-09 10:52:19,7060,rgb,4,laptop|person|person,0.674,0,7.47,25.8,33.27,1206.038,3.9259,1.887852,36.36,1206.038,301.51,0.72,3.3,0.305,36.25,11.57,3.72,13.1,0.32,7.26,yolo,23.8,1.65,0,16.6,43.0,1141.8,141.0,1,75.0
2026-06-09 10:52:20,7081,rgb,6,laptop|person|person,0.632,0,7.29,27.0,34.29,1378.458,4.4872,1.895326,36.36,1378.458,229.743,0.62,4.4,0.382,40.2,13.02,3.63,15.71,0.31,7.26,yolo,21.3,0.73,0,16.2,45.0,1141.8,141.0,1,100.0
2026-06-09 10:52:21,7110,rgb,6,laptop|person|person,0.676,0,7.79,13.8,21.59,824.954,2.6854,1.906104,36.36,824.954,137.492,1.32,7.3,0.417,38.21,12.21,3.62,14.39,0.33,7.37,yolo,28.6,1.33,0,17.3,23.0,1141.8,141.0,1,100.0
2026-06-09 10:52:22,7139,rgb,7,laptop|person|person,0.711,0,7.79,13.8,21.59,746.582,2.4303,1.912393,36.36,746.582,106.655,1.2,9.4,0.594,34.58,11.06,3.72,11.79,0.36,7.33,yolo,26.0,0.79,0,17.3,23.0,1141.8,141.0,1,100.0
2026-06-09 10:52:23,7161,rgb,5,laptop|person,0.666,0,7.25,26.4,33.64,1293.458,4.2105,1.91987,36.36,1293.458,258.692,0.67,3.9,0.339,38.45,11.95,3.68,14.74,0.37,7.37,yolo,22.7,0.95,0,16.1,44.0,1141.8,141.0,1,100.0
2026-06-09 10:52:24,7188,rgb,6,laptop|person,0.698,0,8.01,27.0,35.01,1395.149,4.5415,1.930159,36.36,1395.149,232.525,0.69,4.3,0.381,39.85,12.28,3.68,15.73,0.34,7.46,yolo,24.0,0.46,0,17.8,45.0,1141.8,141.0,1,100.0
2026-06-09 10:52:25,7218,rgb,3,laptop|person|person,0.666,0,8.41,13.8,22.21,780.237,2.5398,1.938698,36.36,780.237,260.079,1.3,3.8,0.253,35.13,11.49,3.62,11.86,0.29,7.48,yolo,28.8,1.63,0,18.7,23.0,1141.8,141.0,1,66.7
2026-06-09 10:52:26,7241,rgb,3,person,0.695,0,8.5,18.6,27.11,986.804,3.2123,1.944243,36.36,986.804,328.935,0.83,3.0,0.233,36.4,11.84,3.61,12.89,0.27,7.42,yolo,22.5,2.12,0,18.9,31.0,1141.8,141.0,1,66.7
2026-06-09 10:52:27,7262,rgb,3,person,0.733,0,7.02,15.0,22.02,890.929,2.9002,1.950169,36.36,890.929,296.976,0.98,3.4,0.191,40.46,13.18,3.64,15.68,0.24,7.37,yolo,21.5,0.29,0,15.6,25.0,1141.8,141.0,1,100.0
2026-06-09 10:52:28,7284,rgb,4,person,0.705,0,7.02,15.0,22.02,974.165,3.1711,1.955933,36.36,974.165,243.541,1.01,4.1,0.226,44.24,14.92,3.7,17.73,0.23,7.36,yolo,22.1,0.12,0,15.6,25.0,1141.8,141.0,1,100.0
2026-06-09 10:52:29,7313,rgb,4,laptop|person|person,0.685,0,7.38,13.8,21.18,827.503,2.6937,1.963078,36.36,827.503,206.876,1.36,4.8,0.283,39.07,13.23,3.73,14.14,0.28,7.38,yolo,28.8,1.22,0,16.4,23.0,1141.8,141.0,1,75.0
2026-06-09 10:52:30,7338,rgb,5,person,0.73,0,7.65,13.8,21.45,769.626,2.5053,1.968558,36.36,769.626,153.925,1.13,6.5,0.418,35.88,12.11,3.77,11.95,0.29,7.46,capture,24.2,0.9,0,17.0,23.0,1141.8,141.0,1,100.0
2026-06-09 10:52:31,7359,rgb,4,laptop|person|person,0.726,0,7.29,15.6,22.89,890.879,2.9,1.97335,36.36,890.879,222.72,0.91,4.5,0.282,38.92,12.87,3.75,14.19,0.3,7.5,yolo,20.9,0.7,0,16.2,26.0,1141.8,141.0,1,100.0
2026-06-09 10:52:32,7381,rgb,4,laptop|person,0.746,0,7.92,18.6,26.52,1137.178,3.7018,1.979162,36.36,1137.178,284.295,0.82,3.5,0.239,42.88,14.33,3.77,16.73,0.29,7.49,yolo,21.6,0.15,0,17.6,31.0,1141.8,141.0,1,75.0
2026-06-09 10:52:33,7407,rgb,4,laptop|person,0.742,0,7.92,18.6,26.52,1114.636,3.6284,1.987469,36.36,1114.636,278.659,0.94,3.6,0.248,42.03,14.09,3.78,16.15,0.24,7.52,yolo,24.9,0.63,0,17.6,31.0,1141.8,141.0,1,100.0
2026-06-09 10:52:34,7436,rgb,4,laptop|person,0.763,0,7.83,13.2,21.03,777.269,2.5302,1.994284,36.36,777.269,194.317,1.36,5.1,0.312,36.96,12.34,3.79,12.8,0.25,7.54,yolo,28.7,0.69,0,17.4,22.0,1141.8,141.0,1,100.0
2026-06-09 10:52:35,7459,rgb,5,laptop|person,0.719,0,7.11,13.8,20.91,756.524,2.4626,1.999096,36.36,756.524,151.305,1.09,6.6,0.405,36.18,11.99,3.74,12.34,0.29,7.58,yolo,22.7,1.22,0,15.8,23.0,1141.8,141.0,1,100.0
2026-06-09 10:52:36,7481,rgb,5,laptop|person,0.668,0,7.65,23.4,31.05,1236.722,4.0258,2.005294,36.36,1236.722,247.344,0.71,4.0,0.329,39.83,12.92,3.71,15.18,0.31,7.46,yolo,21.9,0.17,0,17.0,39.0,1141.8,141.0,1,80.0
2026-06-09 10:52:37,7503,rgb,4,laptop|person,0.742,0,7.33,27.0,34.34,1478.337,4.8123,2.013405,36.36,1478.337,369.584,0.62,2.7,0.23,43.05,13.88,3.77,17.42,0.27,7.47,yolo,21.1,0.17,0,16.3,45.0,1141.8,141.0,1,100.0
2026-06-09 10:52:38,7532,rgb,4,laptop|person,0.754,0,7.56,13.8,21.36,814.67,2.6519,2.024203,36.36,814.67,203.667,1.35,4.9,0.291,38.14,12.67,3.74,13.76,0.26,7.48,yolo,28.8,1.4,0,16.8,23.0,1141.8,141.0,1,100.0
2026-06-09 10:52:39,7558,rgb,3,laptop|person|person,0.775,0,7.56,13.8,21.36,759.775,2.4732,2.029801,36.36,759.775,253.258,1.2,3.9,0.252,35.57,11.93,3.76,11.91,0.25,7.46,capture,25.7,0.6,0,16.8,23.0,1141.8,141.0,1,100.0
2026-06-09 10:52:40,7580,rgb,4,laptop|person|person,0.771,0,6.97,17.4,24.38,950.089,3.0927,2.035306,36.36,950.089,237.522,0.9,4.2,0.275,38.97,12.58,3.76,14.54,0.27,7.53,yolo,22.0,0.77,0,15.5,28.999999999999996,1141.8,141.0,1,100.0
2026-06-09 10:52:41,7604,rgb,4,laptop|person,0.692,0,8.37,13.2,21.57,888.9,2.8936,2.041443,36.36,888.9,222.225,1.1,4.5,0.251,41.21,13.24,3.81,15.96,0.28,7.62,yolo,23.7,0.34,0,18.6,22.0,1141.8,141.0,1,100.0
2026-06-09 10:52:42,7632,rgb,4,laptop|person,0.719,0,8.23,13.8,22.04,815.48,2.6546,2.048089,36.36,815.48,203.87,1.23,4.9,0.32,37.0,12.53,3.78,12.51,0.3,7.61,capture,27.0,0.61,0,18.3,23.0,1141.8,141.0,1,100.0
2026-06-09 10:52:44,7656,rgb,4,laptop|person,0.72,0,6.66,25.2,31.86,1155.881,3.7626,2.054051,36.36,1155.881,288.97,0.73,3.5,0.314,36.28,11.59,3.79,12.72,0.29,7.64,yolo,23.2,0.76,0,14.8,42.0,1141.8,141.0,1,100.0
2026-06-09 10:52:45,7680,rgb,4,laptop|person,0.7,0,8.37,27.0,35.37,1405.25,4.5744,2.062232,36.36,1405.25,351.312,0.67,2.8,0.27,39.73,13.03,3.74,14.82,0.26,7.64,yolo,23.6,0.08,0,18.6,45.0,1141.8,141.0,1,100.0
2026-06-09 10:52:46,7710,rgb,3,laptop|person,0.689,0,8.64,13.8,22.44,846.886,2.7568,2.07371,36.36,846.886,282.295,1.28,3.5,0.227,37.74,12.72,3.79,13.22,0.26,7.51,yolo,28.7,1.27,0,19.2,23.0,1141.8,141.0,1,100.0
2026-06-09 10:52:47,7737,rgb,4,laptop|person,0.69,0,8.64,13.8,22.44,812.777,2.6458,2.07984,36.36,812.777,203.194,1.05,4.9,0.325,36.22,12.11,3.83,12.3,0.27,7.46,yolo,23.5,1.85,0,19.2,23.0,1141.8,141.0,1,100.0
2026-06-09 10:52:48,7760,rgb,4,laptop|person,0.694,0,7.74,25.8,33.54,1333.55,4.341,2.087729,36.36,1333.55,333.387,0.67,3.0,0.268,39.76,13.06,3.75,14.95,0.26,7.52,yolo,22.5,0.38,0,17.2,43.0,1141.8,141.0,1,100.0
2026-06-09 10:52:49,7788,rgb,4,laptop|person,0.709,0,8.64,13.8,22.44,873.14,2.8423,2.095765,36.36,873.14,218.285,1.2,4.6,0.282,38.91,13.19,3.66,14.2,0.25,7.39,yolo,26.9,1.69,0,19.2,23.0,1141.8,141.0,1,100.0
2026-06-09 10:52:50,7815,rgb,4,laptop|person,0.704,0,7.65,13.8,21.45,768.768,2.5025,2.101813,36.36,768.768,192.192,1.25,5.2,0.334,35.84,12.42,3.75,11.97,0.24,7.24,capture,26.9,0.0,0,17.0,23.0,1141.8,141.0,1,100.0
2026-06-09 10:52:51,7839,rgb,4,laptop|person,0.728,0,6.75,13.8,20.55,771.447,2.5112,2.107007,36.36,771.447,192.862,1.03,5.2,0.298,37.54,12.69,3.67,13.42,0.26,7.23,yolo,21.1,2.64,0,15.0,23.0,1141.8,141.0,1,100.0
2026-06-09 10:52:52,7868,rgb,4,laptop|person,0.702,0,8.05,14.4,22.45,841.875,2.7405,2.113404,36.36,841.875,210.469,1.28,4.8,0.293,37.5,12.27,3.78,13.65,0.28,7.16,yolo,28.7,3.25,0,17.9,24.0,1141.8,141.0,1,100.0
2026-06-09 10:52:53,7893,rgb,4,laptop|person,0.724,0,8.46,28.2,36.66,1308.029,4.2579,2.119541,36.66,1308.029,327.007,0.73,3.1,0.315,35.68,11.36,3.81,12.7,0.3,7.14,yolo,26.7,0.8,0,18.8,47.0,1141.9,141.0,1,100.0
2026-06-09 10:52:54,7917,rgb,4,laptop|person,0.729,0,8.46,28.2,36.66,1472.632,4.7937,2.1288,36.66,1472.632,368.158,0.57,2.7,0.256,40.17,12.98,3.68,15.6,0.29,7.24,yolo,20.8,2.68,0,18.8,47.0,1141.9,141.0,1,100.0
2026-06-09 10:52:55,7940,rgb,6,laptop|person|laptop|remote|person,0.772,0,7.2,18.0,25.2,1099.224,3.5782,2.135789,36.66,1099.224,183.204,0.9,5.5,0.328,43.62,13.64,3.65,18.32,0.29,7.37,yolo,22.6,0.83,0,16.0,30.0,1141.9,141.0,1,100.0
2026-06-09 10:52:56,7962,rgb,4,laptop|person,0.772,0,8.19,24.6,32.79,1428.988,4.6517,2.143698,36.66,1428.988,357.247,0.63,2.8,0.221,43.58,13.98,3.6,18.1,0.28,7.29,yolo,20.7,0.88,0,18.2,41.0,1141.9,141.0,1,100.0
2026-06-09 10:52:57,7986,rgb,4,laptop|person,0.805,0,7.7,26.4,34.09,1456.325,4.7406,2.153305,36.66,1456.325,364.081,0.66,2.7,0.233,42.72,14.26,3.59,17.15,0.27,7.12,yolo,22.4,0.77,0,17.1,44.0,1141.9,141.0,1,100.0
2026-06-09 10:52:58,8016,rgb,4,laptop|person,0.798,0,7.65,13.8,21.45,796.653,2.5933,2.163718,36.66,796.653,199.163,1.33,5.0,0.304,37.14,12.79,3.58,13.16,0.24,7.03,yolo,28.5,2.58,0,17.0,23.0,1141.9,141.0,1,100.0
2026-06-09 10:52:59,8043,rgb,4,laptop|person,0.763,0,7.92,16.2,24.12,837.205,2.7253,2.169474,36.66,837.205,209.301,1.12,4.8,0.338,34.71,11.68,3.55,11.83,0.26,7.06,yolo,27.0,0.66,0,17.6,27.0,1141.9,141.0,1,100.0
2026-06-09 10:53:00,8067,rgb,4,laptop|person,0.76,0,7.92,16.2,24.12,944.298,3.0739,2.17541,36.66,944.298,236.075,0.94,4.2,0.27,39.15,12.84,3.64,14.83,0.27,7.25,yolo,22.7,2.03,0,17.6,27.0,1141.9,141.0,1,100.0
2026-06-09 10:53:01,8090,rgb,4,laptop|person,0.753,0,7.33,22.8,30.14,1305.062,4.2482,2.183232,36.66,1305.062,326.265,0.68,3.1,0.227,43.3,14.19,3.6,17.6,0.26,7.34,yolo,20.6,1.02,0,16.3,38.0,1141.9,141.0,1,100.0
2026-06-09 10:53:02,8118,rgb,4,laptop|person,0.788,0,7.16,13.2,20.36,790.579,2.5735,2.190821,36.66,790.579,197.645,1.25,5.1,0.283,38.83,12.83,3.82,14.13,0.25,7.52,yolo,25.5,2.35,0,15.9,22.0,1141.9,141.0,1,100.0
2026-06-09 10:53:03,8145,rgb,4,laptop|person,0.794,0,10.3,13.8,24.11,863.138,2.8097,2.197044,36.66,863.138,215.785,1.2,4.6,0.335,35.8,11.96,3.93,11.94,0.24,7.4,capture,29.0,1.6,0,22.9,23.0,1141.9,141.0,1,100.0
2026-06-09 10:53:04,8168,rgb,4,laptop|person,0.779,0,7.65,24.0,31.65,1222.323,3.9789,2.20348,36.66,1222.323,305.581,0.67,3.3,0.278,38.62,12.43,3.9,14.41,0.25,7.26,yolo,21.3,3.76,0,17.0,40.0,1141.9,141.0,1,100.0
2026-06-09 10:53:06,8190,rgb,4,laptop|person,0.779,0,7.43,13.2,20.62,888.516,2.8923,2.211276,36.66,888.516,222.129,1.1,4.5,0.23,43.09,13.88,3.93,17.4,0.25,7.26,yolo,22.6,0.63,0,16.5,22.0,1141.9,141.0,1,100.0
2026-06-09 10:53:07,8220,rgb,4,laptop|person,0.786,0,9.54,14.4,23.94,916.423,2.9831,2.218353,36.66,916.423,229.106,1.04,4.4,0.281,38.28,12.26,3.86,14.24,0.27,7.31,yolo,24.8,1.09,0,21.2,24.0,1141.9,141.0,1,100.0
2026-06-09 10:53:08,8249,rgb,4,laptop|person,0.8,0,9.54,14.4,23.94,828.324,2.6964,2.22534,36.66,828.324,207.081,1.19,4.8,0.338,34.6,10.98,3.77,11.85,0.27,7.43,yolo,28.6,1.89,0,21.2,24.0,1141.9,141.0,1,100.0
2026-06-09 10:53:09,8271,rgb,4,laptop|person,0.792,0,8.64,23.4,32.04,1229.695,4.0029,2.232461,36.66,1229.695,307.424,0.71,3.3,0.275,38.38,12.01,3.81,14.57,0.27,7.4,yolo,22.7,2.94,0,19.2,39.0,1141.9,141.0,1,100.0
2026-06-09 10:53:10,8298,rgb,4,laptop|person,0.757,0,7.65,13.2,20.85,832.957,2.7115,2.239631,36.66,832.957,208.239,1.05,4.8,0.255,39.95,12.56,3.8,15.66,0.28,7.35,yolo,21.9,0.39,0,17.0,22.0,1141.9,141.0,1,100.0
2026-06-09 10:53:11,8327,rgb,4,laptop|person,0.741,0,9.4,14.4,23.8,854.658,2.7821,2.246581,36.66,854.658,213.665,1.17,4.7,0.328,35.91,12.18,3.75,12.19,0.27,7.25,yolo,27.9,2.96,0,20.9,24.0,1141.9,141.0,1,100.0
2026-06-09 10:53:12,8350,rgb,4,laptop|person,0.736,0,9.58,20.4,29.98,1089.473,3.5465,2.252615,36.66,1089.473,272.368,0.93,3.7,0.307,36.34,11.64,3.83,13.05,0.27,7.29,yolo,27.8,0.05,0,21.3,34.0,1141.9,141.0,1,100.0
2026-06-09 10:53:13,8371,rgb,4,laptop|person,0.719,0,8.82,13.2,22.02,886.305,2.8851,2.259153,36.66,886.305,221.576,0.94,4.5,0.258,40.25,12.96,3.92,15.5,0.26,7.36,yolo,20.7,3.55,0,19.6,22.0,1141.9,141.0,1,100.0
2026-06-09 10:53:14,8400,depth,4,laptop|person,0.716,1.44,8.28,13.8,22.08,846.106,2.7542,2.266197,36.66,846.106,211.526,1.17,4.7,0.282,38.32,10.34,6.11,14.16,0.27,7.23,yolo,25.8,2.55,0,18.4,23.0,1150.4,141.0,1,100.0
2026-06-09 10:53:15,8429,depth,4,laptop|person,0.742,1.46,8.28,13.8,22.08,764.41,2.4883,2.272664,36.66,764.41,191.102,1.24,5.2,0.338,34.62,6.58,8.75,11.85,0.3,6.95,yolo,27.3,0.75,0,18.4,23.0,1150.4,141.0,1,100.0
2026-06-09 10:53:16,8450,depth,4,laptop|person,0.731,1.48,8.46,22.2,30.66,1177.037,3.8315,2.279229,36.66,1177.037,294.259,0.73,3.4,0.282,38.39,7.2,9.74,14.16,0.28,6.82,yolo,22.5,2.38,0,18.8,37.0,1150.4,141.0,1,100.0
2026-06-09 10:53:17,8471,depth,4,laptop|person,0.701,1.49,7.7,19.2,26.89,1138.254,3.7053,2.285973,36.66,1138.254,284.563,0.8,3.5,0.235,42.33,8.48,9.63,17.03,0.28,6.73,yolo,21.6,0.45,0,17.1,32.0,1150.4,141.0,1,100.0
2026-06-09 10:53:18,8492,depth,4,laptop|person,0.744,1.58,8.32,23.4,31.73,1418.014,4.6159,2.293077,36.66,1418.014,354.503,0.68,2.8,0.216,44.69,9.11,9.79,18.54,0.26,6.8,yolo,21.5,0.05,0,18.5,39.0,1151.3,141.0,1,100.0
2026-06-09 10:53:19,8514,depth,4,laptop|person,0.782,1.57,8.32,23.4,31.73,1412.937,4.5994,2.301707,36.66,1412.937,353.234,0.66,2.8,0.213,44.53,8.54,9.99,18.75,0.26,6.79,yolo,20.9,0.3,0,18.5,39.0,1151.3,141.0,1,75.0
2026-06-09 10:53:20,8535,depth,4,laptop|person,0.706,1.49,8.32,27.0,35.33,1570.418,5.112,2.310646,36.66,1570.418,392.604,0.59,2.5,0.214,44.45,8.39,10.07,18.68,0.27,6.84,yolo,20.9,0.0,0,18.5,45.0,1151.4,141.0,1,100.0
2026-06-09 10:53:21,8556,depth,4,laptop|person,0.758,1.51,7.51,27.0,34.52,1543.389,5.0241,2.319738,36.66,1543.389,385.847,0.65,2.6,0.219,44.71,9.24,9.92,18.28,0.28,6.82,yolo,22.3,0.66,0,16.7,45.0,1151.4,141.0,1,100.0
2026-06-09 10:53:22,8584,depth,4,laptop|person,0.782,1.6,8.01,13.2,21.21,848.4,2.7617,2.33037,36.66,848.4,212.1,1.21,4.7,0.276,40.0,8.57,9.65,14.51,0.25,6.83,yolo,25.7,1.54,0,17.8,22.0,1151.4,141.0,1,100.0
2026-06-09 10:53:23,8612,depth,4,laptop|person,0.766,1.51,8.46,13.8,22.26,787.114,2.5622,2.336568,36.66,787.114,196.779,1.28,5.1,0.341,35.36,6.92,9.46,11.72,0.26,6.79,yolo,28.5,1.21,0,18.8,23.0,1151.5,141.0,1,100.0
2026-06-09 10:53:24,8634,depth,4,laptop|person,0.772,1.45,8.46,13.8,22.26,856.12,2.7868,2.341537,36.66,856.12,214.03,0.94,4.7,0.278,38.46,7.74,9.09,14.4,0.25,6.79,yolo,20.9,3.54,0,18.8,23.0,1151.5,141.0,1,100.0
2026-06-09 10:53:25,8657,depth,5,laptop|person,0.77,1.47,7.79,13.8,21.59,903.757,2.9419,2.34711,36.66,903.757,180.751,1.04,5.5,0.296,41.86,9.01,8.62,16.88,0.25,6.91,yolo,22.4,0.69,0,17.3,23.0,1151.5,141.0,1,100.0
2026-06-09 10:53:26,8678,depth,5,laptop|person,0.763,1.59,7.79,19.8,27.59,1221.409,3.9759,2.353268,36.66,1221.409,244.282,0.76,4.1,0.277,44.27,10.39,8.52,18.04,0.26,6.89,yolo,20.8,0.75,0,17.3,33.0,1151.5,141.0,1,100.0
2026-06-09 10:53:27,8700,depth,4,laptop|person,0.762,1.58,8.23,16.8,25.04,1108.771,3.6093,2.360702,36.66,1108.771,277.193,0.85,3.6,0.225,44.28,10.54,8.66,17.79,0.29,6.81,yolo,21.3,0.23,0,18.3,28.000000000000004,1151.5,141.0,1,100.0
2026-06-09 10:53:28,8724,depth,4,laptop|person,0.735,1.45,8.23,16.8,25.04,1109.522,3.6117,2.368093,36.66,1109.522,277.38,0.9,3.6,0.223,44.31,10.39,8.77,17.91,0.31,6.73,yolo,22.5,0.57,0,18.3,28.000000000000004,1151.5,141.0,1,100.0
2026-06-09 10:53:29,8746,depth,4,laptop|person,0.75,1.43,8.55,22.8,31.35,1375.011,4.4759,2.37613,36.66,1375.011,343.753,0.66,2.9,0.224,43.86,9.55,9.11,17.87,0.29,6.83,yolo,20.8,0.82,0,19.0,38.0,1151.5,141.0,1,100.0
2026-06-09 10:53:30,8773,depth,5,laptop|person,0.706,1.5,10.94,12.0,22.94,920.582,2.9967,2.384673,36.66,920.582,184.116,1.08,5.4,0.343,40.13,8.4,9.54,14.57,0.27,7.15,yolo,24.7,1.88,0,24.3,20.0,1151.5,141.0,1,80.0
2026-06-09 10:53:31,8799,depth,4,laptop|person,0.727,1.55,6.52,13.2,19.72,720.372,2.345,2.3906,36.66,720.372,180.093,1.4,5.6,0.33,36.53,7.21,9.6,12.11,0.26,7.14,yolo,27.6,1.29,0,14.5,22.0,1151.5,141.0,1,100.0
2026-06-09 10:53:32,8821,depth,4,laptop|person,0.745,1.57,10.26,27.6,37.86,1458.746,4.7485,2.395461,37.86,1458.746,364.687,0.6,2.7,0.281,38.53,7.91,8.9,14.25,0.26,7.01,yolo,22.6,2.1,0,22.8,46.0,1151.5,141.0,1,100.0
2026-06-09 10:53:33,8844,depth,4,laptop|person,0.764,1.39,10.26,27.6,37.86,1604.507,5.223,2.405197,37.86,1604.507,401.127,0.59,2.5,0.233,42.38,9.1,8.79,17.16,0.26,6.87,yolo,22.5,0.04,0,22.8,46.0,1151.5,141.0,1,100.0
2026-06-09 10:53:34,8867,depth,4,laptop|person,0.765,1.41,7.43,20.4,27.83,1218.397,3.9661,2.413527,37.86,1218.397,304.599,0.75,3.3,0.222,43.78,9.7,8.69,17.98,0.27,6.93,yolo,20.8,0.75,0,16.5,34.0,1151.5,141.0,1,100.0
2026-06-09 10:53:35,8894,depth,4,laptop|person,0.761,1.44,7.87,12.6,20.47,817.367,2.6607,2.421011,37.86,817.367,204.342,1.25,4.9,0.269,39.93,9.14,8.74,14.85,0.28,6.71,yolo,25.6,2.0,0,17.5,21.0,1151.5,141.0,1,100.0
2026-06-09 10:53:36,8921,depth,4,laptop|person,0.781,1.54,8.19,13.8,21.99,790.54,2.5734,2.426943,37.86,790.54,197.635,1.3,5.1,0.335,35.95,8.08,8.72,11.95,0.29,6.72,yolo,28.5,1.03,0,18.2,23.0,1151.5,141.0,1,100.0
2026-06-09 10:53:37,8943,depth,4,laptop|person,0.775,1.55,8.23,21.6,29.83,1137.716,3.7035,2.432207,37.86,1137.716,284.429,0.72,3.5,0.284,38.14,8.14,8.67,14.1,0.29,6.75,yolo,21.5,2.7,0,18.3,36.0,1151.5,141.0,1,100.0
2026-06-09 10:53:38,8967,depth,4,laptop|person,0.78,1.69,8.23,21.6,29.83,1264.792,4.1172,2.440191,37.86,1264.792,316.198,0.76,3.2,0.232,42.4,9.27,8.6,17.24,0.27,6.84,yolo,22.6,0.45,0,18.3,36.0,1151.5,141.0,1,100.0
2026-06-09 10:53:39,8995,depth,4,laptop|person,0.787,1.54,8.1,27.0,35.1,1387.503,4.5166,2.451413,37.86,1387.503,346.876,0.71,2.9,0.262,39.53,8.48,8.51,15.28,0.29,6.78,yolo,24.8,0.99,0,18.0,45.0,1151.5,141.0,1,100.0
2026-06-09 10:53:40,9023,depth,4,laptop|person,0.791,1.5,8.23,14.4,22.63,799.065,2.6011,2.458484,37.86,799.065,199.766,1.26,5.0,0.334,35.31,7.62,8.5,11.96,0.3,6.73,yolo,28.5,1.6,0,18.3,24.0,1151.5,141.0,1,100.0
2026-06-09 10:53:41,9045,depth,4,laptop|person,0.812,1.5,8.5,13.8,22.3,843.386,2.7454,2.463424,37.86,843.386,210.846,0.97,4.7,0.285,37.82,8.04,8.55,14.02,0.29,6.74,yolo,21.6,3.21,0,18.9,23.0,1151.5,141.0,1,100.0
2026-06-09 10:53:42,9066,depth,4,laptop|person,0.775,1.46,8.46,17.4,25.86,1081.982,3.5221,2.468891,37.86,1081.982,270.495,0.82,3.7,0.24,41.84,8.81,8.92,16.7,0.28,6.94,yolo,21.3,0.14,0,18.8,28.999999999999996,1151.5,141.0,1,100.0
2026-06-09 10:53:43,9089,depth,4,laptop|person,0.76,1.46,8.46,17.4,25.86,1151.546,3.7485,2.476098,37.86,1151.546,287.887,0.83,3.5,0.217,44.53,9.07,9.28,18.44,0.28,7.25,yolo,21.5,0.09,0,18.8,28.999999999999996,1151.5,141.0,1,100.0
2026-06-09 10:53:45,9111,depth,4,laptop|person,0.786,1.46,9.85,14.4,24.25,1086.642,3.5372,2.482729,37.86,1086.642,271.661,0.89,3.7,0.218,44.81,9.45,9.24,18.35,0.3,7.25,yolo,21.7,0.09,0,21.9,24.0,1151.5,141.0,1,100.0
2026-06-09 10:53:46,9138,depth,4,laptop|person,0.768,1.47,8.32,27.0,35.33,1430.865,4.6578,2.493029,37.86,1430.865,357.716,0.7,2.8,0.265,40.5,8.91,8.9,15.11,0.29,7.07,yolo,24.8,1.42,0,18.5,45.0,1151.5,141.0,1,100.0
2026-06-09 10:53:47,9165,depth,4,laptop|dog|person|laptop|person,0.783,1.5,8.6,13.8,22.4,806.4,2.625,2.500974,37.86,806.4,201.6,1.21,5.0,0.336,36.0,8.11,8.63,11.92,0.29,6.84,yolo,27.1,1.01,0,19.1,23.0,1151.5,141.0,1,100.0
2026-06-09 10:53:48,9188,depth,4,laptop|person,0.754,1.49,7.29,26.4,33.69,1261.017,4.1049,2.507235,37.86,1261.017,315.254,0.67,3.2,0.297,37.43,7.87,8.76,13.46,0.27,6.85,yolo,22.4,2.06,0,16.2,44.0,1151.5,141.0,1,100.0
2026-06-09 10:53:49,9210,depth,4,laptop|person,0.762,1.49,8.32,26.4,34.72,1442.269,4.6949,2.515425,37.86,1442.269,360.567,0.65,2.8,0.251,41.54,9.42,8.91,15.95,0.28,6.77,yolo,22.5,0.04,0,18.5,44.0,1151.5,141.0,1,100.0
2026-06-09 10:53:50,9238,depth,4,laptop|person,0.788,1.49,8.32,26.4,34.72,1389.842,4.5242,2.526461,37.86,1389.842,347.461,0.8,2.9,0.285,40.03,8.58,9.1,14.04,0.26,6.78,yolo,27.7,1.82,0,18.5,44.0,1151.5,141.0,1,100.0
2026-06-09 10:53:51,9264,depth,4,laptop|person,0.762,1.49,8.78,13.8,22.58,837.266,2.7255,2.532816,37.86,837.266,209.316,1.07,4.8,0.33,37.08,7.62,9.07,12.11,0.26,6.76,yolo,24.2,1.26,0,19.5,23.0,1151.5,141.0,1,100.0
2026-06-09 10:53:52,9287,depth,4,laptop|person,0.747,1.49,8.19,14.4,22.59,895.016,2.9135,2.538303,37.86,895.016,223.754,1.0,4.5,0.275,39.62,7.87,8.89,14.52,0.29,6.8,yolo,22.6,0.61,0,18.2,24.0,1151.5,141.0,1,100.0
2026-06-09 10:53:53,9308,depth,4,laptop|person,0.743,1.48,8.23,25.8,34.03,1444.233,4.7013,2.544934,37.86,1444.233,361.058,0.61,2.8,0.234,42.44,9.28,8.76,17.13,0.29,6.8,yolo,20.7,0.75,0,18.3,43.0,1151.5,141.0,1,100.0
2026-06-09 10:53:54,9333,depth,4,laptop|person,0.749,1.49,8.86,13.8,22.66,936.991,3.0501,2.554554,37.86,936.991,234.248,1.1,4.3,0.251,41.35,9.42,8.78,15.96,0.27,6.72,yolo,24.8,1.5,0,19.7,23.0,1151.5,141.0,1,100.0
2026-06-09 10:53:55,9362,depth,4,laptop|person,0.771,1.5,9.31,13.8,23.12,842.955,2.744,2.561655,37.86,842.955,210.739,1.22,4.7,0.319,36.46,7.57,9.0,12.52,0.3,6.86,yolo,28.3,1.21,0,20.7,23.0,1151.5,141.0,1,100.0
2026-06-09 10:53:56,9385,depth,4,laptop|person,0.764,1.51,9.31,13.8,23.12,863.301,2.8102,2.566977,37.86,863.301,215.825,0.94,4.6,0.306,37.34,7.54,9.05,13.08,0.31,7.15,yolo,21.7,2.72,0,20.7,23.0,1151.5,141.0,1,100.0
2026-06-09 10:53:57,9406,depth,4,laptop|person,0.745,1.5,8.91,24.0,32.91,1355.892,4.4137,2.574106,37.86,1355.892,338.973,0.63,3.0,0.256,41.2,8.4,9.51,15.64,0.28,7.17,yolo,20.8,0.38,0,19.8,40.0,1151.5,141.0,1,100.0
2026-06-09 10:53:58,9427,depth,4,laptop|person,0.736,1.52,9.9,21.6,31.5,1407.105,4.5804,2.582247,37.86,1407.105,351.776,0.66,2.8,0.223,44.67,9.42,9.79,17.9,0.27,7.1,yolo,20.8,0.0,0,22.0,36.0,1151.5,141.0,1,100.0
2026-06-09 10:53:59,9450,depth,4,laptop|person,0.76,1.49,8.55,18.0,26.55,1185.457,3.8589,2.591169,37.86,1185.457,296.364,0.84,3.4,0.222,44.65,9.29,10.1,18.01,0.28,6.79,yolo,22.3,0.57,0,19.0,30.0,1151.5,141.0,1,100.0
2026-06-09 10:54:00,9474,depth,4,laptop|person,0.774,1.48,8.55,18.0,26.55,1184.927,3.8572,2.599077,37.86,1184.927,296.232,0.79,3.4,0.218,44.63,9.12,9.97,18.36,0.29,6.7,yolo,20.9,0.64,0,19.0,30.0,1151.5,141.0,1,100.0
2026-06-09 10:54:01,9497,depth,4,laptop|person,0.778,1.52,8.32,13.8,22.12,976.598,3.179,2.605616,37.86,976.598,244.149,1.02,4.1,0.217,44.15,8.79,9.81,18.41,0.28,6.68,yolo,22.6,0.78,0,18.5,23.0,1151.5,141.0,1,100.0
2026-06-09 10:54:02,9518,depth,4,laptop|person,0.755,1.47,8.15,21.0,29.15,1289.304,4.197,2.612086,37.86,1289.304,322.326,0.72,3.1,0.22,44.23,9.31,9.69,18.15,0.26,6.65,yolo,20.9,0.8,0,18.1,35.0,1151.5,141.0,1,100.0
2026-06-09 10:54:03,9540,depth,4,laptop|person,0.758,1.48,8.55,18.0,26.55,1175.103,3.8252,2.619927,37.86,1175.103,293.776,0.8,3.4,0.222,44.26,9.38,9.72,18.0,0.26,6.72,yolo,21.4,0.23,0,19.0,30.0,1151.5,141.0,1,100.0
2026-06-09 10:54:04,9564,depth,4,laptop|person,0.76,1.51,8.55,18.0,26.55,1187.582,3.8658,2.627835,37.86,1187.582,296.896,0.78,3.4,0.221,44.73,9.57,9.82,18.12,0.28,6.75,yolo,20.8,0.3,0,19.0,30.0,1151.5,141.0,1,100.0
2026-06-09 10:54:05,9585,depth,4,laptop|person,0.766,1.53,8.78,13.8,22.58,1024.229,3.3341,2.634043,37.86,1024.229,256.057,0.89,3.9,0.209,45.36,8.99,9.92,19.13,0.28,6.84,yolo,20.2,0.3,0,19.5,23.0,1151.5,141.0,1,100.0
2026-06-09 10:54:06,9608,depth,4,laptop|person,0.78,1.51,8.46,19.8,28.26,1267.744,4.1268,2.641203,37.86,1267.744,316.936,0.79,3.2,0.212,44.86,8.94,9.87,18.91,0.27,6.67,yolo,22.3,1.02,0,18.8,33.0,1151.5,141.0,1,100.0
2026-06-09 10:54:07,9630,depth,4,laptop|person,0.77,1.52,11.97,25.8,37.77,1653.193,5.3815,2.649066,37.86,1653.193,413.298,0.58,2.4,0.226,43.77,8.22,10.2,17.67,0.31,7.15,yolo,21.9,0.2,0,26.6,43.0,1151.5,141.0,1,100.0
2026-06-09 10:54:08,9659,depth,4,laptop|person,0.77,1.53,11.97,25.8,37.77,1511.933,4.9217,2.661906,37.86,1511.933,377.983,0.62,2.6,0.275,40.03,6.84,10.7,14.53,0.32,7.45,yolo,23.5,0.8,0,26.6,43.0,1151.5,141.0,1,100.0
2026-06-09 10:54:09,9686,depth,4,laptop|person,0.778,1.51,11.93,13.2,25.12,910.6,2.9642,2.668999,37.86,910.6,227.65,1.11,4.4,0.331,36.25,6.2,10.25,12.08,0.28,7.26,yolo,27.8,2.14,0,26.5,22.0,1151.5,141.0,1,100.0
2026-06-09 10:54:10,9707,depth,4,laptop|person,0.798,1.52,8.55,28.8,37.35,1430.131,4.6554,2.676709,37.86,1430.131,357.533,0.61,2.8,0.286,38.29,7.19,9.72,13.98,0.27,6.95,yolo,22.8,2.5,0,19.0,48.0,1151.5,141.0,1,100.0
2026-06-09 10:54:11,9731,depth,4,laptop|person,0.786,1.51,8.28,26.4,34.68,1416.331,4.6105,2.686373,37.86,1416.331,354.083,0.63,2.8,0.26,40.84,8.49,9.64,15.39,0.25,6.88,yolo,21.8,0.5,0,18.4,44.0,1151.5,141.0,1,100.0
2026-06-09 10:54:12,9759,depth,4,laptop|person,0.778,1.51,8.23,13.8,22.04,820.329,2.6703,2.695731,37.86,820.329,205.082,1.3,4.9,0.319,37.22,7.56,9.94,12.53,0.25,6.74,yolo,28.6,3.32,0,18.3,23.0,1151.5,141.0,1,100.0
2026-06-09 10:54:13,9783,depth,4,laptop|person,0.775,1.51,8.1,22.2,30.3,1105.647,3.5991,2.701397,37.86,1105.647,276.412,0.81,3.6,0.316,36.49,6.63,9.97,12.64,0.24,6.82,yolo,24.4,2.07,0,18.0,37.0,1151.5,141.0,1,100.0
2026-06-09 10:54:15,9807,depth,4,laptop|person,0.779,1.5,8.1,22.2,30.3,1237.452,4.0282,2.70918,37.86,1237.452,309.363,0.75,3.2,0.253,40.84,7.92,9.81,15.83,0.27,6.82,yolo,22.6,0.9,0,18.0,37.0,1151.5,141.0,1,100.0
2026-06-09 10:54:16,9835,depth,4,laptop|person,0.751,1.48,8.78,13.8,22.58,895.523,2.9151,2.716533,37.86,895.523,223.881,1.05,4.5,0.263,39.66,7.38,9.72,15.22,0.28,6.86,yolo,23.6,0.5,0,19.5,23.0,1151.5,141.0,1,100.0
2026-06-09 10:54:17,9863,depth,5,laptop|person,0.764,1.47,8.73,14.4,23.13,818.802,2.6654,2.723206,37.86,818.802,163.76,1.17,6.1,0.421,35.4,6.51,9.74,11.87,0.29,6.79,yolo,27.2,1.8,0,19.4,24.0,1151.5,141.0,1,100.0
2026-06-09 10:54:18,9884,depth,5,laptop|person,0.758,1.47,8.41,14.4,22.81,866.324,2.8201,2.728065,37.86,866.324,173.265,1.02,5.8,0.368,37.98,7.33,9.78,13.58,0.29,6.8,yolo,23.2,1.98,0,18.7,24.0,1151.5,141.0,1,100.0
2026-06-09 10:54:19,9908,depth,5,laptop|person,0.753,1.52,8.5,27.0,35.5,1433.845,4.6675,2.7354,37.86,1433.845,286.769,0.64,3.5,0.334,40.39,8.32,9.88,14.99,0.3,6.71,yolo,22.8,0.2,0,18.9,45.0,1151.5,141.0,1,100.0
2026-06-09 10:54:20,9936,depth,4,laptop|person,0.728,1.57,7.47,13.8,21.27,791.031,2.575,2.745232,37.86,791.031,197.758,1.34,5.1,0.317,37.19,7.65,9.71,12.63,0.32,6.68,yolo,28.5,2.78,0,16.6,23.0,1151.5,141.0,1,100.0
2026-06-09 10:54:21,9960,depth,5,laptop|person,0.761,1.51,7.65,25.2,32.85,1208.552,3.9341,2.750488,37.86,1208.552,241.71,0.75,4.1,0.391,36.79,7.3,9.47,12.79,0.32,6.71,yolo,24.5,1.97,0,17.0,42.0,1151.5,141.0,1,80.0
2026-06-09 10:54:22,9984,depth,5,laptop|person,0.75,1.54,7.65,25.2,32.85,1357.69,4.4196,2.75903,37.86,1357.69,271.538,0.63,3.7,0.315,41.33,8.73,9.51,15.88,0.31,6.71,yolo,20.8,1.84,0,17.0,42.0,1151.5,141.0,1,100.0
2026-06-09 10:54:23,10005,depth,5,laptop|person,0.732,1.63,7.25,21.0,28.25,1261.928,4.1078,2.766399,37.86,1261.928,252.386,0.74,4.0,0.274,44.67,9.54,9.64,18.24,0.31,6.75,yolo,20.8,0.0,0,16.1,35.0,1151.5,141.0,1,100.0
2026-06-09 10:54:24,10028,depth,5,laptop|person,0.737,1.62,8.5,17.4,25.9,1145.816,3.7299,2.774195,37.86,1145.816,229.163,0.86,4.4,0.268,44.24,8.57,9.69,18.63,0.32,6.85,yolo,22.3,0.75,0,18.9,28.999999999999996,1151.5,141.0,1,100.0
2026-06-09 10:54:25,10049,depth,4,laptop|person,0.729,1.6,8.5,17.4,25.9,1175.86,3.8277,2.780995,37.86,1175.86,293.965,0.8,3.4,0.211,45.4,7.64,10.62,19.0,0.36,7.56,yolo,20.7,0.79,0,18.9,28.999999999999996,1151.5,141.0,1,100.0
2026-06-09 10:54:26,10070,depth,4,laptop|person,0.796,1.49,13.99,13.8,27.8,1253.502,4.0804,2.78835,37.86,1253.502,313.375,0.72,3.2,0.215,45.09,6.64,11.18,18.61,0.38,8.03,yolo,20.0,0.35,0,31.1,23.0,1151.5,141.0,1,100.0
2026-06-09 10:54:27,10088,depth,4,laptop|person,0.816,1.49,10.44,16.2,26.64,1226.772,3.9934,2.794551,37.86,1226.772,306.693,0.72,3.3,0.216,46.05,6.72,11.81,18.52,0.4,8.35,yolo,19.3,0.35,0,23.2,27.0,1151.5,141.0,1,100.0
2026-06-09 10:54:28,10110,depth,4,laptop|person,0.808,1.5,17.55,13.8,31.35,1409.183,4.5872,2.801978,37.86,1409.183,352.296,0.68,2.8,0.217,44.95,6.67,11.35,18.45,0.36,7.89,yolo,21.4,0.98,0,39.0,23.0,1151.5,141.0,1,100.0
2026-06-09 10:54:29,10134,depth,5,laptop|person,0.803,1.49,17.55,13.8,31.35,1401.659,4.5627,2.811325,37.86,1401.659,280.332,0.69,3.6,0.272,44.71,7.51,10.68,18.38,0.36,7.55,yolo,21.6,0.1,0,39.0,23.0,1151.5,141.0,1,100.0
2026-06-09 10:54:30,10161,depth,5,laptop|person,0.764,1.6,10.66,13.2,23.86,975.635,3.1759,2.819525,37.86,975.635,195.127,0.94,5.1,0.324,40.89,7.58,9.92,15.42,0.34,7.43,yolo,22.4,0.4,0,23.7,22.0,1151.5,141.0,1,100.0
2026-06-09 10:54:31,10189,depth,5,laptop|person,0.756,1.6,7.83,13.8,21.63,783.439,2.5503,2.826174,37.86,783.439,156.688,1.31,6.4,0.42,36.22,7.37,9.18,11.91,0.33,7.23,yolo,28.3,2.92,0,17.4,23.0,1151.5,141.0,1,100.0
2026-06-09 10:54:32,10210,depth,5,laptop|person,0.757,1.52,7.6,24.0,31.61,1193.594,3.8854,2.831933,37.86,1193.594,238.719,0.73,4.2,0.375,37.76,7.78,8.94,13.34,0.33,7.17,yolo,23.0,2.65,0,16.9,40.0,1151.5,141.0,1,100.0
2026-06-09 10:54:33,10232,depth,5,laptop|person,0.736,1.57,7.16,14.4,21.55,898.204,2.9238,2.83929,37.86,898.204,179.641,1.01,5.6,0.312,41.68,8.93,9.1,16.03,0.34,7.09,yolo,21.8,0.59,0,15.9,24.0,1151.5,141.0,1,100.0
2026-06-09 10:54:34,10254,depth,4,laptop|person,0.75,1.61,7.16,14.4,21.55,954.234,3.1062,2.844997,37.86,954.234,238.559,1.05,4.2,0.221,44.28,9.95,8.76,18.11,0.33,6.96,yolo,22.7,0.43,0,15.9,24.0,1151.5,141.0,1,100.0
2026-06-09 10:54:35,10275,depth,5,laptop|person,0.731,1.6,5.54,21.6,27.13,1201.859,3.9123,2.851665,37.86,1201.859,240.372,0.77,4.2,0.278,44.3,9.85,8.88,17.97,0.34,7.09,yolo,20.8,0.92,0,12.3,36.0,1151.6,141.0,1,100.0
2026-06-09 10:54:36,10297,depth,4,laptop|person,0.753,1.55,5.71,18.6,24.32,1079.078,3.5126,2.858737,37.86,1079.078,269.769,0.88,3.7,0.221,44.37,9.55,8.86,18.08,0.33,7.36,yolo,21.3,0.24,0,12.7,31.0,1151.6,141.0,1,100.0
2026-06-09 10:54:37,10320,depth,5,laptop|person,0.78,1.53,6.03,24.6,30.63,1355.99,4.414,2.865691,37.86,1355.99,271.198,0.74,3.7,0.274,44.27,9.43,8.77,18.22,0.3,7.36,yolo,22.5,0.57,0,13.4,41.0,1151.6,141.0,1,100.0
2026-06-09 10:54:38,10344,depth,5,laptop|person,0.757,1.61,6.03,24.6,30.63,1352.621,4.4031,2.874715,37.86,1352.621,270.524,0.68,3.7,0.276,44.16,9.69,8.61,18.13,0.28,7.27,yolo,20.9,0.8,0,13.4,41.0,1151.6,141.0,1,100.0
2026-06-09 10:54:39,10365,depth,4,laptop|person,0.747,1.59,5.49,21.6,27.09,1209.568,3.9374,2.88196,37.86,1209.568,302.392,0.77,3.3,0.221,44.65,10.22,8.59,18.13,0.31,7.23,yolo,20.8,0.05,0,12.2,36.0,1151.6,141.0,1,100.0
2026-06-09 10:54:40,10386,depth,4,laptop|person,0.761,1.55,5.71,17.4,23.11,1035.097,3.3695,2.888678,37.86,1035.097,258.774,0.92,3.9,0.219,44.79,10.13,8.78,18.26,0.3,7.15,yolo,21.4,0.3,0,12.7,28.999999999999996,1151.6,141.0,1,100.0
2026-06-09 10:54:41,10410,depth,4,laptop|person,0.815,1.52,5.8,27.0,32.8,1468.456,4.7801,2.895701,37.86,1468.456,367.114,0.64,2.7,0.219,44.77,10.06,8.89,18.27,0.29,7.09,yolo,20.8,0.3,0,12.9,45.0,1151.6,141.0,1,100.0
2026-06-09 10:54:43,10434,depth,4,laptop|person,0.809,1.5,5.8,27.0,32.8,1450.088,4.7203,2.905393,37.86,1450.088,362.522,0.69,2.8,0.223,44.21,10.04,8.85,17.96,0.27,6.9,yolo,22.7,0.94,0,12.9,45.0,1151.6,141.0,1,100.0
2026-06-09 10:54:44,10455,depth,5,laptop|person,0.788,1.51,5.58,20.4,25.98,1147.796,3.7363,2.912518,37.86,1147.796,229.559,0.8,4.4,0.279,44.18,9.95,8.88,17.9,0.29,6.98,yolo,20.7,0.94,0,12.4,34.0,1151.6,141.0,1,80.0
2026-06-09 10:54:45,10477,depth,5,laptop|person,0.799,1.5,5.54,24.0,29.54,1318.37,4.2916,2.919908,37.86,1318.37,263.674,0.72,3.8,0.277,44.63,10.28,8.72,18.08,0.32,7.07,yolo,21.4,0.34,0,12.3,40.0,1151.6,141.0,1,100.0
2026-06-09 10:54:46,10500,depth,6,laptop|person,0.777,1.53,5.85,27.0,32.85,1463.796,4.765,2.928374,37.86,1463.796,243.966,0.64,4.1,0.329,44.56,10.06,8.73,18.23,0.31,7.06,yolo,20.9,0.23,0,13.0,45.0,1151.6,141.0,1,83.3
2026-06-09 10:54:47,10527,depth,6,laptop|person,0.694,1.77,5.85,27.0,32.85,1365.575,4.4452,2.939141,37.86,1365.575,227.596,0.63,4.4,0.38,41.57,9.22,8.93,15.78,0.34,7.13,yolo,20.8,0.04,0,13.0,45.0,1151.6,141.0,1,100.0
2026-06-09 10:54:48,10556,depth,6,laptop|person,0.705,1.69,5.58,13.8,19.38,708.339,2.3058,2.94554,37.86,708.339,118.057,1.37,8.5,0.492,36.55,7.56,9.02,12.2,0.38,7.22,yolo,26.5,2.15,0,12.4,23.0,1151.6,141.0,1,100.0
2026-06-09 10:54:49,10578,depth,7,laptop|person,0.724,1.71,6.52,13.8,20.32,748.792,2.4375,2.949947,37.86,748.792,106.97,1.4,9.3,0.542,36.85,7.11,9.05,12.92,0.39,7.21,yolo,28.5,0.84,0,14.5,23.0,1151.5,141.0,1,100.0
2026-06-09 10:54:50,10601,depth,5,laptop|person,0.719,1.79,5.22,14.4,19.62,789.116,2.5687,2.954877,37.86,789.116,157.823,1.1,6.3,0.32,40.22,7.91,8.94,15.61,0.37,7.21,yolo,21.5,2.89,0,11.6,24.0,1151.5,141.0,1,100.0
2026-06-09 10:54:51,10622,depth,5,laptop|person,0.738,1.6,5.58,21.0,26.58,1173.507,3.82,2.959996,37.86,1173.507,234.701,0.85,4.3,0.274,44.15,9.32,8.88,18.24,0.35,7.18,yolo,22.6,0.47,0,12.4,35.0,1151.5,141.0,1,100.0
2026-06-09 10:54:52,10647,depth,4,laptop|person,0.725,1.55,5.58,21.0,26.58,1128.321,3.6729,2.968065,37.86,1128.321,282.08,0.78,3.5,0.236,42.45,8.77,9.07,16.96,0.34,7.12,yolo,20.6,0.85,0,12.4,35.0,1151.5,141.0,1,100.0
2026-06-09 10:54:53,10676,depth,4,laptop|person,0.75,1.52,5.76,11.4,17.16,649.163,2.1132,2.973849,37.86,649.163,162.291,1.45,6.2,0.294,37.83,7.57,9.07,13.59,0.33,7.09,yolo,24.9,1.74,0,12.8,19.0,1151.5,141.0,1,100.0
2026-06-09 10:54:54,10699,depth,4,laptop|person,0.769,1.52,5.99,13.8,19.79,719.366,2.3417,2.978367,37.86,719.366,179.841,1.41,5.6,0.322,36.35,7.27,9.09,12.44,0.29,7.07,yolo,27.9,1.24,0,13.3,23.0,1151.6,141.0,1,100.0
2026-06-09 10:54:55,10721,depth,4,laptop|person,0.771,1.55,7.07,22.2,29.27,1162.019,3.7826,2.984189,37.86,1162.019,290.505,0.79,3.4,0.265,39.7,7.64,9.36,15.08,0.26,7.16,yolo,23.3,2.14,0,15.7,37.0,1151.5,141.0,1,100.0
2026-06-09 10:54:56,10743,depth,4,laptop|person,0.776,1.55,6.16,23.4,29.57,1293.687,4.2112,2.99171,37.86,1293.687,323.422,0.7,3.1,0.221,43.75,8.64,9.33,18.1,0.25,7.25,yolo,20.8,1.11,0,13.7,39.0,1151.5,141.0,1,100.0
2026-06-09 10:54:57,10767,depth,4,laptop|person,0.778,1.54,6.16,23.4,29.57,1313.499,4.2757,3.000435,37.86,1313.499,328.375,0.74,3.0,0.216,44.42,9.21,9.02,18.54,0.25,7.24,yolo,22.0,0.52,0,13.7,39.0,1151.5,141.0,1,100.0
2026-06-09 10:54:58,10790,depth,5,laptop|person,0.776,1.54,5.76,16.2,21.96,963.385,3.136,3.006789,37.86,963.385,192.677,1.0,5.2,0.273,43.87,9.02,8.9,18.33,0.27,7.17,yolo,21.9,0.04,0,12.8,27.0,1151.5,141.0,1,100.0
2026-06-09 10:54:59,10814,depth,4,laptop|person,0.74,1.52,5.85,13.2,19.05,802.957,2.6138,3.012619,37.86,802.957,200.739,1.14,5.0,0.243,42.15,9.2,8.94,16.44,0.28,7.1,yolo,21.7,0.07,0,13.0,22.0,1151.5,141.0,1,100.0
2026-06-09 10:55:00,10842,depth,4,laptop|person,0.776,1.54,5.54,13.8,19.34,718.094,2.3375,3.018504,37.86,718.094,179.524,1.33,5.6,0.32,37.13,8.07,8.94,12.5,0.29,7.13,yolo,25.6,1.6,0,12.3,23.0,1151.5,141.0,1,100.0
2026-06-09 10:55:01,10866,depth,4,laptop|person,0.785,1.56,5.4,16.8,22.2,817.404,2.6608,3.023368,37.86,817.404,204.351,1.27,4.9,0.318,36.82,7.42,9.03,12.58,0.27,7.3,yolo,28.3,1.23,0,12.0,28.000000000000004,1151.5,141.0,1,100.0
2026-06-09 10:55:02,10890,depth,5,laptop|person,0.784,1.54,5.4,22.8,28.2,1163.25,3.7866,3.029211,37.86,1163.25,232.65,0.72,4.3,0.32,41.25,8.72,9.08,15.64,0.26,7.36,yolo,20.3,3.25,0,12.0,38.0,1151.5,141.0,1,100.0
2026-06-09 10:55:03,10916,depth,5,laptop|person|laptop|remote|person,0.722,1.54,5.4,22.8,28.2,1205.55,3.9243,3.037917,37.86,1205.55,241.11,0.8,4.1,0.295,42.75,8.77,9.24,16.94,0.3,7.31,yolo,22.5,0.79,0,12.0,38.0,1151.5,141.0,1,100.0
2026-06-09 10:55:04,10944,depth,4,laptop|person|laptop|remote|person,0.721,1.65,5.22,14.4,19.62,732.022,2.3829,3.044312,37.86,732.022,183.006,1.27,5.5,0.302,37.31,7.01,9.2,13.23,0.34,7.33,yolo,24.9,0.74,0,11.6,24.0,1151.5,141.0,1,100.0
2026-06-09 10:55:05,10968,depth,4,laptop|person|laptop|remote|person,0.737,1.52,6.52,13.8,20.32,736.194,2.3965,3.049176,37.86,736.194,184.048,1.4,5.4,0.321,36.23,6.82,9.04,12.48,0.32,7.38,yolo,28.4,1.3,0,14.5,23.0,1151.5,141.0,1,100.0
2026-06-09 10:55:06,10991,depth,4,laptop|person,0.769,1.54,5.45,23.4,28.85,1146.788,3.733,3.055234,37.86,1146.788,286.697,0.75,3.5,0.265,39.75,7.92,8.92,15.12,0.29,7.32,yolo,21.6,1.92,0,12.1,39.0,1151.5,141.0,1,100.0
2026-06-09 10:55:07,11013,depth,4,laptop|person|laptop|remote|person,0.776,1.55,4.95,13.2,18.15,783.172,2.5494,3.062123,37.86,783.172,195.793,1.21,5.1,0.232,43.15,9.37,8.93,17.23,0.28,7.16,yolo,21.9,0.06,0,11.0,22.0,1151.5,141.0,1,100.0
2026-06-09 10:55:08,11042,depth,4,laptop|person|laptop|remote|person,0.754,1.49,5.13,13.8,18.93,725.966,2.3632,3.068104,37.86,725.966,181.492,1.19,5.5,0.293,38.35,8.11,8.93,13.67,0.28,7.18,yolo,22.5,0.15,0,11.4,23.0,1151.5,141.0,1,100.0
2026-06-09 10:55:09,11068,depth,4,laptop|person,0.801,1.54,5.13,13.8,18.93,679.966,2.2134,3.073097,37.86,679.966,169.992,1.51,5.9,0.336,35.92,7.57,8.88,11.91,0.28,7.08,yolo,28.5,1.6,0,11.4,23.0,1151.5,141.0,1,100.0
2026-06-09 10:55:10,11090,depth,4,laptop|person,0.765,1.56,6.21,16.2,22.41,884.075,2.8778,3.078229,37.86,884.075,221.019,1.09,4.5,0.274,39.45,8.39,8.92,14.6,0.27,7.09,yolo,24.5,0.83,0,13.8,27.0,1151.5,141.0,1,100.0
2026-06-09 10:55:11,11111,depth,4,laptop|person,0.775,1.56,5.62,19.2,24.82,1075.451,3.5008,3.084021,37.86,1075.451,268.863,0.84,3.7,0.231,43.33,9.52,8.98,17.3,0.28,7.06,yolo,20.8,0.0,0,12.5,32.0,1151.5,141.0,1,100.0
2026-06-09 10:55:12,11132,depth,4,laptop|person|laptop|remote|person,0.767,1.51,5.26,24.0,29.27,1307.491,4.2562,3.090633,37.86,1307.491,326.873,0.71,3.1,0.22,44.67,9.98,8.93,18.18,0.28,7.11,yolo,20.8,0.0,0,11.7,40.0,1151.5,141.0,1,100.0
2026-06-09 10:55:13,11154,depth,5,laptop|person|laptop|remote|person,0.756,1.49,5.26,24.0,29.27,1325.053,4.3133,3.098729,37.86,1325.053,265.011,0.71,3.8,0.27,45.27,9.12,10.03,18.55,0.28,7.09,yolo,20.8,0.0,0,11.7,40.0,1151.5,141.0,1,100.0
2026-06-09 10:55:15,11177,depth,4,laptop|person|laptop|remote|person,0.717,1.45,5.36,17.4,22.75,1020.338,3.3214,3.105685,37.86,1020.338,255.084,0.99,3.9,0.215,44.85,8.67,10.01,18.57,0.29,7.14,yolo,22.6,0.37,0,11.9,28.999999999999996,1151.5,141.0,1,100.0
2026-06-09 10:55:16,11202,depth,4,laptop|person,0.772,1.52,6.08,13.8,19.88,813.688,2.6487,3.112132,37.86,813.688,203.422,1.04,4.9,0.253,40.93,8.67,8.89,15.8,0.27,7.13,yolo,20.7,0.0,0,13.5,23.0,1151.5,141.0,1,100.0
2026-06-09 10:55:17,11231,depth,4,laptop|person,0.777,1.56,5.99,13.8,19.79,725.699,2.3623,3.118316,37.86,725.699,181.425,1.29,5.5,0.328,36.67,7.93,8.92,12.19,0.26,7.19,yolo,25.6,1.24,0,13.3,23.0,1151.5,141.0,1,100.0
2026-06-09 10:55:18,11253,depth,3,laptop|person|person,0.792,1.56,5.36,25.2,30.55,1140.737,3.7133,3.12314,37.86,1140.737,380.246,0.93,2.6,0.229,37.34,7.73,8.89,13.1,0.27,7.17,yolo,28.5,0.83,0,11.9,42.0,1151.5,141.0,1,100.0
2026-06-09 10:55:19,11277,depth,3,person,0.758,1.44,5.36,25.2,30.55,1274.546,4.1489,3.131171,37.86,1274.546,424.849,0.66,2.4,0.187,41.72,9.62,8.58,16.06,0.23,7.04,yolo,20.3,2.27,0,11.9,42.0,1151.5,141.0,1,66.7
2026-06-09 10:55:20,11298,depth,5,laptop|person|person|person|laptop|laptop|remote|person|remote|person,0.612,1.52,5.67,22.2,27.87,1243.838,4.049,3.138295,37.86,1243.838,248.768,0.8,4.0,0.279,44.63,10.58,8.63,17.93,0.24,7.06,yolo,22.3,0.59,0,12.6,37.0,1151.5,141.0,1,80.0
2026-06-09 10:55:21,11320,depth,5,laptop|remote|person,0.675,1.42,6.75,19.2,25.95,1149.325,3.7413,3.14561,37.86,1149.325,229.865,0.8,4.4,0.276,44.29,10.06,8.66,18.1,0.29,6.98,yolo,20.8,0.43,0,15.0,32.0,1151.5,141.0,1,100.0
2026-06-09 10:55:22,11342,depth,5,laptop|remote|person,0.721,1.38,6.21,25.2,31.41,1386.437,4.5131,3.152818,37.86,1386.437,277.287,0.72,3.6,0.275,44.14,9.97,8.6,18.2,0.31,6.86,yolo,22.7,0.65,0,13.8,42.0,1151.5,141.0,1,100.0
2026-06-09 10:55:23,11364,depth,5,laptop|remote|person,0.696,1.38,6.21,25.2,31.41,1390.835,4.5275,3.161298,37.86,1390.835,278.167,0.66,3.6,0.274,44.28,9.99,8.75,18.23,0.32,6.79,yolo,20.7,0.57,0,13.8,42.0,1151.5,141.0,1,100.0
2026-06-09 10:55:24,11386,depth,5,laptop|remote|person,0.703,1.39,8.28,21.6,29.88,1336.532,4.3507,3.169526,37.86,1336.532,267.306,0.71,3.7,0.272,44.73,9.78,9.04,18.36,0.34,7.01,yolo,21.3,0.17,0,18.4,36.0,1151.6,141.0,1,100.0
2026-06-09 10:55:25,11407,depth,5,laptop|person|laptop|remote|person,0.738,1.41,9.04,18.6,27.65,1239.273,4.0341,3.17712,37.86,1239.273,247.855,0.75,4.0,0.27,44.82,8.85,9.38,18.52,0.37,7.5,yolo,20.8,0.11,0,20.1,31.0,1151.6,141.0,1,100.0
2026-06-09 10:55:26,11430,depth,5,laptop|remote|person,0.708,1.37,5.4,13.8,19.2,856.32,2.7875,3.184924,37.86,856.32,171.264,1.09,5.8,0.272,44.6,9.07,9.16,18.4,0.35,7.42,yolo,20.9,0.02,0,12.0,23.0,1151.6,141.0,1,100.0
2026-06-09 10:55:27,11454,depth,4,laptop|person|laptop|remote|person,0.724,1.37,5.4,13.8,19.2,845.568,2.7525,3.190628,37.86,845.568,211.392,1.16,4.7,0.224,44.04,9.75,8.9,17.83,0.32,7.06,yolo,22.3,0.18,0,12.0,23.0,1151.6,141.0,1,100.0
2026-06-09 10:55:28,11482,depth,4,laptop|person|laptop|remote|person,0.773,1.46,5.71,13.8,19.52,768.307,2.501,3.196945,37.86,768.307,192.077,1.43,5.2,0.282,39.36,8.52,9.06,14.2,0.33,7.05,yolo,27.9,1.04,0,12.7,23.0,1151.6,141.0,1,100.0
2026-06-09 10:55:29,11508,depth,4,laptop|person,0.778,1.47,6.88,13.8,20.69,741.116,2.4125,3.202389,37.86,741.116,185.279,1.22,5.4,0.333,35.82,6.98,9.09,12.0,0.31,7.22,yolo,25.3,0.5,0,15.3,23.0,1151.6,141.0,1,100.0
2026-06-09 10:55:30,11530,depth,4,laptop|person,0.791,1.54,7.07,15.0,22.07,853.447,2.7781,3.207221,37.86,853.447,213.362,1.15,4.7,0.281,38.67,7.6,9.01,14.22,0.29,7.35,yolo,25.3,0.0,0,15.7,25.0,1151.6,141.0,1,100.0
2026-06-09 10:55:31,11556,depth,4,laptop|person,0.798,1.53,5.08,13.8,18.89,755.033,2.4578,3.213301,37.86,755.033,188.758,1.32,5.3,0.266,39.97,8.38,8.84,15.01,0.27,7.27,yolo,24.9,0.48,0,11.3,23.0,1151.6,141.0,1,100.0
2026-06-09 10:55:32,11585,depth,4,laptop|person|laptop|remote|person,0.786,1.48,5.76,13.8,19.56,702.4,2.2865,3.219131,37.86,702.4,175.6,1.47,5.7,0.329,35.91,7.48,8.73,12.14,0.28,7.11,yolo,28.8,0.71,0,12.8,23.0,1151.6,141.0,1,75.0
2026-06-09 10:55:33,11607,depth,4,laptop|person,0.756,1.61,5.76,13.8,19.56,741.715,2.4144,3.223486,37.86,741.715,185.429,1.09,5.4,0.292,37.92,8.09,8.63,13.68,0.28,7.05,yolo,21.4,1.54,0,12.8,23.0,1151.6,141.0,1,100.0
2026-06-09 10:55:34,11635,depth,6,laptop|person,0.805,1.56,5.13,26.4,31.53,1206.338,3.9269,3.232602,37.86,1206.338,201.056,0.88,5.0,0.438,38.26,8.22,8.74,13.7,0.29,7.12,yolo,27.7,1.17,0,11.4,44.0,1151.6,141.0,1,100.0
2026-06-09 10:55:35,11661,depth,7,laptop|person|laptop|remote|person|laptop|person|tie|laptop|couch|person|tie,0.725,1.74,6.52,14.4,20.92,753.329,2.4522,3.238691,37.86,753.329,107.618,1.23,9.3,0.568,36.01,6.87,8.99,12.32,0.38,7.26,yolo,25.7,0.38,0,14.5,24.0,1151.6,141.0,1,100.0
2026-06-09 10:55:36,11682,depth,5,laptop|person|laptop|remote|person,0.706,1.68,5.8,21.0,26.8,1033.14,3.3631,3.243968,37.86,1033.14,206.628,0.78,4.8,0.345,38.55,7.17,8.95,14.48,0.4,7.37,yolo,20.9,1.02,0,12.9,35.0,1151.6,141.0,1,100.0
2026-06-09 10:55:37,11703,depth,4,laptop|person|laptop|remote|person,0.766,1.52,6.16,24.6,30.76,1307.3,4.2555,3.250474,37.86,1307.3,326.825,0.68,3.1,0.23,42.5,8.2,8.88,17.41,0.4,7.44,yolo,20.8,0.02,0,13.7,41.0,1151.6,141.0,1,100.0
2026-06-09 10:55:38,11727,depth,4,laptop|person|laptop|remote|person,0.811,1.51,6.16,24.6,30.76,1378.971,4.4888,3.259522,37.86,1378.971,344.743,0.73,2.9,0.213,44.83,9.51,8.68,18.77,0.32,7.37,yolo,22.4,0.32,0,13.7,41.0,1151.6,141.0,1,100.0
2026-06-09 10:55:39,11750,depth,4,laptop|person,0.81,1.54,4.81,27.6,32.41,1437.059,4.6779,3.268679,37.86,1437.059,359.265,0.69,2.8,0.217,44.34,9.55,8.62,18.46,0.28,7.23,yolo,22.5,0.02,0,10.7,46.0,1151.6,141.0,1,100.0
2026-06-09 10:55:40,11772,depth,4,laptop|person,0.823,1.55,5.08,20.4,25.49,1117.482,3.6376,3.27631,37.86,1117.482,279.37,0.81,3.6,0.219,43.84,9.28,8.7,18.24,0.27,7.17,yolo,20.7,0.37,0,11.3,34.0,1151.6,141.0,1,100.0
2026-06-09 10:55:41,11795,depth,4,laptop|person,0.827,1.56,5.62,13.8,19.43,845.788,2.7532,3.282993,37.86,845.788,211.447,1.17,4.7,0.226,43.53,9.31,8.87,17.68,0.26,7.22,yolo,22.8,0.43,0,12.5,23.0,1151.6,141.0,1,100.0
2026-06-09 10:55:42,11823,depth,4,laptop|person,0.829,1.55,6.12,14.4,20.52,781.196,2.543,3.28916,37.86,781.196,195.299,1.34,5.1,0.288,38.07,7.53,8.95,13.91,0.26,7.25,yolo,27.5,0.87,0,13.6,24.0,1151.6,141.0,1,100.0
2026-06-09 10:55:43,11850,depth,5,laptop|person,0.782,1.61,5.49,28.2,33.69,1209.134,3.936,3.29488,37.86,1209.134,241.827,0.75,4.1,0.397,35.89,6.41,9.02,12.61,0.28,7.35,yolo,25.3,0.42,0,12.2,47.0,1151.6,141.0,1,100.0
2026-06-09 10:55:45,11874,depth,5,laptop|person,0.753,1.64,5.49,28.2,33.69,1369.498,4.458,3.30346,37.86,1369.498,273.9,0.62,3.7,0.319,40.65,8.14,8.99,15.65,0.3,7.35,yolo,20.9,1.64,0,12.2,47.0,1151.6,141.0,1,100.0
2026-06-09 10:55:46,11895,depth,5,laptop|person,0.759,1.64,5.0,18.6,23.6,1050.436,3.4194,3.30987,37.86,1050.436,210.087,0.88,4.8,0.272,44.51,9.3,8.86,18.38,0.29,7.47,yolo,20.9,0.0,0,11.1,31.0,1151.6,141.0,1,100.0
2026-06-09 10:55:47,11916,depth,5,laptop|person,0.764,1.65,5.8,26.4,32.2,1437.086,4.678,3.31678,37.86,1437.086,287.417,0.65,3.5,0.275,44.63,9.7,8.87,18.2,0.29,7.39,yolo,20.9,0.0,0,12.9,44.0,1151.6,141.0,1,100.0
2026-06-09 10:55:48,11940,depth,4,laptop|person,0.776,1.61,5.22,13.8,19.02,808.35,2.6313,3.326096,37.86,808.35,202.088,1.31,4.9,0.241,42.5,9.3,8.81,16.6,0.3,7.32,yolo,24.8,1.29,0,11.6,23.0,1151.6,141.0,1,100.0
2026-06-09 10:55:49,11970,depth,4,laptop|person,0.822,1.55,5.71,13.8,19.52,721.654,2.3491,3.332411,37.86,721.654,180.413,1.4,5.5,0.313,36.97,7.84,8.79,12.76,0.3,7.09,yolo,27.4,0.88,0,12.7,23.0,1151.6,141.0,1,100.0
2026-06-09 10:55:50,11995,depth,4,laptop|person,0.83,1.55,5.71,13.8,19.52,715.603,2.3294,3.337304,37.86,715.603,178.901,1.2,5.6,0.312,36.66,7.65,8.67,12.83,0.28,7.04,yolo,23.4,1.6,0,12.7,23.0,1151.6,141.0,1,100.0
2026-06-09 10:55:51,12016,depth,4,laptop|person,0.824,1.56,5.17,25.2,30.38,1235.555,4.022,3.343735,37.86,1235.555,308.889,0.69,3.2,0.258,40.67,9.03,8.65,15.48,0.27,7.05,yolo,20.9,1.06,0,11.5,42.0,1151.6,141.0,1,100.0
2026-06-09 10:55:52,12039,depth,4,laptop|person,0.823,1.56,5.0,21.6,26.59,1176.342,3.8292,3.351575,37.86,1176.342,294.086,0.83,3.4,0.224,44.24,10.13,8.67,17.86,0.26,7.15,yolo,21.9,0.44,0,11.1,36.0,1151.6,141.0,1,100.0
2026-06-09 10:55:53,12063,depth,4,laptop|person,0.826,1.56,6.16,12.0,18.16,770.166,2.507,3.358953,37.86,770.166,192.542,1.3,5.2,0.245,42.41,9.72,8.79,16.33,0.27,7.12,yolo,23.6,0.74,0,13.7,20.0,1151.6,141.0,1,100.0
2026-06-09 10:55:54,12091,depth,4,laptop|person,0.82,1.55,6.03,14.4,20.43,774.706,2.5218,3.364686,37.86,774.706,193.677,1.32,5.2,0.301,37.92,8.15,8.9,13.29,0.27,7.12,yolo,27.0,1.47,0,13.4,24.0,1151.6,141.0,1,100.0
2026-06-09 10:55:55,12116,depth,4,laptop|person,0.823,1.55,6.03,14.4,20.43,754.684,2.4567,3.369924,37.86,754.684,188.671,1.18,5.3,0.314,36.94,7.71,8.85,12.75,0.27,7.19,yolo,24.0,1.28,0,13.4,24.0,1151.6,141.0,1,100.0
2026-06-09 10:55:56,12137,depth,4,laptop|person,0.814,1.55,6.08,28.2,34.27,1379.025,4.489,3.377273,37.86,1379.025,344.756,0.61,2.9,0.266,40.24,8.79,8.8,15.03,0.26,7.2,yolo,20.9,1.4,0,13.5,47.0,1151.6,141.0,1,100.0
2026-06-09 10:55:57,12164,depth,4,laptop|person,0.806,1.55,4.77,13.2,17.97,723.652,2.3556,3.384976,37.86,723.652,180.913,1.42,5.5,0.268,40.27,8.94,8.74,14.93,0.26,7.22,yolo,25.5,1.91,0,10.6,22.0,1151.6,141.0,1,100.0
2026-06-09 10:55:58,12192,depth,4,laptop|person,0.801,1.56,6.12,13.8,19.92,715.925,2.3305,3.39049,37.86,715.925,178.981,1.43,5.6,0.334,35.94,7.35,8.86,11.99,0.27,7.28,yolo,28.5,1.15,0,13.6,23.0,1151.6,141.0,1,100.0
2026-06-09 10:55:59,12214,depth,4,laptop|person,0.809,1.55,4.86,16.8,21.66,825.679,2.6878,3.395055,37.86,825.679,206.42,1.0,4.8,0.289,38.12,7.78,8.86,13.86,0.28,7.17,yolo,21.7,2.85,0,10.8,28.000000000000004,1151.6,141.0,1,100.0
2026-06-09 10:56:00,12238,depth,4,laptop|person|laptop|chair|person,0.803,1.55,4.86,16.8,21.66,902.356,2.9374,3.400867,37.86,902.356,225.589,1.04,4.4,0.25,41.66,9.31,8.83,16.02,0.27,7.04,yolo,22.5,0.35,0,10.8,28.000000000000004,1151.6,141.0,1,100.0
2026-06-09 10:56:01,12267,depth,4,laptop|person,0.801,1.55,5.0,13.2,18.2,686.868,2.2359,3.406817,37.86,686.868,171.717,1.48,5.8,0.298,37.74,7.76,8.92,13.44,0.27,7.16,yolo,26.9,1.88,0,11.1,22.0,1151.6,141.0,1,100.0
2026-06-09 10:56:02,12292,depth,4,laptop|person,0.805,1.55,5.85,13.8,19.65,701.702,2.2842,3.411745,37.86,701.702,175.425,1.29,5.7,0.331,35.71,7.13,8.85,12.07,0.27,7.21,yolo,25.4,0.6,0,13.0,23.0,1151.6,141.0,1,100.0
2026-06-09 10:56:03,12315,depth,4,laptop|person,0.805,1.56,5.08,15.6,20.69,819.531,2.6677,3.416634,37.86,819.531,204.883,1.09,4.9,0.269,39.61,8.22,8.87,14.87,0.27,7.21,yolo,22.6,1.15,0,11.3,26.0,1151.6,141.0,1,100.0
2026-06-09 10:56:04,12343,depth,4,laptop|person|laptop|remote|person,0.808,1.54,5.58,13.8,19.38,765.898,2.4932,3.42284,37.86,765.898,191.475,1.28,5.2,0.274,39.52,8.38,8.9,14.58,0.27,7.21,yolo,24.9,1.04,0,12.4,23.0,1151.6,141.0,1,100.0
2026-06-09 10:56:05,12369,depth,4,laptop|person,0.817,1.51,5.76,13.8,19.56,702.595,2.2871,3.428064,37.86,702.595,175.649,1.46,5.7,0.328,35.92,7.19,8.89,12.18,0.28,7.19,yolo,28.5,1.42,0,12.8,23.0,1151.6,141.0,1,100.0
2026-06-09 10:56:06,12390,depth,4,laptop|person|laptop|remote|person,0.812,1.53,5.31,25.8,31.11,1198.046,3.8999,3.432373,37.86,1198.046,299.512,0.69,3.3,0.284,38.51,7.77,8.93,14.09,0.28,7.25,yolo,21.5,2.75,0,11.8,43.0,1151.6,141.0,1,100.0
2026-06-09 10:56:07,12414,depth,4,laptop|person|laptop|remote|person,0.8,1.49,5.31,25.8,31.11,1333.063,4.3394,3.440792,37.86,1333.063,333.266,0.67,3.0,0.238,42.85,9.21,9.0,16.79,0.32,7.34,yolo,20.9,0.27,0,11.8,43.0,1151.6,141.0,1,100.0
2026-06-09 10:56:08,12438,depth,5,laptop|person,0.766,1.53,5.71,22.8,28.52,1225.504,3.9893,3.449274,37.86,1225.504,245.101,0.8,4.1,0.3,42.97,9.69,8.89,16.64,0.34,7.22,yolo,22.7,0.85,0,12.7,38.0,1151.6,141.0,1,100.0
2026-06-09 10:56:09,12467,depth,4,laptop|person,0.739,1.54,6.16,14.4,20.56,776.962,2.5292,3.456966,37.86,776.962,194.24,1.3,5.1,0.298,37.79,7.84,8.82,13.43,0.32,7.2,yolo,26.7,1.85,0,13.7,24.0,1151.6,141.0,1,100.0
2026-06-09 10:56:10,12492,depth,5,laptop|person,0.784,1.6,5.67,13.8,19.47,696.247,2.2664,3.461948,37.86,696.247,139.249,1.34,7.2,0.41,35.76,6.8,8.85,12.21,0.34,7.36,yolo,26.2,0.22,0,12.6,23.0,1151.6,141.0,1,100.0
2026-06-09 10:56:11,12515,depth,4,laptop|person,0.758,1.71,5.99,14.4,20.38,798.488,2.5992,3.466694,37.86,798.488,199.622,1.1,5.0,0.268,39.18,7.64,8.8,14.91,0.34,7.3,yolo,22.4,1.67,0,13.3,24.0,1151.6,141.0,1,100.0
2026-06-09 10:56:12,12537,depth,4,laptop|person,0.788,1.6,5.99,14.4,20.38,887.345,2.8885,3.471857,37.86,887.345,221.836,1.11,4.5,0.225,43.54,9.2,8.79,17.81,0.34,7.2,yolo,22.7,0.13,0,13.3,24.0,1151.6,141.0,1,100.0
2026-06-09 10:56:13,12558,depth,5,laptop|person|laptop|cup|person|laptop|remote|person,0.82,1.54,5.31,20.4,25.71,1137.925,3.7042,3.478347,37.86,1137.925,227.585,0.8,4.4,0.279,44.26,10.1,8.7,17.94,0.3,7.03,yolo,20.7,0.85,0,11.8,34.0,1151.6,141.0,1,100.0
2026-06-09 10:56:14,12581,depth,5,laptop|person|laptop|cup|person,0.784,1.56,5.0,18.0,23.0,1016.83,3.31,3.485221,37.86,1016.83,203.366,0.9,4.9,0.277,44.21,9.75,8.77,18.07,0.29,7.15,yolo,20.7,0.0,0,11.1,30.0,1151.6,141.0,1,100.0
2026-06-09 10:56:15,12602,depth,4,laptop|person|laptop|cup|person,0.751,1.68,5.36,24.0,29.36,1302.997,4.2415,3.49139,37.86,1302.997,325.749,0.76,3.1,0.22,44.38,9.72,8.77,18.22,0.29,7.19,yolo,22.2,0.52,0,11.9,40.0,1151.6,141.0,1,100.0
2026-06-09 10:56:16,12624,depth,4,laptop|person,0.79,1.57,5.36,24.0,29.36,1302.997,4.2415,3.499356,37.86,1302.997,325.749,0.71,3.1,0.219,44.38,9.68,8.76,18.23,0.32,7.21,yolo,20.9,0.5,0,11.9,40.0,1151.6,141.0,1,100.0
2026-06-09 10:56:17,12645,depth,4,laptop|person,0.818,1.55,5.04,20.4,25.44,1145.054,3.7274,3.506233,37.86,1145.054,286.264,0.82,3.5,0.219,45.01,10.46,8.72,18.29,0.3,7.07,yolo,20.8,0.04,0,11.2,34.0,1151.6,141.0,1,100.0
2026-06-09 10:56:18,12667,depth,4,laptop|person,0.824,1.56,5.99,18.0,23.98,1072.146,3.4901,3.513067,37.86,1072.146,268.036,0.87,3.7,0.218,44.71,9.9,8.75,18.39,0.29,7.19,yolo,21.0,0.08,0,13.3,30.0,1151.6,141.0,1,100.0
2026-06-09 10:56:19,12690,depth,4,laptop|person,0.823,1.57,6.16,27.6,33.77,1507.493,4.9072,3.520038,37.86,1507.493,376.873,0.66,2.7,0.218,44.64,9.82,8.75,18.39,0.28,7.22,yolo,22.4,0.53,0,13.7,46.0,1151.6,141.0,1,100.0
2026-06-09 10:56:21,12714,depth,4,laptop|person,0.836,1.57,6.16,27.6,33.77,1490.946,4.8533,3.529998,37.86,1490.946,372.736,0.65,2.7,0.223,44.15,9.73,8.89,17.95,0.27,7.13,yolo,21.9,0.22,0,13.7,46.0,1151.6,141.0,1,100.0
2026-06-09 10:56:22,12735,depth,4,laptop|person,0.86,1.58,5.31,19.8,25.11,1113.126,3.6235,3.537012,37.86,1113.126,278.281,0.86,3.6,0.226,44.33,10.25,8.89,17.68,0.27,7.05,yolo,21.5,0.17,0,11.8,33.0,1151.6,141.0,1,100.0
2026-06-09 10:56:23,12756,depth,4,laptop|person,0.88,1.59,4.95,25.2,30.15,1346.801,4.3841,3.543951,37.86,1346.801,336.7,0.69,3.0,0.225,44.67,10.62,8.79,17.79,0.27,7.04,yolo,20.9,0.26,0,11.0,42.0,1151.6,141.0,1,100.0
2026-06-09 10:56:24,12780,depth,5,laptop|person|laptop|remote|person|chair|laptop|chair|person,0.805,1.6,6.08,13.2,19.27,861.176,2.8033,3.552804,37.86,861.176,172.235,1.11,5.8,0.276,44.69,10.63,8.61,18.13,0.3,6.86,yolo,21.3,0.18,0,13.5,22.0,1151.6,141.0,1,100.0
2026-06-09 10:56:25,12808,depth,5,laptop|person|laptop|chair|person,0.762,1.67,6.08,13.2,19.27,785.253,2.5562,3.559242,37.86,785.253,157.051,1.28,6.4,0.333,40.75,8.77,9.2,15.01,0.35,7.23,yolo,24.7,1.63,0,13.5,22.0,1151.6,141.0,1,100.0
2026-06-09 10:56:26,12835,depth,5,laptop|person,0.75,1.67,10.57,10.8,21.38,782.936,2.5486,3.565337,37.86,782.936,156.587,1.29,6.4,0.409,36.62,7.35,9.17,12.22,0.36,7.32,yolo,27.6,1.32,0,23.5,18.0,1151.6,141.0,1,100.0
2026-06-09 10:56:27,12856,depth,4,laptop|person,0.754,1.62,6.57,24.0,30.57,1177.251,3.8322,3.571636,37.86,1177.251,294.313,0.67,3.4,0.28,38.51,7.19,9.25,14.28,0.33,7.22,yolo,20.5,3.45,0,14.6,40.0,1151.6,141.0,1,100.0
2026-06-09 10:56:28,12879,depth,5,laptop|person,0.771,1.55,9.13,26.4,35.53,1505.406,4.9004,3.58012,37.86,1505.406,301.081,0.64,3.3,0.292,42.37,8.54,9.05,17.14,0.31,7.1,yolo,22.6,1.0,0,20.3,44.0,1151.6,141.0,1,100.0
2026-06-09 10:56:29,12900,depth,6,laptop|person,0.73,1.67,8.32,19.2,27.52,1213.632,3.9506,3.589084,37.86,1213.632,202.272,0.8,4.9,0.334,44.1,9.45,9.06,17.97,0.34,7.04,yolo,22.0,0.28,0,18.5,32.0,1151.6,141.0,1,100.0
2026-06-09 10:56:30,12926,depth,5,laptop|person,0.765,1.74,8.32,19.2,27.52,1163.27,3.7867,3.5977,37.86,1163.27,232.654,0.8,4.3,0.3,42.27,9.44,8.73,16.68,0.37,6.84,yolo,22.0,0.0,0,18.5,32.0,1151.6,141.0,1,100.0
2026-06-09 10:56:31,12954,depth,5,laptop|person,0.779,1.66,7.07,13.2,20.27,755.057,2.4579,3.604215,37.86,755.057,151.011,1.37,6.6,0.384,37.25,8.04,8.68,13.03,0.38,6.91,yolo,27.8,2.83,0,15.7,22.0,1151.6,141.0,1,100.0
2026-06-09 10:56:32,12978,depth,5,laptop|person,0.797,1.65,8.73,13.8,22.53,817.614,2.6615,3.609534,37.86,817.614,163.523,1.14,6.1,0.399,36.29,7.17,8.89,12.54,0.37,7.11,yolo,25.8,0.97,0,19.4,23.0,1151.6,141.0,1,100.0
2026-06-09 10:56:33,12999,depth,5,laptop|person,0.808,1.66,7.29,22.2,29.49,1182.254,3.8485,3.615295,37.86,1182.254,236.451,0.71,4.2,0.326,40.09,8.12,8.94,15.36,0.34,7.14,yolo,20.9,2.42,0,16.2,37.0,1151.6,141.0,1,100.0
2026-06-09 10:56:34,13021,depth,5,laptop|person,0.796,1.67,7.25,19.2,26.45,1158.51,3.7712,3.62279,37.86,1158.51,231.702,0.82,4.3,0.275,43.8,9.25,8.86,18.16,0.32,7.03,yolo,21.8,0.43,0,16.1,32.0,1151.6,141.0,1,100.0
2026-06-09 10:56:35,13044,depth,5,laptop|person,0.778,1.67,7.25,19.2,26.45,1170.677,3.8108,3.630255,37.86,1170.677,234.135,0.85,4.3,0.268,44.26,9.52,8.61,18.63,0.33,6.98,yolo,22.6,0.38,0,16.1,32.0,1151.6,141.0,1,100.0
2026-06-09 10:56:36,13067,depth,5,laptop|person,0.762,1.67,7.65,25.2,32.85,1438.83,4.6837,3.639085,37.86,1438.83,287.766,0.63,3.5,0.272,43.8,9.46,8.45,18.39,0.34,6.97,yolo,20.7,0.93,0,17.0,42.0,1151.6,141.0,1,100.0
2026-06-09 10:56:37,13094,depth,7,laptop|person,0.686,1.72,7.2,14.4,21.6,862.92,2.809,3.647494,37.86,862.92,123.274,1.15,8.1,0.464,39.95,8.97,8.42,15.07,0.36,6.93,yolo,24.9,2.06,0,16.0,24.0,1152.5,141.0,1,100.0
2026-06-09 10:56:38,13121,depth,5,laptop|person|person,0.719,1.75,7.38,14.4,21.78,781.684,2.5445,3.653581,37.86,781.684,156.337,1.26,6.4,0.412,35.89,7.73,8.54,12.14,0.39,6.88,yolo,27.5,1.23,0,16.4,24.0,1152.5,141.0,1,100.0
2026-06-09 10:56:39,13143,depth,6,person,0.791,1.54,7.38,15.0,22.38,852.23,2.7742,3.658484,37.86,852.23,142.038,1.04,7.0,0.427,38.08,8.0,8.6,14.04,0.39,6.84,yolo,23.3,1.96,0,16.4,25.0,1152.5,141.0,1,100.0
2026-06-09 10:56:40,13167,depth,5,person,0.794,1.45,7.38,15.0,22.38,930.784,3.0299,3.664466,37.86,930.784,186.157,1.01,5.4,0.312,41.59,9.53,8.67,16.05,0.38,6.76,yolo,22.5,0.38,0,16.4,25.0,1152.5,141.0,1,100.0
2026-06-09 10:56:41,13196,depth,5,person,0.822,1.44,7.43,13.8,21.23,813.321,2.6475,3.671409,37.86,813.321,162.664,1.25,6.1,0.362,38.31,8.37,8.57,13.81,0.39,6.96,yolo,26.6,1.95,0,16.5,23.0,1152.5,141.0,1,100.0
2026-06-09 10:56:42,13221,depth,7,laptop|person|person,0.792,1.59,7.65,13.8,21.45,771.342,2.5109,3.676857,37.86,771.342,110.192,1.26,9.1,0.576,35.96,7.44,8.7,12.16,0.38,7.07,yolo,27.0,0.19,0,17.0,23.0,1152.5,141.0,1,100.0
2026-06-09 10:56:43,13244,depth,6,laptop|person,0.722,1.78,7.11,27.0,34.11,1340.182,4.3626,3.684026,37.86,1340.182,223.364,0.61,4.5,0.408,39.29,8.16,8.7,14.71,0.39,7.13,yolo,20.7,3.07,0,15.8,45.0,1152.5,141.0,1,100.0
2026-06-09 10:56:44,13271,depth,7,laptop|person,0.731,1.67,7.87,14.4,22.27,887.237,2.8881,3.692662,37.86,887.237,126.748,1.13,7.9,0.467,39.84,8.6,8.61,15.0,0.41,7.01,yolo,25.3,2.22,0,17.5,24.0,1152.5,141.0,1,85.7
2026-06-09 10:56:45,13298,depth,5,laptop|person,0.737,1.79,7.16,14.4,21.55,774.507,2.5212,3.698852,37.86,774.507,154.901,1.29,6.5,0.415,35.94,7.84,8.58,12.05,0.39,6.87,yolo,27.8,1.14,0,15.9,24.0,1152.5,141.0,1,100.0
2026-06-09 10:56:46,13320,depth,6,laptop|person,0.764,1.66,6.93,27.0,33.93,1298.501,4.2269,3.703824,37.86,1298.501,216.417,0.66,4.6,0.44,38.27,8.68,8.51,13.65,0.36,6.85,yolo,22.5,2.47,0,15.4,45.0,1152.5,141.0,1,83.3
2026-06-09 10:56:47,13350,depth,4,laptop|person,0.692,1.63,8.32,14.4,22.72,866.541,2.8208,3.714503,37.86,866.541,216.635,1.17,4.6,0.294,38.14,8.31,8.72,13.62,0.35,6.92,yolo,26.5,1.89,0,18.5,24.0,1152.5,141.0,1,100.0
2026-06-09 10:56:48,13377,depth,4,laptop|person,0.745,1.72,8.32,14.4,22.72,815.421,2.6544,3.720776,37.86,815.421,203.855,1.21,4.9,0.325,35.89,7.33,8.71,12.3,0.37,6.98,yolo,27.4,0.42,0,18.5,24.0,1152.5,141.0,1,100.0
2026-06-09 10:56:49,13400,depth,6,laptop|person,0.753,1.61,7.43,19.2,26.62,1042.173,3.3925,3.727068,37.86,1042.173,173.696,0.8,5.8,0.399,39.15,8.19,8.57,15.03,0.34,6.8,yolo,21.3,2.98,0,16.5,32.0,1152.5,141.0,1,100.0
2026-06-09 10:56:50,13422,depth,5,laptop|person,0.699,1.72,7.11,13.8,20.91,900.803,2.9323,3.732921,37.86,900.803,180.161,1.05,5.6,0.279,43.08,9.24,8.61,17.92,0.33,6.76,yolo,22.0,0.34,0,15.8,23.0,1152.5,141.0,1,100.0
2026-06-09 10:56:51,13445,depth,5,laptop|person,0.69,1.77,7.11,15.0,22.11,961.564,3.1301,3.738851,37.86,961.564,192.313,0.99,5.2,0.283,43.49,9.72,8.61,17.64,0.37,6.94,yolo,21.8,0.1,0,15.8,25.0,1152.5,141.0,1,100.0
2026-06-09 10:56:52,13473,depth,4,laptop|person,0.722,1.65,7.43,13.8,21.23,811.623,2.642,3.745786,37.86,811.623,202.906,1.31,4.9,0.288,38.23,8.2,8.54,13.91,0.35,7.04,yolo,27.9,2.85,0,16.5,23.0,1152.5,141.0,1,100.0
2026-06-09 10:56:54,13500,depth,4,laptop|person,0.756,1.55,7.7,28.8,36.49,1266.933,4.1241,3.751675,37.86,1266.933,316.733,0.72,3.2,0.326,34.72,6.44,8.71,12.26,0.31,6.81,yolo,26.4,0.66,0,17.1,48.0,1152.5,141.0,1,100.0
2026-06-09 10:56:55,13524,depth,4,laptop|person,0.748,1.59,7.7,28.8,36.49,1435.882,4.6741,3.76068,37.86,1435.882,358.971,0.59,2.8,0.266,39.35,8.16,8.9,15.02,0.31,6.76,yolo,21.6,2.32,0,17.1,48.0,1152.5,141.0,1,100.0
2026-06-09 10:56:56,13551,depth,4,laptop|person,0.722,1.57,8.41,25.2,33.61,1348.769,4.3905,3.770956,37.86,1348.769,337.192,0.7,3.0,0.257,40.13,8.29,8.96,15.57,0.3,6.81,yolo,23.7,1.04,0,18.7,42.0,1152.5,141.0,1,100.0
2026-06-09 10:56:57,13580,depth,4,laptop|person,0.759,1.57,7.79,13.8,21.59,766.013,2.4935,3.778581,37.86,766.013,191.503,1.3,5.2,0.34,35.48,7.61,8.8,11.78,0.29,6.79,yolo,28.0,2.14,0,17.3,23.0,1152.5,141.0,1,100.0
2026-06-09 10:56:58,13602,depth,4,laptop|person|laptop|remote|person,0.78,1.54,7.43,13.8,21.23,794.639,2.5867,3.783256,37.86,794.639,198.66,1.11,5.0,0.298,37.43,8.12,8.63,13.43,0.28,6.76,yolo,23.7,2.14,0,16.5,23.0,1152.5,141.0,1,100.0
2026-06-09 10:56:59,13624,depth,4,laptop|person,0.765,1.59,7.16,17.4,24.55,1004.34,3.2693,3.788549,37.86,1004.34,251.085,0.92,4.0,0.248,40.91,8.97,8.69,16.14,0.28,6.64,yolo,22.5,0.58,0,15.9,28.999999999999996,1152.5,141.0,1,100.0
2026-06-09 10:57:00,13647,depth,5,laptop|person,0.749,1.6,7.16,17.4,24.55,1073.081,3.4931,3.795255,37.86,1073.081,214.616,0.92,4.7,0.279,43.71,10.07,8.56,17.92,0.28,6.68,yolo,22.6,0.05,0,15.9,28.999999999999996,1152.5,141.0,1,100.0
2026-06-09 10:57:01,13668,depth,5,laptop|person,0.728,1.65,7.51,24.0,31.52,1393.814,4.5372,3.80319,37.86,1393.814,278.763,0.66,3.6,0.28,44.22,10.52,8.52,17.83,0.3,6.85,yolo,20.8,0.87,0,16.7,40.0,1152.5,141.0,1,100.0
2026-06-09 10:57:02,13691,depth,5,laptop|person|laptop|remote|person,0.699,1.61,7.65,20.4,28.05,1242.334,4.0441,3.811586,37.86,1242.334,248.467,0.74,4.0,0.28,44.29,10.47,8.6,17.85,0.32,6.86,yolo,20.7,0.05,0,17.0,34.0,1152.5,141.0,1,100.0
2026-06-09 10:57:03,13712,depth,4,laptop|person,0.714,1.59,6.75,26.4,33.15,1470.534,4.7869,3.819024,37.86,1470.534,367.634,0.68,2.7,0.223,44.36,10.49,8.59,17.9,0.32,6.87,yolo,22.4,0.77,0,15.0,44.0,1152.5,141.0,1,100.0
2026-06-09 10:57:04,13740,depth,5,laptop|person,0.725,1.52,7.6,13.8,21.41,833.277,2.7125,3.829632,37.86,833.277,166.655,1.23,6.0,0.347,38.92,8.48,8.64,14.4,0.31,6.91,yolo,26.4,1.73,0,16.9,23.0,1152.5,141.0,1,80.0
2026-06-09 10:57:05,13767,depth,6,laptop|person,0.672,1.63,7.6,13.8,21.41,770.974,2.5097,3.835601,37.86,770.974,128.496,1.28,7.8,0.493,36.01,7.75,8.67,12.18,0.33,6.89,yolo,27.5,0.46,0,16.9,23.0,1152.5,141.0,1,100.0
2026-06-09 10:57:06,13788,depth,6,laptop|person,0.642,1.72,7.43,20.4,27.83,1091.771,3.5539,3.84151,37.86,1091.771,181.962,0.75,5.5,0.409,39.23,8.56,8.7,14.66,0.36,6.76,yolo,20.7,3.07,0,16.5,34.0,1152.5,141.0,1,100.0
2026-06-09 10:57:07,13811,depth,6,laptop|person|laptop|cell phone|person,0.635,1.73,7.96,24.6,32.56,1386.405,4.513,3.849463,37.86,1386.405,231.067,0.65,4.3,0.34,42.58,8.86,8.69,17.67,0.36,6.81,yolo,21.2,0.22,0,17.7,41.0,1152.5,141.0,1,100.0
2026-06-09 10:57:08,13833,depth,7,laptop|tennis racket|person|laptop|person,0.65,1.72,6.79,15.6,22.4,985.376,3.2076,3.857716,37.86,985.376,140.768,1.0,7.1,0.375,43.99,9.32,8.66,18.66,0.35,6.81,yolo,22.3,0.42,0,15.1,26.0,1152.5,141.0,1,100.0
2026-06-09 10:57:09,13860,depth,4,laptop|tennis racket|person|laptop|person,0.693,1.62,8.78,13.8,22.58,929.393,3.0254,3.864973,37.86,929.393,232.348,1.04,4.3,0.247,41.16,8.92,8.72,16.21,0.34,6.75,yolo,23.6,0.57,0,19.5,23.0,1152.5,141.0,1,100.0
2026-06-09 10:57:10,13890,depth,4,laptop|person,0.765,1.45,9.04,13.8,22.84,825.666,2.6877,3.872315,37.86,825.666,206.417,1.25,4.8,0.324,36.15,7.91,8.8,12.33,0.3,6.6,yolo,28.6,2.21,0,20.1,23.0,1152.5,141.0,1,100.0
2026-06-09 10:57:11,13914,depth,4,laptop|person,0.755,1.41,9.04,13.8,22.84,853.759,2.7792,3.877824,37.86,853.759,213.44,1.04,4.7,0.301,37.38,7.86,8.99,13.27,0.29,6.79,yolo,23.8,2.26,0,20.1,23.0,1152.5,141.0,1,100.0
2026-06-09 10:57:12,13935,depth,4,laptop|person,0.765,1.47,8.1,25.8,33.9,1393.29,4.5354,3.884987,37.86,1393.29,348.322,0.62,2.9,0.254,41.1,8.83,9.03,15.74,0.29,7.01,yolo,20.9,1.41,0,18.0,43.0,1152.6,141.0,1,100.0
2026-06-09 10:57:13,13958,depth,5,laptop|person,0.684,1.51,5.67,21.6,27.27,1201.789,3.9121,3.89357,37.86,1201.789,240.358,0.79,4.2,0.281,44.07,9.41,9.09,17.82,0.32,7.22,yolo,21.4,0.24,0,12.6,36.0,1152.6,141.0,1,100.0
2026-06-09 10:57:14,13983,depth,6,laptop|person,0.646,1.57,5.9,13.8,19.7,802.775,2.6132,3.901295,37.86,802.775,133.796,1.25,7.5,0.404,40.75,8.68,9.32,14.86,0.36,7.34,yolo,24.7,1.58,0,13.1,23.0,1152.5,141.0,1,100.0
2026-06-09 10:57:15,14012,depth,6,laptop|person,0.66,1.57,5.08,13.2,18.29,652.77,2.1249,3.907283,37.86,652.77,108.795,1.5,9.2,0.505,35.69,6.93,9.17,11.88,0.35,7.18,yolo,27.5,1.3,0,11.3,22.0,1152.5,141.0,1,100.0
2026-06-09 10:57:16,14034,depth,5,laptop|person,0.705,1.66,5.08,13.2,18.29,696.666,2.2678,3.911383,37.86,696.666,139.333,1.24,7.2,0.358,38.09,7.46,8.97,13.98,0.36,7.14,yolo,22.6,2.28,0,11.3,22.0,1152.5,141.0,1,100.0
2026-06-09 10:57:17,14055,depth,6,laptop|person,0.744,1.66,5.54,18.0,23.54,983.737,3.2023,3.916572,37.86,983.737,163.956,0.89,6.1,0.359,41.79,8.33,9.0,16.72,0.35,7.2,yolo,20.9,0.8,0,12.3,30.0,1152.5,141.0,1,100.0
2026-06-09 10:57:18,14077,depth,6,laptop|person,0.715,1.7,6.44,21.6,28.03,1241.449,4.0412,3.923273,37.86,1241.449,206.908,0.78,4.8,0.323,44.29,8.72,9.06,18.59,0.36,7.36,yolo,22.0,0.51,0,14.3,36.0,1152.5,141.0,1,100.0
2026-06-09 10:57:19,14100,depth,5,laptop|person,0.706,1.73,7.25,14.4,21.64,954.54,3.1072,3.931107,37.86,954.54,190.908,1.01,5.2,0.269,44.11,8.65,8.92,18.57,0.35,7.44,yolo,22.0,0.0,0,16.1,24.0,1152.5,141.0,1,100.0
2026-06-09 10:57:20,14124,depth,4,laptop|person,0.788,1.59,7.25,14.4,21.64,941.124,3.0636,3.937439,37.86,941.124,235.281,1.03,4.3,0.225,43.49,8.82,9.03,17.8,0.33,7.32,yolo,22.4,0.19,0,16.1,24.0,1152.5,141.0,1,100.0
2026-06-09 10:57:21,14152,depth,5,laptop|tennis racket|person|laptop|person,0.769,1.48,6.48,25.8,32.28,1260.534,4.1033,3.947183,37.86,1260.534,252.107,0.77,4.0,0.351,39.05,8.09,8.98,14.26,0.31,7.22,yolo,24.9,1.22,0,14.4,43.0,1152.5,141.0,1,100.0
2026-06-09 10:57:22,14178,depth,4,laptop|person,0.742,1.47,9.85,13.8,23.66,847.738,2.7596,3.954135,37.86,847.738,211.935,1.2,4.7,0.329,35.83,6.79,9.14,12.16,0.34,7.19,yolo,28.5,1.66,0,21.9,23.0,1152.5,141.0,1,100.0
2026-06-09 10:57:23,14199,depth,5,laptop|person,0.779,1.49,9.85,27.0,36.85,1459.997,4.7526,3.960674,37.86,1459.997,291.999,0.55,3.4,0.338,39.62,7.05,9.82,14.78,0.35,7.39,yolo,20.3,3.87,0,21.9,45.0,1152.5,141.0,1,100.0
2026-06-09 10:57:24,14223,depth,5,laptop|tennis racket|person|laptop|person,0.72,1.64,19.62,13.2,32.82,1397.804,4.5501,3.970617,37.86,1397.804,279.561,0.69,3.6,0.313,42.59,8.1,10.51,15.97,0.37,7.39,yolo,22.7,1.09,0,43.6,22.0,1152.5,141.0,1,100.0
2026-06-09 10:57:26,14250,depth,5,laptop|person,0.706,1.64,13.54,13.8,27.34,1099.888,3.5804,3.980873,37.86,1099.888,219.978,0.93,4.5,0.372,40.23,7.87,10.79,13.45,0.39,7.48,yolo,25.5,1.28,0,30.1,23.0,1152.5,141.0,1,100.0
2026-06-09 10:57:27,14274,depth,5,laptop|tennis racket|person|laptop|person,0.756,1.64,13.54,13.8,27.34,1084.578,3.5305,3.988014,37.86,1084.578,216.916,0.84,4.6,0.369,39.67,7.68,10.49,13.54,0.36,7.36,yolo,22.8,1.31,0,30.1,23.0,1152.5,141.0,1,80.0
2026-06-09 10:57:28,14296,depth,5,laptop|tennis racket|person|laptop|person,0.756,1.62,8.46,15.0,23.46,979.455,3.1883,3.994058,37.86,979.455,195.891,0.89,5.1,0.319,41.75,7.94,10.24,15.65,0.36,7.34,yolo,20.9,0.95,0,18.8,25.0,1152.5,141.0,1,100.0
2026-06-09 10:57:29,14323,depth,4,laptop|person,0.758,1.63,7.16,13.8,20.96,839.029,2.7312,4.000911,37.86,839.029,209.757,1.19,4.8,0.278,40.03,7.25,10.41,14.38,0.34,7.43,yolo,24.9,1.99,0,15.9,23.0,1152.5,141.0,1,100.0
2026-06-09 10:57:30,14349,depth,4,laptop|tennis racket|person|laptop|person,0.775,1.52,6.57,13.8,20.37,751.042,2.4448,4.006609,37.86,751.042,187.761,1.37,5.3,0.331,36.87,6.42,10.3,12.08,0.32,7.55,yolo,27.9,1.46,0,14.6,23.0,1152.5,141.0,1,100.0
2026-06-09 10:57:31,14370,depth,5,laptop|person,0.724,1.58,6.75,24.0,30.75,1212.165,3.9458,4.011225,37.86,1212.165,242.433,0.7,4.1,0.342,39.42,6.39,10.28,14.61,0.33,7.61,yolo,21.4,3.22,0,15.0,40.0,1152.5,141.0,1,100.0
2026-06-09 10:57:32,14394,depth,5,laptop|person,0.708,1.64,6.75,24.0,30.75,1332.398,4.3372,4.019687,37.86,1332.398,266.48,0.68,3.8,0.278,43.33,7.04,10.22,18.01,0.35,7.53,yolo,21.0,0.2,0,15.0,40.0,1152.5,141.0,1,100.0
2026-06-09 10:57:33,14415,depth,5,laptop|person,0.702,1.63,5.0,28.2,33.2,1482.712,4.8265,4.028118,37.86,1482.712,296.542,0.63,3.4,0.266,44.66,8.05,10.02,18.77,0.34,7.29,yolo,20.9,0.05,0,11.1,47.0,1152.5,141.0,1,80.0
2026-06-09 10:57:34,14438,depth,4,laptop|person,0.796,1.58,5.26,26.4,31.66,1390.191,4.5254,4.037381,37.86,1390.191,347.548,0.7,2.9,0.226,43.91,8.44,10.04,17.69,0.31,7.22,yolo,22.1,0.6,0,11.7,44.0,1152.6,141.0,1,100.0
2026-06-09 10:57:35,14466,depth,4,laptop|person,0.749,1.63,6.21,13.8,20.01,767.984,2.4999,4.046575,37.86,767.984,191.996,1.31,5.2,0.297,38.38,7.47,9.77,13.46,0.29,7.2,yolo,26.2,2.04,0,13.8,23.0,1152.6,141.0,1,100.0
2026-06-09 10:57:36,14491,depth,5,laptop|person,0.713,1.62,5.22,15.0,20.22,723.876,2.3564,4.051672,37.86,723.876,144.775,1.36,6.9,0.412,35.8,6.68,9.24,12.14,0.31,7.24,yolo,27.4,0.59,0,11.6,25.0,1152.6,141.0,1,100.0
2026-06-09 10:57:37,14514,depth,4,laptop|person,0.75,1.59,5.22,15.0,20.22,803.341,2.615,4.056525,37.86,803.341,200.835,1.05,5.0,0.267,39.73,7.8,9.26,14.96,0.3,7.21,yolo,21.2,3.07,0,11.6,25.0,1152.6,141.0,1,100.0
2026-06-09 10:57:38,14542,depth,4,laptop|person,0.799,1.54,5.54,27.0,32.53,1283.959,4.1796,4.065933,37.86,1283.959,320.99,0.76,3.1,0.275,39.47,8.14,9.08,14.57,0.27,7.21,yolo,24.8,1.8,0,12.3,45.0,1152.6,141.0,1,100.0
2026-06-09 10:57:39,14568,depth,4,laptop|person,0.837,1.53,6.03,13.8,19.83,715.07,2.3277,4.072258,37.86,715.07,178.768,1.39,5.6,0.335,36.06,7.24,9.04,11.93,0.28,7.36,yolo,27.7,1.41,0,13.4,23.0,1152.6,141.0,1,100.0
2026-06-09 10:57:40,14591,depth,5,laptop|person,0.813,1.55,5.71,27.6,33.31,1270.443,4.1356,4.078605,37.86,1270.443,254.089,0.67,3.9,0.363,38.14,7.51,9.07,13.76,0.27,7.31,yolo,22.4,2.59,0,12.7,46.0,1152.5,141.0,1,80.0
2026-06-09 10:57:41,14616,depth,4,laptop|person,0.755,1.62,5.58,14.4,19.98,796.802,2.5938,4.08675,37.86,796.802,199.201,1.27,5.0,0.27,39.88,8.13,9.12,14.84,0.29,7.3,yolo,25.5,1.45,0,12.4,24.0,1152.5,141.0,1,100.0
2026-06-09 10:57:42,14644,depth,4,laptop|person,0.793,1.57,5.54,14.4,19.93,729.039,2.3732,4.092728,37.86,729.039,182.26,1.36,5.5,0.324,36.58,7.32,9.1,12.35,0.3,7.31,yolo,27.1,0.72,0,12.3,24.0,1152.5,141.0,1,100.0
2026-06-09 10:57:43,14667,depth,4,laptop|person,0.794,1.54,5.54,14.4,19.93,744.784,2.4244,4.097327,37.86,744.784,186.196,1.17,5.4,0.302,37.37,7.47,8.95,13.23,0.28,7.25,yolo,23.2,1.79,0,12.3,24.0,1152.5,141.0,1,100.0
2026-06-09 10:57:44,14694,depth,5,laptop|person,0.772,1.53,6.08,13.2,19.27,732.838,2.3855,4.10283,37.86,732.838,146.568,1.29,6.8,0.368,38.03,7.69,8.93,13.6,0.27,7.37,yolo,24.9,0.8,0,13.5,22.0,1152.5,141.0,1,80.0
2026-06-09 10:57:45,14722,depth,5,laptop|person,0.729,1.61,6.12,13.8,19.92,715.726,2.3298,4.108587,37.86,715.726,143.145,1.38,7.0,0.415,35.93,7.23,8.95,12.06,0.31,7.21,yolo,27.5,1.17,0,13.6,23.0,1152.5,141.0,1,100.0
2026-06-09 10:57:46,14745,depth,6,laptop|person,0.687,1.67,5.17,18.6,23.78,903.164,2.94,4.113841,37.86,903.164,150.527,0.95,6.6,0.424,37.98,7.2,8.91,14.16,0.31,7.21,yolo,22.5,2.3,0,11.5,31.0,1152.6,141.0,1,100.0
2026-06-09 10:57:47,14770,depth,4,laptop|person,0.713,1.59,5.71,27.0,32.72,1304.546,4.2466,4.121441,37.86,1304.546,326.137,0.7,3.1,0.263,39.87,8.16,8.89,15.2,0.33,7.1,yolo,22.8,0.14,0,12.7,45.0,1152.6,141.0,1,100.0
2026-06-09 10:57:48,14799,depth,4,laptop|person,0.816,1.54,6.75,13.8,20.55,753.363,2.4524,4.130392,37.86,753.363,188.341,1.4,5.3,0.319,36.66,7.59,8.93,12.55,0.31,7.07,yolo,28.8,2.68,0,15.0,23.0,1152.6,141.0,1,100.0
2026-06-09 10:57:49,14823,depth,4,laptop|person,0.821,1.54,5.04,24.0,29.04,1074.77,3.4986,4.135705,37.86,1074.77,268.692,0.84,3.7,0.298,37.01,7.01,8.95,13.42,0.28,7.15,yolo,24.3,2.05,0,11.2,40.0,1152.6,141.0,1,100.0
2026-06-09 10:57:50,14847,depth,4,laptop|person,0.759,1.52,5.04,24.0,29.04,1201.675,3.9117,4.143266,37.86,1201.675,300.419,0.77,3.3,0.246,41.38,8.72,8.86,16.24,0.28,7.09,yolo,22.5,0.85,0,11.2,40.0,1152.6,141.0,1,100.0
2026-06-09 10:57:51,14875,depth,4,laptop|person,0.786,1.53,5.58,27.0,32.58,1283.326,4.1775,4.153573,37.86,1283.326,320.832,0.74,3.1,0.274,39.39,8.26,8.91,14.62,0.28,7.12,yolo,24.0,0.73,0,12.4,45.0,1152.6,141.0,1,100.0
2026-06-09 10:57:52,14901,depth,4,laptop|person,0.795,1.6,6.12,13.8,19.92,711.742,2.3169,4.159476,37.86,711.742,177.935,1.43,5.6,0.334,35.73,7.27,8.88,11.98,0.29,7.11,yolo,28.5,2.08,0,13.6,23.0,1152.6,141.0,1,100.0
2026-06-09 10:57:53,14922,depth,4,laptop|person,0.784,1.63,5.76,16.8,22.56,863.371,2.8105,4.164072,37.86,863.371,215.843,0.92,4.6,0.287,38.27,7.98,8.8,13.94,0.29,7.07,yolo,20.8,3.63,0,12.8,28.000000000000004,1152.5,141.0,1,100.0
2026-06-09 10:57:54,14943,depth,4,laptop|person,0.803,1.58,6.03,19.8,25.83,1092.092,3.555,4.169528,37.86,1092.092,273.023,0.86,3.7,0.237,42.28,8.39,9.17,16.85,0.29,7.38,yolo,22.1,0.51,0,13.4,33.0,1152.6,141.0,1,100.0
2026-06-09 10:57:55,14967,depth,4,laptop|person,0.776,1.56,6.03,19.8,25.83,1149.952,3.7433,4.177088,37.86,1149.952,287.488,0.84,3.5,0.217,44.52,8.68,9.34,18.45,0.27,7.57,yolo,21.7,0.17,0,13.4,33.0,1152.6,141.0,1,100.0
2026-06-09 10:57:56,14989,depth,5,laptop|person,0.755,1.56,6.88,23.4,30.29,1335.183,4.3463,4.185172,37.86,1335.183,267.037,0.7,3.7,0.273,44.08,8.1,9.45,18.34,0.28,7.7,yolo,21.1,0.25,0,15.3,39.0,1152.5,141.0,1,100.0
2026-06-09 10:57:57,15011,depth,4,laptop|person,0.725,1.65,5.9,16.8,22.7,994.26,3.2365,4.192202,37.86,994.26,248.565,0.99,4.0,0.218,43.8,8.38,9.15,18.33,0.28,7.48,yolo,22.4,0.5,0,13.1,28.000000000000004,1152.5,141.0,1,100.0
2026-06-09 10:57:58,15032,depth,4,laptop|person,0.747,1.6,5.54,13.2,18.73,823.558,2.6809,4.197852,37.86,823.558,205.889,1.15,4.9,0.221,43.97,9.03,8.95,18.09,0.27,7.44,yolo,21.5,0.31,0,12.3,22.0,1152.5,141.0,1,100.0
2026-06-09 10:57:59,15060,depth,5,laptop|person,0.717,1.52,5.4,13.8,19.2,745.152,2.4256,4.203899,37.86,745.152,149.03,1.45,6.7,0.354,38.81,8.04,8.87,14.12,0.29,7.31,yolo,27.8,1.95,0,12.0,23.0,1152.5,141.0,1,100.0
2026-06-09 10:58:00,15087,depth,5,laptop|cat|person|laptop|person,0.684,1.46,5.4,13.8,19.2,688.128,2.24,4.209232,37.86,688.128,137.626,1.34,7.3,0.421,35.84,7.23,8.93,11.88,0.33,7.29,yolo,25.7,0.75,0,12.0,23.0,1152.5,141.0,1,100.0
2026-06-09 10:58:01,15108,depth,4,laptop|person,0.697,1.47,6.66,15.6,22.26,868.14,2.826,4.213985,37.86,868.14,217.035,0.94,4.6,0.282,39.0,8.04,9.05,14.17,0.33,7.22,yolo,20.9,1.88,0,14.8,26.0,1152.5,141.0,1,100.0
2026-06-09 10:58:02,15129,depth,4,laptop|person,0.732,1.52,5.36,18.6,23.96,1028.363,3.3475,4.219491,37.86,1028.363,257.091,0.87,3.9,0.238,42.92,9.47,9.02,16.82,0.31,7.11,yolo,20.8,0.04,0,11.9,31.0,1152.5,141.0,1,100.0
2026-06-09 10:58:03,15150,depth,5,laptop|person,0.668,1.64,4.86,22.8,27.66,1237.232,4.0274,4.225726,37.86,1237.232,247.446,0.81,4.0,0.278,44.73,10.06,9.08,18.01,0.3,7.09,yolo,22.3,0.32,0,10.8,38.0,1152.5,141.0,1,100.0
2026-06-09 10:58:04,15174,depth,6,laptop|person,0.639,1.71,4.86,22.8,27.66,1224.232,3.9851,4.233894,37.86,1224.232,204.039,0.82,4.9,0.331,44.26,9.37,9.09,18.15,0.32,7.14,yolo,22.7,0.11,0,10.8,38.0,1152.5,141.0,1,100.0
2026-06-09 10:58:05,15197,depth,6,laptop|person,0.65,1.73,5.71,15.6,21.32,933.176,3.0377,4.240266,37.86,933.176,155.529,0.97,6.4,0.333,43.77,8.99,9.04,18.03,0.35,7.16,yolo,20.6,0.71,0,12.7,26.0,1152.5,141.0,1,100.0
2026-06-09 10:58:07,15225,depth,5,laptop|person,0.677,1.68,5.49,13.8,19.29,749.417,2.4395,4.246745,37.86,749.417,149.883,1.44,6.7,0.353,38.85,8.03,8.91,14.15,0.35,7.21,yolo,27.7,2.2,0,12.2,23.0,1152.5,141.0,1,80.0
2026-06-09 10:58:08,15252,depth,5,laptop|person,0.704,1.54,6.3,13.8,20.1,722.796,2.3529,4.252171,37.86,722.796,144.559,1.28,6.9,0.413,35.96,7.1,9.0,12.12,0.34,7.22,yolo,25.8,0.67,0,14.0,23.0,1152.5,141.0,1,100.0
2026-06-09 10:58:09,15276,depth,5,laptop|person,0.719,1.54,5.71,26.4,32.11,1224.996,3.9876,4.258024,37.86,1224.996,244.999,0.7,4.1,0.365,38.15,7.88,8.92,13.68,0.33,7.16,yolo,22.5,1.34,0,12.7,44.0,1152.5,141.0,1,100.0
2026-06-09 10:58:10,15303,depth,5,laptop|teddy bear|person|laptop|person,0.672,1.52,6.03,7.2,13.23,514.382,1.6744,4.266433,37.86,514.382,102.876,2.11,9.7,0.367,38.88,8.43,9.08,13.63,0.34,7.22,yolo,27.9,1.92,0,13.4,12.0,1152.5,141.0,1,80.0
2026-06-09 10:58:11,15330,depth,6,laptop|teddy bear|person|laptop|person,0.702,1.46,5.36,13.8,19.16,709.878,2.3108,4.270196,37.86,709.878,118.313,1.35,8.5,0.475,37.05,7.48,9.15,12.62,0.34,7.28,yolo,25.8,0.82,0,11.9,23.0,1152.5,141.0,1,100.0
2026-06-09 10:58:12,15354,depth,6,laptop|person,0.744,1.63,5.36,13.8,19.16,782.494,2.5472,4.275137,37.86,782.494,130.416,1.08,7.7,0.383,40.84,8.07,9.22,15.65,0.38,7.33,yolo,20.7,2.32,0,11.9,23.0,1152.5,141.0,1,100.0
2026-06-09 10:58:13,15377,depth,3,laptop|person|person,0.732,1.58,6.16,16.8,22.96,1002.204,3.2624,4.28109,37.86,1002.204,334.068,0.98,3.0,0.165,43.65,8.54,9.17,18.2,0.35,7.21,yolo,22.5,0.83,0,13.7,28.000000000000004,1152.5,141.0,1,100.0
2026-06-09 10:58:14,15399,depth,3,laptop|person|person|tie|person,0.764,1.17,5.26,16.2,21.47,939.098,3.057,4.287044,37.86,939.098,313.033,0.96,3.2,0.167,43.74,9.06,9.09,18.0,0.31,7.12,yolo,20.5,0.93,0,11.7,27.0,1152.5,141.0,1,33.3
2026-06-09 10:58:15,15423,depth,3,laptop|person|person,0.768,1.0,5.85,13.8,19.65,828.051,2.6955,4.29315,37.86,828.051,276.017,1.22,3.6,0.184,42.14,9.29,9.03,16.27,0.27,7.11,yolo,23.9,1.55,0,13.0,23.0,1152.5,141.0,1,100.0
2026-06-09 10:58:16,15450,depth,3,laptop|person|elephant|laptop|person|person|laptop|horse|person,0.684,1.52,26.19,7.8,33.99,1338.526,4.3572,4.299363,37.86,1338.526,446.175,0.76,2.2,0.213,39.38,7.47,10.13,14.1,0.3,7.16,yolo,25.8,0.87,0,58.2,13.0,1152.5,141.0,1,100.0
