timestamp,frame_num,mode,obj_count,obj_classes,avg_confidence,avg_depth_m,cpu_power_w,gpu_power_w,inst_power_w,frame_power_mj,pixel_power_uj,total_energy_wh,peak_power_w,energy_per_frame_mj,energy_per_object_mj,fps_per_watt,objects_per_joule,yolo_efficiency,frame_latency_ms,capture_ms,preprocess_ms,yolo_ms,track_ms,render_ms,bottleneck_stage,fps,fps_stability_std,dropped_frames,cpu_pct,gpu_pct,ram_mb,gpu_mb,motion_detected,tracking_stability_pct
2026-05-21 14:30:48,1,rgb,0,—,0,0,0.0,0.0,0.0,0.0,0.0,0.0,0.0,0.0,0.0,0.0,0.0,0.0,40.13,27.12,5.41,0.0,0.0,7.4,capture,0.0,0.0,0,0.0,0.0,0.0,0.0,0,100.0
2026-05-21 14:30:49,20,rgb,0,person|cat,0.359,0,0.0,0.0,0.0,0.0,0.0,0.0,0.0,0.0,0.0,1797.78,0.0,0.0,52.28,11.72,4.24,27.81,0.03,8.37,yolo,18.0,6.56,0,0.0,0.0,0.0,0.0,0,100.0
2026-05-21 14:30:50,40,rgb,1,person,0.36,0,45.0,0.0,45.0,2191.95,7.1353,0.006806,45.0,2191.95,2191.95,0.45,0.5,0.041,48.71,11.94,4.14,24.28,0.05,8.16,yolo,20.2,0.66,0,100.0,0.0,421.0,29.0,0,0.0
2026-05-21 14:30:51,60,rgb,2,person,0.37,0,36.63,0.0,36.63,1795.603,5.8451,0.018848,45.0,1795.603,897.802,0.56,1.1,0.081,49.02,11.99,4.16,24.63,0.04,8.06,yolo,20.6,0.09,0,81.4,0.0,421.1,29.0,0,0.0
2026-05-21 14:30:52,84,rgb,0,person,0.376,0,36.63,0.0,36.63,1678.02,5.4623,0.030099,45.0,1678.02,1678.02,0.56,0.0,0.0,45.81,10.33,4.13,22.94,0.05,8.17,yolo,20.6,0.0,0,81.4,0.0,421.1,29.0,1,100.0
2026-05-21 14:30:53,105,rgb,1,person,0.383,0,35.59,0.0,35.59,1640.343,5.3397,0.039717,45.0,1640.343,1640.343,0.61,0.6,0.041,46.09,8.85,4.31,24.29,0.04,8.36,yolo,21.6,0.35,0,79.1,0.0,421.1,29.0,1,0.0
2026-05-21 14:30:54,126,rgb,1,person|tie|person,0.406,0,33.93,0.0,33.93,1524.136,4.9614,0.04894,45.0,1524.136,1524.136,0.62,0.7,0.043,44.92,8.58,4.34,23.35,0.07,8.26,yolo,20.9,0.24,0,75.4,0.0,421.3,29.0,1,100.0
2026-05-21 14:30:55,150,rgb,0,person,0.432,0,34.52,0.0,34.52,1553.055,5.0555,0.059086,45.0,1553.055,1553.055,0.63,0.0,0.0,44.99,9.33,4.37,22.63,0.08,8.2,yolo,21.7,0.3,0,76.7,0.0,421.4,29.0,1,100.0
2026-05-21 14:30:56,174,rgb,0,person,0.434,0,34.52,0.0,34.52,1549.258,5.0432,0.069434,45.0,1549.258,1549.258,0.61,0.0,0.0,44.88,9.16,4.42,22.5,0.06,8.3,yolo,20.9,0.36,0,76.7,0.0,421.4,29.0,1,100.0
2026-05-21 14:30:57,195,rgb,1,person,0.46,0,33.88,0.0,33.88,1518.502,4.943,0.078337,45.0,1518.502,1518.502,0.61,0.7,0.044,44.82,8.84,4.37,22.58,0.02,8.52,yolo,20.7,0.09,0,75.3,0.0,421.4,29.0,1,0.0
2026-05-21 14:30:59,210,rgb,1,person,0.49,0,33.84,0.0,33.84,1514.34,4.9295,0.084663,45.0,1514.34,1514.34,0.61,0.7,0.044,44.75,8.74,4.4,22.55,0.04,8.51,yolo,20.7,0.0,0,75.2,0.0,421.4,0.0,1,0.0
2026-05-21 14:31:00,233,rgb,2,person,0.567,0,33.84,0.0,33.84,1522.8,4.957,0.094372,45.0,1522.8,761.4,0.39,1.3,0.087,45.0,8.66,4.38,22.97,0.09,8.42,yolo,13.1,0.0,0,75.2,0.0,421.4,0.0,1,100.0
2026-05-21 14:31:01,254,rgb,2,person,0.704,0,26.59,0.0,26.59,1195.486,3.8916,0.101882,45.0,1195.486,597.743,0.81,1.7,0.087,44.96,8.66,4.45,22.89,0.16,8.33,yolo,21.4,0.0,0,59.1,0.0,421.4,0.0,1,100.0
2026-05-21 14:31:02,275,rgb,2,person,0.794,0,34.34,0.0,34.34,1536.372,5.0012,0.109431,45.0,1536.372,768.186,0.61,1.3,0.088,44.74,8.39,4.49,22.6,0.21,8.58,yolo,20.8,0.0,0,76.3,0.0,421.4,0.0,1,100.0
2026-05-21 14:31:03,297,rgb,2,person,0.86,0,34.34,0.0,34.34,1542.896,5.0224,0.118846,45.0,1542.896,771.448,0.61,1.3,0.089,44.93,8.67,4.42,22.58,0.24,8.51,yolo,20.9,0.0,0,76.3,0.0,421.4,0.0,1,100.0
2026-05-21 14:31:04,318,rgb,2,person,0.903,0,34.97,0.0,34.97,1566.656,5.0998,0.12798,45.0,1566.656,783.328,0.64,1.3,0.088,44.8,8.51,4.38,22.62,0.23,8.61,yolo,22.3,0.41,0,77.7,0.0,421.4,0.0,1,100.0
2026-05-21 14:31:05,339,rgb,2,person,0.898,0,34.34,0.0,34.34,1540.836,5.0157,0.137041,45.0,1540.836,770.418,0.61,1.3,0.089,44.87,8.86,4.12,22.58,0.22,8.65,yolo,20.9,0.41,0,76.3,0.0,421.4,0.0,1,100.0
2026-05-21 14:31:06,361,rgb,4,person|person|refrigerator|remote,0.883,0,33.88,0.0,33.88,1517.824,4.9408,0.146438,45.0,1517.824,379.456,0.61,2.6,0.177,44.8,8.86,4.17,22.56,0.23,8.59,yolo,20.8,0.03,0,75.3,0.0,421.4,0.0,1,100.0
2026-05-21 14:31:07,384,rgb,2,person|refrigerator|person|person|refrigerator|remote,0.802,0,33.88,0.0,33.88,1523.922,4.9607,0.156156,45.0,1523.922,761.961,0.61,1.3,0.089,44.98,9.2,4.16,22.42,0.26,8.54,yolo,20.8,0.0,0,75.3,0.0,421.4,0.0,1,100.0
2026-05-21 14:31:08,405,rgb,2,person|person|refrigerator,0.799,0,34.61,0.0,34.61,1555.373,5.0631,0.165181,45.0,1555.373,777.687,0.64,1.3,0.089,44.94,9.0,4.27,22.58,0.27,8.41,yolo,22.3,0.44,0,76.9,0.0,421.4,0.0,1,100.0
2026-05-21 14:31:09,426,rgb,2,person|person|remote,0.836,0,34.56,0.0,34.56,1550.016,5.0456,0.174243,45.0,1550.016,775.008,0.6,1.3,0.088,44.85,8.76,4.21,22.76,0.26,8.47,yolo,20.9,0.41,0,76.8,0.0,421.4,0.0,1,100.0
2026-05-21 14:31:11,450,rgb,2,person,0.834,0,33.75,0.0,33.75,1512.0,4.9219,0.184564,45.0,1512.0,756.0,0.62,1.3,0.087,44.8,8.56,4.22,22.87,0.23,8.51,yolo,20.8,0.03,0,75.0,0.0,421.4,0.0,1,100.0
2026-05-21 14:31:12,473,rgb,2,person,0.836,0,33.75,0.0,33.75,1517.737,4.9406,0.194256,45.0,1517.737,758.869,0.39,1.3,0.087,44.97,8.56,4.19,23.08,0.23,8.51,yolo,13.1,0.0,0,75.0,0.0,421.4,0.0,1,100.0
2026-05-21 14:31:13,494,rgb,2,person|person|remote,0.814,0,27.54,0.0,27.54,1240.952,4.0396,0.201954,45.0,1240.952,620.476,0.77,1.6,0.087,45.06,8.75,4.18,22.89,0.23,8.61,yolo,21.3,0.0,0,61.2,0.0,421.4,0.0,1,100.0
2026-05-21 14:31:14,515,rgb,2,person,0.821,0,34.56,0.0,34.56,1555.891,5.0648,0.209718,45.0,1555.891,777.946,0.6,1.3,0.089,45.02,9.18,4.26,22.52,0.22,8.44,yolo,20.9,0.0,0,76.8,0.0,421.4,0.0,1,100.0
2026-05-21 14:31:15,537,rgb,2,person|person|remote,0.803,0,34.56,0.0,34.56,1554.163,5.0591,0.219217,45.0,1554.163,777.082,0.6,1.3,0.088,44.97,9.0,4.25,22.64,0.23,8.45,yolo,20.7,0.0,0,76.8,0.0,421.4,0.0,1,100.0
2026-05-21 14:31:16,558,rgb,2,person|person|remote,0.794,0,33.44,0.0,33.44,1503.128,4.893,0.228017,45.0,1503.128,751.564,0.67,1.3,0.088,44.95,8.84,4.26,22.62,0.24,8.59,yolo,22.4,0.5,0,74.3,0.0,421.4,0.0,1,100.0
2026-05-21 14:31:17,579,rgb,2,person,0.845,0,34.79,0.0,34.79,1561.723,5.0837,0.236958,45.0,1561.723,780.861,0.6,1.3,0.088,44.89,8.69,4.22,22.72,0.25,8.64,yolo,20.7,0.5,0,77.3,0.0,421.4,0.0,1,100.0
2026-05-21 14:31:18,601,rgb,2,person|dog|person,0.836,0,34.38,0.0,34.38,1546.756,5.035,0.246496,45.0,1546.756,773.378,0.61,1.3,0.088,44.99,8.67,4.24,22.69,0.23,8.8,yolo,20.9,0.06,0,76.4,0.0,422.4,0.0,1,100.0
2026-05-21 14:31:19,623,rgb,3,person|person|toothbrush,0.82,0,34.38,0.0,34.38,1561.883,5.0843,0.255999,45.0,1561.883,520.628,0.61,1.9,0.131,45.43,9.04,4.27,22.84,0.24,8.71,yolo,20.9,0.0,0,76.4,0.0,422.4,0.0,1,100.0
2026-05-21 14:31:20,644,rgb,2,person|person|chair,0.838,0,33.66,0.0,33.66,1527.154,4.9712,0.264976,45.0,1527.154,763.577,0.65,1.3,0.087,45.37,8.99,4.33,22.86,0.23,8.64,yolo,22.0,0.23,0,74.8,0.0,423.3,0.0,1,100.0
2026-05-21 14:31:21,665,rgb,2,person,0.826,0,34.56,0.0,34.56,1571.789,5.1165,0.273966,45.0,1571.789,785.894,0.6,1.3,0.087,45.48,9.32,4.28,22.88,0.22,8.48,yolo,20.9,0.23,0,76.8,0.0,423.3,0.0,1,100.0
2026-05-21 14:31:22,687,rgb,2,person,0.831,0,34.56,0.0,34.56,1553.818,5.058,0.283493,45.0,1553.818,776.909,0.6,1.3,0.088,44.96,9.04,4.22,22.75,0.22,8.46,yolo,20.8,0.02,0,76.8,0.0,423.3,0.0,1,100.0
2026-05-21 14:31:23,693,rgb,2,person,0.847,0,35.05,0.0,35.05,1592.321,5.1833,0.286111,45.0,1592.321,796.16,0.63,1.3,0.087,45.43,9.27,4.21,23.01,0.21,8.47,yolo,22.0,0.57,0,77.9,0.0,423.3,0.0,1,100.0
2026-05-21 14:31:24,717,rgb,2,person,0.84,0,35.05,0.0,35.05,1598.981,5.205,0.296772,45.0,1598.981,799.49,0.16,1.3,0.087,45.62,9.42,4.23,23.0,0.22,8.48,yolo,5.7,4.51,0,77.9,0.0,423.3,0.0,1,100.0
2026-05-21 14:31:25,738,rgb,2,person,0.814,0,26.46,0.0,26.46,1206.576,3.9277,0.30403,45.0,1206.576,603.288,0.84,1.7,0.087,45.6,9.23,4.29,22.95,0.23,8.59,yolo,22.3,4.87,0,58.8,0.0,423.3,0.0,1,100.0
2026-05-21 14:31:26,759,rgb,2,person,0.834,0,34.11,0.0,34.11,1534.268,4.9944,0.312005,45.0,1534.268,767.134,0.61,1.3,0.089,44.98,8.83,4.26,22.52,0.22,8.82,yolo,20.8,0.44,0,75.8,0.0,423.3,0.0,1,100.0
2026-05-21 14:31:27,781,rgb,2,person,0.878,0,34.24,0.0,34.24,1536.006,5.0,0.321392,45.0,1536.006,768.003,0.61,1.3,0.089,44.86,8.57,4.3,22.58,0.22,8.88,yolo,20.8,0.0,0,76.1,0.0,423.3,0.0,1,100.0
2026-05-21 14:31:28,804,rgb,2,person,0.876,0,34.24,0.0,34.24,1541.827,5.019,0.331239,45.0,1541.827,770.913,0.61,1.3,0.088,45.03,8.68,4.3,22.66,0.23,8.88,yolo,21.0,0.04,0,76.1,0.0,423.3,0.0,1,100.0
2026-05-21 14:31:29,825,rgb,2,person,0.856,0,34.2,0.0,34.2,1537.974,5.0064,0.34022,45.0,1537.974,768.987,0.65,1.3,0.088,44.97,8.51,4.34,22.85,0.23,8.75,yolo,22.3,0.38,0,76.0,0.0,423.3,0.0,1,100.0
2026-05-21 14:31:30,846,rgb,2,person,0.83,0,34.29,0.0,34.29,1541.678,5.0185,0.349199,45.0,1541.678,770.839,0.61,1.3,0.087,44.96,8.41,4.37,22.88,0.23,8.78,yolo,20.8,0.44,0,76.2,0.0,423.3,0.0,1,100.0
2026-05-21 14:31:31,870,rgb,2,person,0.834,0,33.75,0.0,33.75,1516.05,4.9351,0.359465,45.0,1516.05,758.025,0.62,1.3,0.088,44.92,8.54,4.37,22.79,0.23,8.71,yolo,20.9,0.03,0,75.0,0.0,423.3,0.0,1,100.0
2026-05-21 14:31:32,894,rgb,2,person,0.798,0,33.75,0.0,33.75,1518.75,4.9438,0.36956,45.0,1518.75,759.375,0.64,1.3,0.088,45.0,8.54,4.33,22.84,0.23,8.79,yolo,21.5,0.02,0,75.0,0.0,423.3,0.0,1,100.0
2026-05-21 14:31:33,916,rgb,2,person,0.749,0,34.06,0.0,34.06,1527.591,4.9726,0.378885,45.0,1527.591,763.795,0.62,1.3,0.088,44.85,8.61,4.21,22.77,0.22,8.8,yolo,21.0,0.14,0,75.7,0.0,423.3,0.0,1,100.0
2026-05-21 14:31:35,930,rgb,2,person,0.801,0,34.52,0.0,34.52,1552.71,5.0544,0.384834,45.0,1552.71,776.355,0.61,1.3,0.088,44.98,8.83,4.28,22.64,0.22,8.74,yolo,21.0,0.0,0,76.7,0.0,423.3,0.0,1,100.0
2026-05-21 14:31:36,954,rgb,3,person|person|remote,0.846,0,34.52,0.0,34.52,1552.019,5.0521,0.395196,45.0,1552.019,517.34,0.62,1.9,0.132,44.96,8.79,4.31,22.66,0.22,8.7,yolo,21.4,2.02,0,76.7,0.0,423.3,0.0,1,66.7
2026-05-21 14:31:37,975,rgb,3,person|person|toothbrush,0.784,0,26.86,0.0,26.86,1213.535,3.9503,0.402738,45.0,1213.535,404.512,0.77,2.5,0.133,45.18,9.01,4.37,22.61,0.24,8.64,yolo,20.8,0.13,0,59.7,0.0,423.3,0.0,1,100.0
2026-05-21 14:31:38,996,rgb,3,person|person|remote,0.73,0,34.06,0.0,34.06,1533.722,4.9926,0.41043,45.0,1533.722,511.241,0.61,2.0,0.133,45.03,8.98,4.31,22.58,0.25,8.62,yolo,20.8,0.0,0,75.7,0.0,423.3,0.0,1,66.7
2026-05-21 14:31:39,1020,rgb,2,person|remote|person,0.784,0,34.16,0.0,34.16,1536.517,5.0017,0.420644,45.0,1536.517,768.259,0.65,1.3,0.089,44.98,8.98,4.28,22.53,0.25,8.67,yolo,22.3,0.3,0,75.9,0.0,423.3,0.0,1,100.0
2026-05-21 14:31:40,1043,rgb,2,person|person|remote|person|couch|remote|person|couch,0.825,0,34.16,0.0,34.16,1538.225,5.0072,0.430455,45.0,1538.225,769.112,0.61,1.3,0.088,45.03,8.78,4.27,22.74,0.22,8.74,yolo,20.8,0.51,0,75.9,0.0,423.3,0.0,1,100.0
2026-05-21 14:31:41,1064,rgb,3,person|couch|remote|person|couch,0.723,0,33.88,0.0,33.88,1522.567,4.9563,0.439361,45.0,1522.567,507.522,0.62,2.0,0.132,44.94,8.58,4.22,22.81,0.23,8.8,yolo,20.9,0.03,0,75.3,0.0,423.3,0.0,1,100.0
2026-05-21 14:31:42,1085,rgb,3,person|couch|cell phone|person|couch|remote|person|couch,0.729,0,35.01,0.0,35.01,1568.448,5.1056,0.448325,45.0,1568.448,522.816,0.6,1.9,0.131,44.8,8.24,4.23,22.97,0.25,8.81,yolo,20.8,0.03,0,77.8,0.0,423.3,0.0,1,100.0
2026-05-21 14:31:43,1107,rgb,3,person|couch|cell phone|person|couch|remote|person|couch,0.718,0,35.01,0.0,35.01,1568.098,5.1045,0.457904,45.0,1568.098,522.699,0.64,1.9,0.13,44.79,8.25,4.14,22.99,0.27,8.84,yolo,22.3,0.31,0,77.8,0.0,423.3,0.0,1,100.0
2026-05-21 14:31:44,1128,rgb,3,person|person|couch,0.737,0,37.08,0.0,37.08,1660.072,5.4039,0.467529,45.0,1660.072,553.357,0.56,1.8,0.131,44.77,8.41,4.14,22.86,0.26,8.79,yolo,20.8,0.32,0,82.4,0.0,423.3,0.0,1,100.0
2026-05-21 14:31:45,1149,rgb,3,person|couch|remote|person|couch,0.737,0,34.52,0.0,34.52,1550.293,5.0465,0.476896,45.0,1550.293,516.764,0.6,1.9,0.131,44.91,8.49,4.22,22.86,0.26,8.76,yolo,20.8,0.0,0,76.7,0.0,423.3,0.0,1,100.0
2026-05-21 14:31:47,1170,rgb,3,person|remote|person|person|couch|remote|person|couch,0.74,0,34.24,0.0,34.24,1534.294,4.9944,0.485916,45.0,1534.294,511.431,0.61,2.0,0.133,44.81,8.69,4.23,22.62,0.25,8.7,yolo,20.8,0.0,0,76.1,0.0,423.3,0.0,1,66.7
2026-05-21 14:31:48,1194,rgb,4,person|couch|remote|person|couch,0.749,0,34.24,0.0,34.24,1527.789,4.9733,0.496104,45.0,1527.789,381.947,0.64,2.6,0.176,44.62,8.43,4.24,22.79,0.24,8.61,yolo,21.8,1.72,0,76.1,0.0,423.3,0.0,1,75.0
2026-05-21 14:31:49,1215,rgb,3,person|couch|remote|person|couch,0.743,0,26.59,0.0,26.59,1200.273,3.9071,0.503551,45.0,1200.273,400.091,0.76,2.5,0.129,45.14,8.57,4.22,23.21,0.23,8.61,yolo,20.2,0.34,0,59.1,0.0,423.3,0.0,1,100.0
2026-05-21 14:31:50,1236,rgb,3,person|couch,0.754,0,34.47,0.0,34.47,1572.177,5.1178,0.511273,45.0,1572.177,524.059,0.6,1.9,0.129,45.61,8.93,4.28,23.19,0.25,8.66,yolo,20.8,0.13,0,76.6,0.0,423.3,0.0,1,100.0
2026-05-21 14:31:51,1260,rgb,3,person|couch,0.77,0,34.2,0.0,34.2,1556.784,5.0677,0.521739,45.0,1556.784,518.928,0.65,1.9,0.13,45.52,8.94,4.15,23.1,0.24,8.77,yolo,22.3,0.3,0,76.0,0.0,423.3,0.0,1,100.0
2026-05-21 14:31:52,1284,rgb,3,person|couch,0.776,0,34.2,0.0,34.2,1541.052,5.0164,0.532019,45.0,1541.052,513.684,0.61,1.9,0.132,45.06,8.72,4.22,22.75,0.24,8.81,yolo,20.9,0.52,0,76.0,0.0,423.3,0.0,1,100.0
2026-05-21 14:31:53,1305,rgb,3,person|person|couch,0.747,0,33.98,0.0,33.98,1530.459,4.982,0.540954,45.0,1530.459,510.153,0.61,2.0,0.131,45.04,8.78,4.14,22.82,0.24,8.74,yolo,20.8,0.04,0,75.5,0.0,423.3,0.0,1,100.0
2026-05-21 14:31:54,1326,rgb,3,person|couch,0.745,0,34.06,0.0,34.06,1533.381,4.9915,0.549881,45.0,1533.381,511.127,0.61,2.0,0.132,45.02,8.75,4.18,22.77,0.26,8.73,yolo,20.9,0.04,0,75.7,0.0,423.3,0.0,1,100.0
2026-05-21 14:31:55,1350,rgb,2,person|person|couch,0.75,0,35.01,0.0,35.01,1573.349,5.1216,0.560103,45.0,1573.349,786.674,0.64,1.3,0.088,44.94,8.72,4.2,22.7,0.25,8.74,yolo,22.3,0.52,0,77.8,0.0,423.3,0.0,1,100.0
2026-05-21 14:31:56,1374,rgb,4,person|person|couch|remote|person|couch,0.755,0,35.01,0.0,35.01,1574.4,5.125,0.570583,45.0,1574.4,393.6,0.6,2.5,0.177,44.97,8.81,4.28,22.63,0.23,8.69,yolo,20.9,0.64,0,77.8,0.0,423.3,0.0,1,100.0
2026-05-21 14:31:57,1395,rgb,3,person|couch|remote|person|couch,0.753,0,33.71,0.0,33.71,1510.882,4.9182,0.579498,45.0,1510.882,503.627,0.62,2.0,0.132,44.82,8.55,4.28,22.67,0.24,8.77,yolo,20.8,0.05,0,74.9,0.0,423.3,0.0,1,100.0
2026-05-21 14:31:59,1410,rgb,3,person|couch,0.757,0,33.75,0.0,33.75,1515.713,4.934,0.585796,45.0,1515.713,505.238,0.62,2.0,0.132,44.91,8.79,4.2,22.66,0.24,8.71,yolo,20.8,0.0,0,75.0,0.0,424.2,0.0,1,100.0
2026-05-21 14:32:00,1434,rgb,3,person|couch,0.767,0,33.75,0.0,33.75,1503.225,4.8933,0.595835,45.0,1503.225,501.075,0.65,2.0,0.131,44.54,8.12,4.15,22.96,0.25,8.76,yolo,21.9,1.74,0,75.0,0.0,424.2,0.0,1,100.0
2026-05-21 14:32:01,1455,rgb,3,person|couch,0.755,0,26.68,0.0,26.68,1189.394,3.8717,0.603211,45.0,1189.394,396.465,0.78,2.5,0.131,44.58,8.19,4.2,22.92,0.24,8.75,yolo,20.9,0.21,0,59.3,0.0,424.2,0.0,1,100.0
2026-05-21 14:32:02,1476,rgb,3,person|couch,0.748,0,33.3,0.0,33.3,1489.509,4.8487,0.610739,45.0,1489.509,496.503,0.62,2.0,0.132,44.73,8.42,4.33,22.7,0.24,8.74,yolo,20.8,0.02,0,74.0,0.0,424.2,0.0,1,100.0
2026-05-21 14:32:03,1500,rgb,3,person|couch,0.758,0,34.92,0.0,34.92,1570.003,5.1107,0.620731,45.0,1570.003,523.334,0.64,1.9,0.131,44.96,8.55,4.35,22.83,0.24,8.71,yolo,22.2,0.28,0,77.6,0.0,424.2,0.0,1,100.0
2026-05-21 14:32:04,1524,rgb,3,person|couch,0.758,0,34.92,0.0,34.92,1570.352,5.1118,0.631194,45.0,1570.352,523.451,0.6,1.9,0.13,44.97,8.32,4.36,23.0,0.24,8.77,yolo,21.0,0.45,0,77.6,0.0,424.2,0.0,1,100.0
2026-05-21 14:32:05,1545,rgb,2,person|person|couch,0.752,0,33.52,0.0,33.52,1504.713,4.8982,0.640072,45.0,1504.713,752.356,0.62,1.3,0.087,44.89,8.49,4.3,22.94,0.23,8.66,yolo,20.8,0.08,0,74.5,0.0,424.2,0.0,1,100.0
2026-05-21 14:32:06,1566,rgb,3,person|person|couch,0.766,0,33.79,0.0,33.79,1514.13,4.9288,0.648877,45.0,1514.13,504.71,0.62,2.0,0.131,44.81,8.48,4.39,22.82,0.24,8.61,yolo,20.9,0.04,0,75.1,0.0,424.2,0.0,1,100.0
2026-05-21 14:32:07,1590,rgb,3,person|person|couch,0.76,0,34.52,0.0,34.52,1547.186,5.0364,0.658971,45.0,1547.186,515.729,0.65,1.9,0.132,44.82,8.58,4.37,22.66,0.26,8.69,yolo,22.3,0.52,0,76.7,0.0,424.1,0.0,1,100.0
2026-05-21 14:32:08,1614,rgb,3,person|couch,0.753,0,34.52,0.0,34.52,1544.425,5.0274,0.669271,45.0,1544.425,514.808,0.6,1.9,0.134,44.74,8.9,4.37,22.41,0.24,8.58,yolo,20.9,0.64,0,76.7,0.0,424.1,0.0,0,100.0
2026-05-21 14:32:09,1635,rgb,3,person|person|couch,0.746,0,36.99,0.0,36.99,1662.701,5.4124,0.678804,45.0,1662.701,554.234,0.56,1.8,0.135,44.95,9.26,4.32,22.25,0.23,8.67,yolo,20.8,0.05,0,82.2,0.0,424.1,0.0,0,100.0
2026-05-21 14:32:11,1650,rgb,3,person|couch,0.739,0,32.27,0.0,32.27,1448.278,4.7144,0.685676,45.0,1448.278,482.759,0.64,2.1,0.135,44.88,9.23,4.38,22.2,0.23,8.62,yolo,20.8,0.0,0,71.7,0.0,424.1,0.0,0,100.0
2026-05-21 14:32:12,1673,rgb,3,person|couch,0.732,0,32.27,0.0,32.27,1460.54,4.7544,0.695003,45.0,1460.54,486.847,0.4,2.1,0.131,45.26,8.8,4.37,22.98,0.26,8.61,yolo,12.9,0.0,0,71.7,0.0,424.1,0.0,1,100.0
2026-05-21 14:32:13,1694,rgb,3,person|couch,0.733,0,24.8,0.0,24.8,1118.232,3.6401,0.70211,45.0,1118.232,372.744,0.85,2.7,0.131,45.09,8.72,4.37,22.96,0.26,8.54,yolo,21.1,0.0,0,55.1,0.0,424.2,0.0,1,100.0
2026-05-21 14:32:14,1715,rgb,3,person|couch,0.743,0,33.62,0.0,33.62,1511.555,4.9204,0.70931,45.0,1511.555,503.852,0.62,2.0,0.135,44.96,9.15,4.36,22.27,0.26,8.67,yolo,20.9,0.0,0,74.7,0.0,424.2,0.0,1,100.0
2026-05-21 14:32:15,1737,rgb,2,person|person|couch,0.729,0,33.62,0.0,33.62,1507.185,4.9062,0.71852,45.0,1507.185,753.592,0.62,1.3,0.091,44.83,9.3,4.33,22.03,0.25,8.67,yolo,20.8,0.0,0,74.7,0.0,424.2,0.0,1,100.0
2026-05-21 14:32:16,1758,rgb,3,person|person|couch,0.727,0,33.88,0.0,33.88,1524.939,4.964,0.727395,45.0,1524.939,508.313,0.66,2.0,0.135,45.01,9.35,4.35,22.18,0.24,8.63,yolo,22.2,0.41,0,75.3,0.0,424.2,0.0,1,100.0
2026-05-21 14:32:17,1779,rgb,3,person|person|couch|remote|person|couch,0.722,0,33.84,0.0,33.84,1518.062,4.9416,0.736267,45.0,1518.062,506.021,0.61,2.0,0.134,44.86,9.4,4.32,22.39,0.23,8.27,yolo,20.8,0.41,0,75.2,0.0,424.2,0.0,1,100.0
2026-05-21 14:32:18,1801,rgb,3,person|person|couch|remote|person|couch,0.726,0,33.48,0.0,33.48,1502.582,4.8912,0.745551,45.0,1502.582,500.861,0.62,2.0,0.134,44.88,9.33,4.29,22.45,0.24,8.32,yolo,20.8,0.0,0,74.4,0.0,424.2,0.0,1,100.0
2026-05-21 14:32:19,1823,rgb,3,person|couch|remote|person|couch,0.712,0,33.48,0.0,33.48,1519.992,4.9479,0.754782,45.0,1519.992,506.664,0.62,2.0,0.133,45.4,9.63,4.23,22.59,0.25,8.45,yolo,20.8,0.0,0,74.4,0.0,424.2,0.0,1,100.0
2026-05-21 14:32:20,1844,rgb,3,person|couch|remote|person|couch,0.704,0,35.05,0.0,35.05,1593.023,5.1856,0.763958,45.0,1593.023,531.008,0.65,1.9,0.133,45.45,9.71,4.19,22.48,0.24,8.56,yolo,22.8,0.59,0,77.9,0.0,424.2,0.0,1,100.0
2026-05-21 14:32:21,1865,rgb,3,person|couch,0.74,0,34.56,0.0,34.56,1567.642,5.103,0.773224,45.0,1567.642,522.547,0.6,1.9,0.134,45.36,9.59,4.21,22.45,0.24,8.62,yolo,20.8,0.59,0,76.8,0.0,424.2,0.0,1,100.0
2026-05-21 14:32:22,1887,rgb,3,person|couch,0.751,0,34.56,0.0,34.56,1552.781,5.0546,0.782756,45.0,1552.781,517.594,0.6,1.9,0.134,44.93,9.25,4.33,22.34,0.24,8.52,yolo,20.7,0.03,0,76.8,0.0,424.2,0.0,1,100.0
2026-05-21 14:32:23,1894,rgb,3,person|couch,0.749,0,34.2,0.0,34.2,1524.636,4.963,0.785742,45.0,1524.636,508.212,0.62,2.0,0.133,44.58,8.88,4.25,22.48,0.24,8.48,yolo,21.3,0.27,0,76.0,0.0,424.2,0.0,1,100.0
2026-05-21 14:32:24,1917,rgb,3,person|couch|remote|person|couch,0.737,0,34.2,0.0,34.2,1520.532,4.9496,0.795456,45.0,1520.532,506.844,0.23,2.0,0.132,44.46,8.54,4.32,22.7,0.24,8.4,yolo,7.9,4.51,0,76.0,0.0,424.2,0.0,1,100.0
2026-05-21 14:32:25,1938,rgb,2,person|person|couch|remote|person|couch,0.748,0,27.54,0.0,27.54,1226.081,3.9911,0.802767,45.0,1226.081,613.04,0.77,1.6,0.088,44.52,8.68,4.19,22.77,0.23,8.36,yolo,21.3,3.93,0,61.2,0.0,424.2,0.0,1,100.0
2026-05-21 14:32:26,1959,rgb,2,person,0.82,0,34.02,0.0,34.02,1530.22,4.9812,0.810751,45.0,1530.22,765.11,0.61,1.3,0.089,44.98,9.2,4.23,22.5,0.23,8.49,yolo,20.9,0.12,0,75.6,0.0,424.2,0.0,1,100.0
2026-05-21 14:32:27,1980,rgb,1,person,0.871,0,33.84,0.0,33.84,1525.507,4.9658,0.819696,45.0,1525.507,1525.507,0.61,0.7,0.044,45.08,9.0,4.25,22.67,0.21,8.61,yolo,20.7,0.06,0,75.2,0.0,424.2,0.0,1,100.0
2026-05-21 14:32:28,2004,rgb,1,person,0.865,0,33.84,0.0,33.84,1519.416,4.946,0.829831,45.0,1519.416,1519.416,0.62,0.7,0.044,44.9,8.88,4.33,22.65,0.18,8.51,yolo,20.9,0.06,0,75.2,0.0,424.2,0.0,1,100.0
2026-05-21 14:32:29,2025,rgb,1,person,0.867,0,34.2,0.0,34.2,1534.896,4.9964,0.838762,45.0,1534.896,1534.896,0.65,0.7,0.044,44.88,8.96,4.37,22.6,0.15,8.46,yolo,22.4,0.44,0,76.0,0.0,424.2,0.0,1,100.0
2026-05-21 14:32:30,2046,rgb,1,person|person|chair,0.858,0,34.24,0.0,34.24,1537.718,5.0056,0.847707,45.0,1537.718,1537.718,0.61,0.7,0.045,44.91,9.49,4.3,22.27,0.14,8.36,yolo,20.9,0.44,0,76.1,0.0,424.2,0.0,1,100.0
2026-05-21 14:32:31,2070,rgb,1,person|person|remote,0.837,0,33.62,0.0,33.62,1508.529,4.9106,0.85795,45.0,1508.529,1508.529,0.62,0.7,0.045,44.87,9.51,4.2,22.31,0.14,8.38,yolo,20.7,0.06,0,74.7,0.0,424.2,0.0,1,100.0
2026-05-21 14:32:32,2094,rgb,1,person|person|microwave,0.818,0,33.62,0.0,33.62,1506.848,4.9051,0.868008,45.0,1506.848,1506.848,0.64,0.7,0.044,44.82,9.28,4.13,22.63,0.14,8.31,yolo,21.6,0.02,0,74.7,0.0,424.2,0.0,1,100.0
2026-05-21 14:32:33,2115,rgb,1,person,0.822,0,37.67,0.0,37.67,1691.383,5.5058,0.877622,45.0,1691.383,1691.383,0.57,0.6,0.044,44.9,9.11,4.14,22.71,0.14,8.47,yolo,21.6,0.0,0,83.7,0.0,424.2,0.0,1,100.0
2026-05-21 14:32:35,2130,rgb,1,person,0.852,0,34.06,0.0,34.06,1528.953,4.9771,0.884623,45.0,1528.953,1528.953,0.63,0.7,0.044,44.89,9.21,4.16,22.59,0.13,8.48,yolo,21.5,0.0,0,75.7,0.0,424.2,0.0,1,100.0
2026-05-21 14:32:36,2154,rgb,1,person,0.879,0,34.06,0.0,34.06,1527.591,4.9726,0.894778,45.0,1527.591,1527.591,0.63,0.7,0.045,44.85,9.34,4.12,22.39,0.12,8.57,yolo,21.6,2.18,0,75.7,0.0,424.2,0.0,1,100.0
2026-05-21 14:32:37,2175,rgb,1,person,0.879,0,26.82,0.0,26.82,1202.609,3.9147,0.90224,45.0,1202.609,1202.609,0.78,0.8,0.045,44.84,9.34,4.17,22.36,0.12,8.54,yolo,20.9,0.15,0,59.6,0.0,424.2,0.0,1,100.0
2026-05-21 14:32:38,2196,rgb,1,person|chair,0.84,0,34.65,0.0,34.65,1563.408,5.0892,0.909947,45.0,1563.408,1563.408,0.6,0.6,0.045,45.12,9.71,4.14,22.34,0.09,8.53,yolo,20.7,0.04,0,77.0,0.0,424.2,0.0,1,0.0
2026-05-21 14:32:39,2220,rgb,0,person|couch|chair,0.787,0,34.06,0.0,34.06,1534.744,4.9959,0.920354,45.0,1534.744,1534.744,0.66,0.0,0.0,45.06,9.69,4.23,22.23,0.05,8.6,yolo,22.5,0.36,0,75.7,0.0,424.2,0.0,1,100.0
2026-05-21 14:32:40,2244,rgb,0,couch|chair,0.751,0,34.06,0.0,34.06,1538.15,5.007,0.930584,45.0,1538.15,1538.15,0.61,0.0,0.0,45.16,9.67,4.25,22.26,0.02,8.72,yolo,20.8,0.63,0,75.7,0.0,424.2,0.0,1,100.0
2026-05-21 14:32:41,2265,rgb,1,person|person|chair|person|couch,0.686,0,34.47,0.0,34.47,1552.184,5.0527,0.939616,45.0,1552.184,1552.184,0.6,0.6,0.045,45.03,9.51,4.21,22.36,0.04,8.66,yolo,20.8,0.0,0,76.6,0.0,424.2,0.0,1,100.0
2026-05-21 14:32:42,2286,rgb,0,person,0.633,0,34.42,0.0,34.42,1550.277,5.0465,0.948663,45.0,1550.277,1550.277,0.61,0.0,0.0,45.04,9.55,4.23,22.33,0.05,8.62,yolo,20.9,0.04,0,76.5,0.0,424.2,0.0,1,100.0
2026-05-21 14:32:43,2310,rgb,0,couch,0.613,0,33.88,0.0,33.88,1522.906,4.9574,0.958992,45.0,1522.906,1522.906,0.66,0.0,0.0,44.95,9.59,4.15,22.48,0.05,8.41,yolo,22.3,0.52,0,75.3,0.0,424.2,0.0,1,100.0
2026-05-21 14:32:44,2334,rgb,0,chair,0.594,0,33.88,0.0,33.88,1524.261,4.9618,0.969135,45.0,1524.261,1524.261,0.61,0.0,0.0,44.99,9.92,4.24,22.28,0.01,8.28,yolo,20.8,0.68,0,75.3,0.0,424.2,0.0,1,100.0
2026-05-21 14:32:45,2355,rgb,1,person,0.571,0,34.61,0.0,34.61,1552.605,5.0541,0.978146,45.0,1552.605,1552.605,0.6,0.6,0.045,44.86,9.92,4.22,22.17,0.02,8.28,yolo,20.9,0.05,0,76.9,0.0,424.2,0.0,1,100.0
2026-05-21 14:32:47,2370,rgb,2,person|person|couch,0.543,0,34.65,0.0,34.65,1554.399,5.0599,0.984615,45.0,1554.399,777.199,0.6,1.3,0.09,44.86,9.8,4.25,22.12,0.05,8.4,yolo,20.9,0.0,0,77.0,0.0,424.2,0.0,1,100.0
2026-05-21 14:32:48,2393,rgb,2,person|couch,0.551,0,34.65,0.0,34.65,1565.14,5.0949,0.994588,45.0,1565.14,782.57,0.38,1.3,0.088,45.17,9.55,4.18,22.65,0.11,8.45,yolo,13.1,0.0,0,77.0,0.0,424.2,0.0,0,100.0
2026-05-21 14:32:49,2412,rgb,1,person|person|couch,0.528,0,25.56,0.0,25.56,1167.581,3.8007,1.001376,45.0,1167.581,1167.581,0.83,0.9,0.044,45.68,9.39,4.2,22.94,0.16,8.78,yolo,21.3,0.0,0,56.8,0.0,424.2,0.0,0,100.0
2026-05-21 14:32:50,2434,rgb,2,person|person|couch,0.5,0,32.67,0.0,32.67,1496.286,4.8707,1.008976,45.0,1496.286,748.143,0.62,1.3,0.088,45.8,9.62,4.3,22.63,0.17,8.89,yolo,20.1,0.34,0,72.6,0.0,424.2,0.0,0,100.0
2026-05-21 14:32:51,2457,rgb,2,person|person|chair|person|couch,0.502,0,32.67,0.0,32.67,1486.812,4.8399,1.018487,45.0,1486.812,743.406,0.64,1.3,0.09,45.51,9.41,4.41,22.32,0.16,9.02,yolo,20.9,0.16,0,72.6,0.0,424.2,0.0,0,50.0
2026-05-21 14:32:52,2478,rgb,4,person|couch|chair|person|couch,0.489,0,32.76,0.0,32.76,1472.562,4.7935,1.02713,45.0,1472.562,368.14,0.68,2.7,0.182,44.95,9.38,4.46,21.94,0.17,8.82,yolo,22.3,0.41,0,72.8,0.0,424.2,0.0,0,75.0
2026-05-21 14:32:53,2499,rgb,3,person|person|couch|person|couch|chair,0.498,0,32.89,0.0,32.89,1471.499,4.79,1.035718,45.0,1471.499,490.5,0.63,2.0,0.137,44.74,9.29,4.45,21.87,0.18,8.79,yolo,20.9,0.41,0,73.1,0.0,424.2,0.0,0,100.0
2026-05-21 14:32:54,2520,rgb,2,person|person|chair|person|couch,0.494,0,33.12,0.0,33.12,1480.464,4.8192,1.044302,45.0,1480.464,740.232,0.63,1.4,0.092,44.7,9.32,4.43,21.85,0.18,8.75,yolo,20.8,0.03,0,73.6,0.0,424.1,0.0,0,100.0
2026-05-21 14:32:55,2544,rgb,1,person|couch|person|chair|person|chair,0.521,0,33.12,0.0,33.12,1481.126,4.8214,1.054165,45.0,1481.126,1481.126,0.63,0.7,0.045,44.72,9.41,4.3,22.06,0.15,8.63,yolo,20.8,0.0,0,73.6,0.0,424.1,0.0,1,100.0
2026-05-21 14:32:56,2565,rgb,1,person|person|couch|chair|person|chair|person|couch,0.562,0,33.98,0.0,33.98,1525.702,4.9665,1.062991,45.0,1525.702,1525.702,0.66,0.7,0.045,44.9,9.5,4.29,22.15,0.13,8.66,yolo,22.4,0.47,0,75.5,0.0,424.1,0.0,0,100.0
2026-05-21 14:32:57,2586,rgb,2,person|person|couch,0.581,0,31.99,0.0,31.99,1438.59,4.6829,1.07171,45.0,1438.59,719.295,0.65,1.4,0.09,44.97,9.67,4.22,22.2,0.13,8.6,yolo,20.8,0.47,0,71.1,0.0,424.1,0.0,0,100.0
2026-05-21 14:32:59,2610,rgb,1,couch|person|couch,0.546,0,33.3,0.0,33.3,1495.503,4.8682,1.081312,45.0,1495.503,1495.503,0.63,0.7,0.046,44.91,9.64,4.32,21.94,0.12,8.74,yolo,20.8,0.0,0,74.0,0.0,424.1,0.0,0,100.0
2026-05-21 14:33:00,2634,rgb,0,couch,0.525,0,33.3,0.0,33.3,1486.179,4.8378,1.091215,45.0,1486.179,1486.179,0.66,0.0,0.0,44.63,9.61,4.24,22.03,0.07,8.53,yolo,21.9,1.74,0,74.0,0.0,424.1,0.0,0,100.0
2026-05-21 14:33:01,2655,rgb,1,couch|couch|chair|chair,0.506,0,25.33,0.0,25.33,1131.998,3.6849,1.098298,45.0,1131.998,1131.998,0.82,0.9,0.045,44.69,9.6,4.34,21.99,0.04,8.57,yolo,20.7,0.26,0,56.3,0.0,424.1,0.0,0,100.0
2026-05-21 14:33:02,2676,rgb,1,couch|chair,0.468,0,34.24,0.0,34.24,1541.827,5.019,1.105681,45.0,1541.827,1541.827,0.61,0.6,0.046,45.03,9.87,4.33,21.89,0.04,8.74,yolo,21.0,0.06,0,76.1,0.0,424.1,0.0,0,0.0
2026-05-21 14:33:03,2698,rgb,1,couch|couch|person|chair|person|couch|person|person|couch|chair,0.439,0,34.24,0.0,34.24,1565.11,5.0948,1.115206,45.0,1565.11,1565.11,0.64,0.6,0.043,45.71,9.35,4.33,23.08,0.08,8.7,yolo,21.9,0.19,0,76.1,0.0,424.1,0.0,1,100.0
2026-05-21 14:33:04,2719,rgb,2,person|person|chair|person|couch,0.476,0,37.94,0.0,37.94,1725.891,5.6181,1.125239,45.0,1725.891,862.946,0.55,1.2,0.086,45.49,9.16,4.22,23.33,0.11,8.5,yolo,20.9,0.21,0,84.3,0.0,424.1,0.0,1,50.0
2026-05-21 14:33:05,2740,rgb,3,person|couch|chair|couch|person|chair|person|couch,0.573,0,33.98,0.0,33.98,1547.789,5.0384,1.134763,45.0,1547.789,515.93,0.61,1.9,0.126,45.55,8.91,4.11,23.89,0.16,8.3,yolo,20.7,0.04,0,75.5,0.0,424.1,0.0,1,66.7
2026-05-21 14:33:06,2762,rgb,2,couch|person|chair|person|chair,0.59,0,37.08,0.0,37.08,1661.555,5.4087,1.144195,45.0,1661.555,830.778,0.59,1.2,0.087,44.81,8.84,4.23,23.04,0.18,8.32,yolo,21.7,0.21,0,82.4,0.0,424.1,0.0,1,100.0
2026-05-21 14:33:07,2784,rgb,2,person|person|chair,0.586,0,37.08,0.0,37.08,1660.813,5.4063,1.154361,45.0,1660.813,830.407,0.57,1.2,0.087,44.79,8.62,4.31,22.96,0.19,8.51,yolo,21.1,0.12,0,82.4,0.0,424.1,0.0,1,50.0
2026-05-21 14:33:08,2805,rgb,2,person|couch|person|chair|person|chair,0.529,0,34.61,0.0,34.61,1549.49,5.0439,1.163567,45.0,1549.49,774.745,0.6,1.3,0.088,44.77,8.79,4.35,22.68,0.19,8.56,yolo,20.9,0.04,0,76.9,0.0,424.6,0.0,1,100.0
2026-05-21 14:33:09,2826,rgb,2,person|chair,0.535,0,32.94,0.0,32.94,1479.006,4.8145,1.172475,45.0,1479.006,739.503,0.63,1.4,0.089,44.9,9.17,4.24,22.55,0.18,8.56,yolo,20.7,0.04,0,73.2,0.0,424.6,0.0,1,100.0
2026-05-21 14:33:11,2850,rgb,2,person|person|chair|person|couch,0.562,0,33.93,0.0,33.93,1523.118,4.9581,1.182343,45.0,1523.118,761.559,0.66,1.3,0.089,44.89,9.38,4.18,22.45,0.17,8.52,yolo,22.4,0.34,0,75.4,0.0,424.6,0.0,1,50.0
2026-05-21 14:33:12,2874,rgb,1,person|person|chair|person|couch,0.574,0,33.93,0.0,33.93,1513.957,4.9282,1.19243,45.0,1513.957,1513.957,0.23,0.7,0.044,44.62,9.0,4.17,22.73,0.15,8.36,yolo,7.9,6.59,0,75.4,0.0,424.6,0.0,1,100.0
2026-05-21 14:33:13,2895,depth,1,person|person|chair,0.635,1.42,28.04,0.0,28.04,1288.158,4.1932,1.200161,45.0,1288.158,1288.158,0.76,0.8,0.044,45.94,8.56,5.88,22.91,0.14,8.23,yolo,21.4,5.75,0,62.3,0.0,424.6,0.0,1,100.0
2026-05-21 14:33:14,2916,depth,2,person|person|chair,0.705,1.38,34.79,0.0,34.79,1651.829,5.377,1.20843,45.0,1651.829,825.914,0.56,1.2,0.087,47.48,7.89,8.18,23.0,0.14,8.03,yolo,19.7,0.67,0,77.3,0.0,432.2,0.0,1,100.0
2026-05-21 14:33:15,2937,depth,1,person|person|chair,0.725,1.35,34.79,0.0,34.79,1700.187,5.5345,1.218235,45.0,1700.187,1700.187,0.52,0.6,0.044,48.87,7.45,10.27,22.79,0.15,7.98,yolo,18.3,0.41,0,77.3,0.0,432.2,0.0,1,100.0
2026-05-21 14:33:16,2958,depth,1,person|person|chair,0.731,1.4,34.52,0.0,34.52,1682.16,5.4758,1.228086,45.0,1682.16,1682.16,0.59,0.6,0.044,48.73,7.32,10.44,22.71,0.15,7.87,yolo,20.5,0.65,0,76.7,0.0,432.2,0.0,1,100.0
2026-05-21 14:33:17,2979,depth,1,person,0.73,1.41,34.52,0.0,34.52,1666.28,5.4241,1.237852,45.0,1666.28,1666.28,0.57,0.6,0.045,48.27,7.31,10.42,22.25,0.14,7.9,yolo,19.6,0.26,0,76.7,0.0,433.1,0.0,1,100.0
2026-05-21 14:33:18,3000,depth,1,person,0.741,1.45,33.93,0.0,33.93,1648.319,5.3656,1.247611,45.0,1648.319,1648.319,0.57,0.6,0.045,48.58,7.21,10.74,22.18,0.14,8.07,yolo,19.4,0.06,0,75.4,0.0,433.1,0.0,1,100.0
2026-05-21 14:33:19,3021,depth,0,person|couch,0.796,1.51,33.93,0.0,33.93,1664.266,5.4175,1.257295,45.0,1664.266,1664.266,0.57,0.0,0.0,49.05,7.14,10.83,22.47,0.13,8.23,yolo,19.3,0.03,0,75.4,0.0,433.1,0.0,1,100.0
2026-05-21 14:33:20,3042,depth,0,couch,0.771,1.51,34.56,0.0,34.56,1694.822,5.517,1.267116,45.0,1694.822,1694.822,0.58,0.0,0.0,49.04,7.25,10.77,22.49,0.1,8.2,yolo,19.9,0.18,0,76.8,0.0,433.1,0.0,1,100.0
2026-05-21 14:33:22,3060,depth,1,couch|chair,0.723,1.51,34.38,0.0,34.38,1687.37,5.4927,1.275619,45.0,1687.37,1687.37,0.57,0.6,0.044,49.08,7.25,10.76,22.6,0.07,8.15,yolo,19.5,0.13,0,76.4,0.0,433.1,0.0,1,100.0
2026-05-21 14:33:23,3081,depth,2,couch|chair|tv|couch,0.669,1.53,34.38,0.0,34.38,1679.119,5.4659,1.285388,45.0,1679.119,839.559,0.57,1.2,0.089,48.84,7.62,10.58,22.36,0.04,7.99,yolo,19.7,1.92,0,76.4,0.0,433.1,0.0,1,0.0
2026-05-21 14:33:24,3102,depth,0,couch|chair|chair|tv|couch,0.595,1.59,27.59,0.0,27.59,1351.358,4.399,1.29399,45.0,1351.358,1351.358,0.7,0.0,0.0,48.98,7.43,10.68,22.6,0.05,7.97,yolo,19.3,0.09,0,61.3,0.0,433.1,0.0,1,100.0
2026-05-21 14:33:25,3122,depth,1,couch,0.552,1.61,35.82,0.0,35.82,1769.508,5.7601,1.301859,45.0,1769.508,1769.508,0.55,0.6,0.044,49.4,7.75,10.75,22.61,0.04,7.98,yolo,19.9,0.13,0,79.6,0.0,433.1,0.0,1,0.0
2026-05-21 14:33:26,3142,depth,1,couch|chair|couch|chair,0.485,1.61,35.82,0.0,35.82,1758.762,5.7251,1.31164,45.0,1758.762,1758.762,0.56,0.6,0.044,49.1,7.39,10.8,22.65,0.05,7.95,yolo,20.0,0.02,0,79.6,0.0,433.1,0.0,1,0.0
2026-05-21 14:33:27,3162,depth,0,couch|chair|couch|chair,0.396,1.65,35.01,0.0,35.01,1720.741,5.6014,1.321267,45.0,1720.741,1720.741,0.53,0.0,0.0,49.15,7.64,10.75,22.49,0.05,7.95,yolo,18.7,0.28,0,77.8,0.0,433.1,0.0,1,100.0
2026-05-21 14:33:28,3183,depth,1,couch|couch|chair|chair,0.346,1.69,34.74,0.0,34.74,1705.387,5.5514,1.33128,45.0,1705.387,1705.387,0.56,0.6,0.045,49.09,7.49,10.76,22.45,0.07,8.07,yolo,19.3,0.13,0,77.2,0.0,433.1,0.0,1,100.0
2026-05-21 14:33:29,3204,depth,0,couch|chair,0.345,1.71,34.74,0.0,34.74,1699.828,5.5333,1.341256,45.0,1699.828,1699.828,0.59,0.0,0.0,48.93,7.47,10.74,22.36,0.06,8.05,yolo,20.4,0.23,0,77.2,0.0,433.1,0.0,1,100.0
2026-05-21 14:33:30,3225,depth,0,couch|chair,0.347,1.73,34.42,0.0,34.42,1684.859,5.4846,1.351119,45.0,1684.859,1684.859,0.56,0.0,0.0,48.95,7.35,10.89,22.34,0.05,8.07,yolo,19.2,0.26,0,76.5,0.0,433.1,0.0,1,100.0
2026-05-21 14:33:31,3245,depth,0,couch|chair,0.344,1.77,34.74,0.0,34.74,1710.598,5.5684,1.36051,45.0,1710.598,1710.598,0.57,0.0,0.0,49.24,7.55,10.98,22.34,0.04,8.08,yolo,19.8,0.13,0,77.2,0.0,433.1,0.0,1,100.0
2026-05-21 14:33:32,3265,depth,0,couch|chair|couch|chair,0.341,1.82,34.74,0.0,34.74,1718.935,5.5955,1.370027,45.0,1718.935,1718.935,0.57,0.0,0.0,49.48,7.65,10.95,22.32,0.05,8.26,yolo,19.7,0.02,0,77.2,0.0,433.1,0.0,1,100.0
2026-05-21 14:33:33,3271,depth,0,chair,0.34,1.86,34.79,0.0,34.79,1718.278,5.5934,1.372891,45.0,1718.278,1718.278,0.17,0.0,0.0,49.39,7.71,10.82,22.3,0.05,8.26,yolo,6.0,5.11,0,77.3,0.0,433.1,0.0,1,100.0
2026-05-21 14:33:34,3292,depth,0,chair,0.339,1.83,34.79,0.0,34.79,1707.493,5.5582,1.382882,45.0,1707.493,1707.493,0.59,0.0,0.0,49.08,7.57,10.77,22.3,0.04,8.15,yolo,20.7,3.13,0,77.3,0.0,433.1,0.0,1,100.0
2026-05-21 14:33:35,3312,depth,1,couch|couch|chair|chair,0.338,1.82,27.18,0.0,27.18,1330.461,4.3309,1.391022,45.0,1330.461,1330.461,0.68,0.8,0.045,48.95,7.58,10.59,22.36,0.04,8.13,yolo,18.5,0.48,0,60.4,0.0,433.1,0.0,1,100.0
2026-05-21 14:33:36,3333,depth,1,person|couch|person|couch,0.385,1.74,34.47,0.0,34.47,1680.757,5.4712,1.399161,45.0,1680.757,1680.757,0.57,0.6,0.045,48.76,7.34,10.65,22.37,0.08,8.07,yolo,19.5,0.21,0,76.6,0.0,433.1,0.0,1,100.0
2026-05-21 14:33:37,3354,depth,1,person|person|couch,0.504,1.44,34.47,0.0,34.47,1663.178,5.414,1.408945,45.0,1663.178,1663.178,0.61,0.6,0.044,48.25,7.07,10.28,22.48,0.13,8.03,yolo,20.9,0.3,0,76.6,0.0,433.1,0.0,1,100.0
2026-05-21 14:33:38,3375,depth,1,person,0.629,1.11,34.24,0.0,34.24,1662.352,5.4113,1.41859,45.0,1662.352,1662.352,0.56,0.6,0.045,48.55,7.68,10.18,22.3,0.15,7.99,yolo,19.1,0.38,0,76.1,0.0,433.1,0.0,1,100.0
2026-05-21 14:33:40,3396,depth,1,person,0.756,0.79,33.71,0.0,33.71,1636.62,5.3275,1.428198,45.0,1636.62,1636.62,0.58,0.6,0.045,48.55,7.67,10.11,22.29,0.15,8.08,yolo,19.6,0.11,0,74.9,0.0,433.1,0.0,1,100.0
2026-05-21 14:33:41,3417,depth,1,person,0.844,0.55,33.71,0.0,33.71,1665.611,5.4219,1.43782,45.0,1665.611,1665.611,0.59,0.6,0.044,49.41,7.95,10.3,22.58,0.15,8.16,yolo,20.0,0.09,0,74.9,0.0,433.1,0.0,1,100.0
2026-05-21 14:33:42,3438,depth,1,person,0.863,0.54,34.97,0.0,34.97,1705.837,5.5529,1.447813,45.0,1705.837,1705.837,0.56,0.6,0.044,48.78,7.07,10.37,22.79,0.14,8.15,yolo,19.6,0.09,0,77.7,0.0,433.1,0.0,1,100.0
2026-05-21 14:33:43,3458,depth,1,person,0.879,0.54,34.52,0.0,34.52,1691.135,5.505,1.457249,45.0,1691.135,1691.135,0.58,0.6,0.044,48.99,7.15,10.48,22.87,0.13,8.1,yolo,19.9,0.07,0,76.7,0.0,433.1,0.0,1,100.0
2026-05-21 14:33:44,3479,depth,1,person,0.883,0.53,34.52,0.0,34.52,1664.9,5.4196,1.467051,45.0,1664.9,1664.9,0.6,0.6,0.044,48.23,6.82,10.27,22.59,0.13,8.17,yolo,20.7,0.17,0,76.7,0.0,433.1,0.0,1,100.0
2026-05-21 14:33:45,3485,depth,1,person,0.887,0.53,35.14,0.0,35.14,1697.613,5.5261,1.469875,45.0,1697.613,1697.613,0.17,0.6,0.044,48.31,7.17,10.11,22.56,0.13,8.1,yolo,5.9,5.52,0,78.1,0.0,433.1,0.0,1,100.0
2026-05-21 14:33:46,3506,depth,1,person,0.889,0.53,35.14,0.0,35.14,1703.587,5.5455,1.479804,45.0,1703.587,1703.587,0.59,0.6,0.045,48.48,7.26,10.22,22.45,0.14,8.18,yolo,20.6,3.13,0,78.1,0.0,433.1,0.0,1,100.0
2026-05-21 14:33:47,3525,depth,1,person,0.891,0.53,26.86,0.0,26.86,1297.338,4.2231,1.487001,45.0,1297.338,1297.338,0.69,0.8,0.045,48.3,7.46,10.05,22.4,0.13,8.02,yolo,18.4,0.49,0,59.7,0.0,433.1,0.0,1,100.0
2026-05-21 14:33:48,3546,depth,1,person,0.895,0.53,33.84,0.0,33.84,1636.841,5.3283,1.495226,45.0,1636.841,1636.841,0.58,0.6,0.045,48.37,7.32,10.32,22.34,0.13,8.02,yolo,19.7,0.28,0,75.2,0.0,433.1,0.0,1,100.0
2026-05-21 14:33:49,3567,depth,1,person,0.897,0.53,33.84,0.0,33.84,1648.346,5.3657,1.504819,45.0,1648.346,1648.346,0.6,0.6,0.044,48.71,7.47,10.34,22.64,0.12,7.89,yolo,20.2,0.11,0,75.2,0.0,433.1,0.0,1,100.0
2026-05-21 14:33:50,3588,depth,0,person,0.887,0.53,34.83,0.0,34.83,1684.031,5.4819,1.514648,45.0,1684.031,1684.031,0.56,0.0,0.0,48.35,7.14,10.33,22.58,0.1,7.96,yolo,19.6,0.13,0,77.4,0.0,433.1,0.0,1,100.0
2026-05-21 14:33:51,3609,depth,0,couch|chair,0.867,0.54,33.34,0.0,33.34,1617.657,5.2658,1.524321,45.0,1617.657,1617.657,0.58,0.0,0.0,48.52,7.11,10.45,22.49,0.07,8.14,yolo,19.3,0.06,0,74.1,0.0,434.0,0.0,1,100.0
2026-05-21 14:33:52,3630,depth,1,couch|couch|chair|person,0.804,0.62,33.79,0.0,33.79,1642.194,5.3457,1.533768,45.0,1642.194,1642.194,0.6,0.6,0.045,48.6,7.48,10.5,22.23,0.05,8.07,yolo,20.4,0.23,0,75.1,0.0,434.0,0.0,1,100.0
2026-05-21 14:33:53,3651,depth,2,person|person|couch,0.761,0.62,33.79,0.0,33.79,1645.235,5.3556,1.543336,45.0,1645.235,822.617,0.58,1.2,0.09,48.69,7.51,10.47,22.26,0.08,8.09,yolo,19.6,0.17,0,75.1,0.0,434.0,0.0,1,100.0
2026-05-21 14:33:54,3672,depth,1,couch|dog|person|couch|person|couch|dog,0.645,0.62,34.34,0.0,34.34,1652.097,5.3779,1.552975,45.0,1652.097,1652.097,0.57,0.6,0.045,48.11,7.19,10.34,22.15,0.1,8.07,yolo,19.6,0.0,0,76.3,0.0,434.0,0.0,1,0.0
2026-05-21 14:33:56,3690,depth,1,person|tv|person|couch|person|couch,0.571,0.8,34.29,0.0,34.29,1670.609,5.4382,1.5613,45.0,1670.609,1670.609,0.57,0.6,0.045,48.72,7.51,10.3,22.27,0.13,8.26,yolo,19.6,0.0,0,76.2,0.0,434.0,0.0,1,100.0
2026-05-21 14:33:57,3711,depth,0,person|couch|person|couch,0.586,0.85,34.29,0.0,34.29,1691.526,5.5063,1.571125,45.0,1691.526,1691.526,0.56,0.0,0.0,49.33,7.8,10.45,22.32,0.13,8.37,yolo,19.4,1.68,0,76.2,0.0,434.0,0.0,1,100.0
2026-05-21 14:33:58,3732,depth,3,tv|couch|chair|couch|dog,0.544,0.87,27.18,0.0,27.18,1348.672,4.3902,1.579757,45.0,1348.672,449.557,0.71,2.2,0.133,49.62,7.76,10.64,22.48,0.12,8.36,yolo,19.3,0.02,0,60.4,0.0,434.0,0.0,1,0.0
2026-05-21 14:33:59,3752,depth,1,couch|tv|couch|chair,0.512,0.99,34.52,0.0,34.52,1713.918,5.5792,1.587572,45.0,1713.918,1713.918,0.57,0.6,0.045,49.65,7.86,10.84,22.31,0.07,8.32,yolo,19.8,0.11,0,76.7,0.0,434.0,0.0,1,100.0
2026-05-21 14:34:00,3772,depth,1,person|couch,0.518,0.99,34.52,0.0,34.52,1705.633,5.5522,1.597041,45.0,1705.633,1705.633,0.57,0.6,0.045,49.41,7.77,10.83,22.39,0.05,8.1,yolo,19.6,0.04,0,76.7,0.0,434.0,0.0,1,0.0
2026-05-21 14:34:01,3792,depth,2,tv|person|person|bed,0.502,1.03,34.34,0.0,34.34,1692.962,5.5109,1.606466,45.0,1692.962,846.481,0.55,1.2,0.089,49.3,7.79,10.68,22.45,0.05,8.07,yolo,19.0,0.13,0,76.3,0.0,434.0,0.0,1,50.0
2026-05-21 14:34:02,3813,depth,1,person|person|bed,0.487,0.99,35.77,0.0,35.77,1747.722,5.6892,1.616324,45.0,1747.722,1747.722,0.55,0.6,0.044,48.86,7.4,10.41,22.75,0.08,7.95,yolo,19.5,0.11,0,79.5,0.0,434.0,0.0,1,100.0
2026-05-21 14:34:03,3834,depth,1,tv|person|person|bed,0.526,0.97,35.77,0.0,35.77,1726.26,5.6193,1.626463,45.0,1726.26,1726.26,0.58,0.6,0.044,48.26,7.09,10.14,22.72,0.11,7.95,yolo,20.8,0.28,0,79.5,0.0,434.0,0.0,1,0.0
2026-05-21 14:34:04,3855,depth,2,tv|person|person|book|bed,0.564,1.05,34.88,0.0,34.88,1647.034,5.3614,1.636221,45.0,1647.034,823.517,0.59,1.2,0.088,47.22,6.57,9.84,22.62,0.11,7.84,yolo,20.7,0.02,0,77.5,0.0,434.0,0.0,1,50.0
2026-05-21 14:34:05,3876,depth,3,person|book|book|person|bed|person|book|bed,0.556,1.11,34.88,0.0,34.88,1652.963,5.3807,1.645831,45.0,1652.963,550.988,0.56,1.8,0.132,47.39,6.62,9.89,22.73,0.13,7.79,yolo,19.4,0.28,0,77.5,0.0,434.0,0.0,1,100.0
2026-05-21 14:34:06,3897,depth,1,person|person|book|bed|person|book,0.472,0.99,34.88,0.0,34.88,1681.914,5.475,1.655536,45.0,1681.914,1681.914,0.57,0.6,0.044,48.22,7.02,10.03,22.77,0.14,8.03,yolo,19.8,0.09,0,77.5,0.0,434.0,0.0,1,100.0
2026-05-21 14:34:07,3903,depth,4,person|person|book,0.493,1.0,34.38,0.0,34.38,1680.494,5.4704,1.65833,45.0,1680.494,420.123,0.17,2.4,0.175,48.88,7.39,10.12,22.88,0.16,8.11,yolo,5.7,5.25,0,76.4,0.0,434.0,0.0,1,75.0
2026-05-21 14:34:08,3924,depth,3,person|book|book|book|bed,0.487,1.07,34.38,0.0,34.38,1707.311,5.5577,1.668245,45.0,1707.311,569.104,0.59,1.8,0.132,49.66,7.73,10.48,22.8,0.19,8.21,yolo,20.2,3.09,0,76.4,0.0,434.0,0.0,1,100.0
2026-05-21 14:34:09,3945,depth,3,book|book|bed,0.419,1.36,26.64,0.0,26.64,1318.147,4.2908,1.676481,45.0,1318.147,439.382,0.72,2.3,0.132,49.48,7.39,10.59,22.73,0.19,8.32,yolo,19.3,0.19,0,59.2,0.0,434.0,0.0,1,66.7
2026-05-21 14:34:11,3966,depth,4,book|person|bed|book|bed,0.42,1.63,34.88,0.0,34.88,1703.19,5.5442,1.684928,45.0,1703.19,425.798,0.56,2.3,0.177,48.83,6.85,10.8,22.65,0.18,8.09,yolo,19.5,0.04,0,77.5,0.0,434.0,0.0,1,100.0
2026-05-21 14:34:12,3987,depth,1,person|book|book|cat|book|cat,0.468,1.84,34.88,0.0,34.88,1711.91,5.5726,1.694864,45.0,1711.91,1711.91,0.58,0.6,0.044,49.08,7.06,10.7,22.75,0.22,8.11,yolo,20.1,0.13,0,77.5,0.0,434.0,0.0,1,100.0
2026-05-21 14:34:13,4008,depth,5,person|book|bed|cat|book|cat|bed|person|book|book,0.443,1.72,34.24,0.0,34.24,1673.651,5.4481,1.70467,45.0,1673.651,334.73,0.56,3.0,0.22,48.88,6.97,10.65,22.68,0.25,8.09,yolo,19.2,0.19,0,76.1,0.0,434.0,0.0,1,100.0
2026-05-21 14:34:14,4028,depth,3,person|book|person|book|bed,0.48,1.52,34.34,0.0,34.34,1696.739,5.5232,1.714039,45.0,1696.739,565.58,0.58,1.8,0.132,49.41,7.25,10.66,22.74,0.28,8.23,yolo,19.8,0.13,0,76.3,0.0,434.0,0.0,1,100.0
2026-05-21 14:34:15,4047,depth,4,person|book|person|book|bed,0.521,1.36,34.34,0.0,34.34,1708.072,5.5601,1.723045,45.0,1708.072,427.018,0.55,2.3,0.176,49.74,7.41,10.89,22.7,0.27,8.22,yolo,18.8,0.22,0,76.3,0.0,434.0,0.0,1,100.0
2026-05-21 14:34:16,4068,depth,2,person|person|book|bed|person|bed|bed,0.484,1.24,35.46,0.0,35.46,1739.668,5.663,1.733227,45.0,1739.668,869.834,0.56,1.1,0.088,49.06,6.93,10.64,22.68,0.23,8.34,yolo,20.0,0.26,0,78.8,0.0,434.0,0.0,1,100.0
2026-05-21 14:34:17,4089,depth,2,person|bed,0.477,1.22,34.69,0.0,34.69,1678.302,5.4632,1.74323,45.0,1678.302,839.151,0.56,1.2,0.088,48.38,6.63,10.47,22.71,0.18,8.15,yolo,19.5,0.11,0,77.1,0.0,434.0,0.0,1,100.0
2026-05-21 14:34:19,4110,depth,2,person|bed|person|chair|bed,0.539,1.15,38.21,0.0,38.21,1856.624,6.0437,1.753084,45.0,1856.624,928.312,0.52,1.1,0.086,48.59,6.49,10.29,23.35,0.16,8.04,yolo,19.7,0.04,0,84.9,0.0,434.0,0.0,1,100.0
2026-05-21 14:34:20,4131,depth,2,person|bed,0.593,1.08,38.21,0.0,38.21,1873.818,6.0997,1.763997,45.0,1873.818,936.909,0.15,1.1,0.084,49.04,6.87,10.14,23.67,0.18,7.93,yolo,5.8,5.92,0,84.9,0.0,434.0,0.0,1,100.0
2026-05-21 14:34:21,4152,depth,2,person|bed,0.585,1.04,27.81,0.0,27.81,1368.252,4.4539,1.77308,45.0,1368.252,684.126,0.74,1.5,0.084,49.2,6.91,10.26,23.67,0.19,7.92,yolo,20.6,6.3,0,61.8,0.0,434.0,0.0,1,100.0
2026-05-21 14:34:22,4173,depth,2,person|bed,0.588,0.94,34.83,0.0,34.83,1691.345,5.5057,1.781386,45.0,1691.345,845.673,0.56,1.2,0.088,48.56,7.33,10.07,22.72,0.17,8.02,yolo,19.4,0.51,0,77.4,0.0,434.0,0.0,1,100.0
2026-05-21 14:34:23,4194,depth,1,person|person|book|bed|person|bed|person|chair|bed,0.573,0.79,34.83,0.0,34.83,1699.356,5.5318,1.79128,45.0,1699.356,1699.356,0.55,0.6,0.044,48.79,7.44,10.06,22.75,0.17,8.11,yolo,19.2,0.09,0,77.4,0.0,434.0,0.0,1,100.0
2026-05-21 14:34:24,4217,depth,1,person|person|bed|tv|person,0.598,0.62,35.96,0.0,35.96,1682.209,5.4759,1.802332,45.0,1682.209,1682.209,0.56,0.6,0.045,46.78,7.57,9.27,22.05,0.15,7.51,yolo,20.2,0.41,0,79.9,0.0,434.0,0.0,1,100.0
2026-05-21 14:34:25,4244,depth,1,person|person|bed,0.655,0.46,35.51,0.0,35.51,1436.024,4.6746,1.813918,45.0,1436.024,1436.024,0.72,0.7,0.054,40.44,7.51,8.04,18.39,0.13,6.18,yolo,25.7,2.51,0,78.9,0.0,433.9,0.0,1,100.0
2026-05-21 14:34:26,4272,depth,1,person,0.747,0.44,34.02,0.0,34.02,1168.247,3.8029,1.823862,45.0,1168.247,1168.247,0.79,0.9,0.069,34.34,7.92,6.61,14.44,0.1,5.11,yolo,26.8,0.5,0,75.6,0.0,433.9,0.0,1,100.0
2026-05-21 14:34:27,4301,depth,2,person|chair|book|tv|person|chair|book|person|chair|person|person|clock,0.763,0.49,31.72,0.0,31.72,1074.039,3.4962,1.832999,45.0,1074.039,537.019,0.84,1.9,0.143,33.86,8.0,6.56,13.99,0.11,5.05,yolo,26.8,0.0,0,70.5,0.0,434.0,0.0,1,50.0
2026-05-21 14:34:28,4329,depth,3,person|book|tv|person|book|person|chair,0.587,0.81,31.77,0.0,31.77,1073.508,3.4945,1.84135,45.0,1073.508,357.836,0.9,2.8,0.218,33.79,7.91,6.73,13.74,0.14,5.11,yolo,28.6,0.81,0,70.6,0.0,434.0,0.0,1,100.0
2026-05-21 14:34:29,4358,depth,3,person|book|tv|person|book,0.514,1.1,31.54,0.0,31.54,1061.006,3.4538,1.849959,45.0,1061.006,353.669,0.86,2.8,0.221,33.64,7.86,6.71,13.58,0.15,5.19,yolo,27.1,0.67,0,70.1,0.0,434.0,0.0,1,100.0
2026-05-21 14:34:31,4380,depth,4,person|book|clock|person|book,0.536,1.0,31.63,0.0,31.63,1063.717,3.4626,1.856443,45.0,1063.717,265.929,0.91,3.8,0.295,33.63,7.8,6.68,13.57,0.16,5.26,yolo,28.6,0.72,0,70.3,0.0,434.0,0.0,1,75.0
2026-05-21 14:34:32,4410,depth,2,person|chair|clock|person|chair|book|laptop|person|chair|person|clock|person|book|person|book,0.556,0.93,24.84,0.0,24.84,853.751,2.7791,1.865399,45.0,853.751,426.875,1.12,2.3,0.145,34.37,8.32,6.7,13.84,0.15,5.18,yolo,27.7,2.94,0,55.2,0.0,434.0,0.0,1,100.0
2026-05-21 14:34:33,4437,depth,2,couch|person|chair|person|chair|clock|person|book|person|book|person|bed,0.566,0.87,24.84,0.0,24.84,891.508,2.902,1.871884,45.0,891.508,445.754,1.03,2.2,0.137,35.89,8.6,7.05,14.62,0.15,5.29,yolo,25.7,0.38,0,55.2,0.0,434.0,0.0,1,50.0
2026-05-21 14:34:34,4464,depth,2,person|person|book|person|bed|person|chair,0.589,0.79,36.95,0.0,36.95,1337.221,4.3529,1.881579,45.0,1337.221,668.611,0.71,1.5,0.132,36.19,8.39,7.01,15.13,0.13,5.35,yolo,26.2,0.09,0,82.1,0.0,434.0,0.0,1,100.0
2026-05-21 14:34:35,4493,depth,2,person|person|book|person|chair,0.62,0.58,34.65,0.0,34.65,1221.066,3.9748,1.891744,45.0,1221.066,610.533,0.83,1.6,0.136,35.24,8.06,6.82,14.74,0.12,5.34,yolo,28.8,0.47,0,77.0,0.0,434.0,0.0,1,100.0
2026-05-21 14:34:36,4521,depth,2,person|person|book|person|chair,0.625,0.38,31.82,0.0,31.82,1078.062,3.5093,1.900441,45.0,1078.062,539.031,0.84,1.9,0.145,33.88,7.86,6.73,13.84,0.12,5.17,yolo,26.8,0.37,0,70.7,0.0,434.0,0.0,1,50.0
2026-05-21 14:34:37,4550,depth,2,person|person|book|person|chair,0.635,0.32,31.09,0.0,31.09,1049.909,3.4177,1.908971,45.0,1049.909,524.955,0.93,1.9,0.145,33.77,8.12,6.61,13.77,0.1,5.01,yolo,29.0,0.4,0,69.1,0.0,434.0,0.0,1,100.0
2026-05-21 14:34:38,4578,depth,1,person|person|book|person|chair|bed|person|chair,0.655,0.32,32.36,0.0,32.36,1098.298,3.5752,1.917397,45.0,1098.298,1098.298,0.83,0.9,0.072,33.94,8.01,6.71,13.83,0.11,5.12,yolo,26.8,0.41,0,71.9,0.0,434.0,0.0,1,100.0
2026-05-21 14:34:39,4608,depth,2,person|person|chair|bed|person|chair,0.631,0.32,32.89,0.0,32.89,1117.602,3.638,1.926645,45.0,1117.602,558.801,0.85,1.8,0.144,33.98,7.8,6.71,13.87,0.12,5.3,yolo,27.9,0.2,0,73.1,0.0,434.0,0.0,1,50.0
2026-05-21 14:34:40,4637,depth,1,person|person|chair,0.641,0.32,32.27,0.0,32.27,1090.081,3.5484,1.935507,45.0,1090.081,1090.081,0.89,0.9,0.073,33.78,8.01,6.54,13.71,0.11,5.25,yolo,28.8,0.16,0,71.7,0.0,434.0,0.0,1,100.0
2026-05-21 14:34:41,4665,depth,1,person|person|chair,0.691,0.32,31.32,0.0,31.32,1064.88,3.4664,1.94386,45.0,1064.88,1064.88,0.86,0.9,0.073,34.0,8.27,6.66,13.63,0.09,5.18,yolo,26.9,0.35,0,69.6,0.0,434.0,0.0,1,100.0
2026-05-21 14:34:42,4680,depth,1,person|person|chair,0.736,0.32,32.4,0.0,32.4,1099.008,3.5775,1.948291,45.0,1099.008,1099.008,0.83,0.9,0.074,33.92,8.42,6.57,13.59,0.09,5.09,yolo,26.9,0.0,0,72.0,0.0,434.0,0.0,1,100.0
2026-05-21 14:34:43,4709,depth,2,person|person|chair,0.724,0.32,32.4,0.0,32.4,1127.52,3.6703,1.95737,45.0,1127.52,563.76,0.4,1.8,0.137,34.8,8.34,6.56,14.56,0.1,5.07,yolo,12.8,0.0,0,72.0,0.0,434.0,0.0,1,100.0
2026-05-21 14:34:44,4737,depth,1,person|person|chair|bed|person|chair,0.679,0.32,22.91,0.0,22.91,795.893,2.5908,1.963581,45.0,795.893,795.893,1.18,1.3,0.068,34.74,7.92,6.61,14.78,0.11,5.17,yolo,27.1,0.0,0,50.9,0.0,434.0,0.0,1,100.0
2026-05-21 14:34:45,4765,depth,2,person|person|bed|person|chair,0.678,0.32,33.44,0.0,33.44,1139.97,3.7108,1.972256,45.0,1139.97,569.985,0.87,1.8,0.138,34.09,7.12,6.93,14.45,0.12,5.29,yolo,29.0,0.35,0,74.3,0.0,434.0,0.0,1,50.0
2026-05-21 14:34:46,4791,depth,1,person|person|chair,0.672,0.33,38.84,0.0,38.84,1374.548,4.4744,1.981825,45.0,1374.548,1374.548,0.63,0.7,0.064,35.39,6.9,7.15,15.69,0.12,5.34,yolo,24.7,0.4,0,86.3,0.0,434.0,0.0,1,100.0
2026-05-21 14:34:47,4814,depth,1,person,0.719,0.34,36.27,0.0,36.27,1406.913,4.5798,1.990479,45.0,1406.913,1406.913,0.63,0.7,0.056,38.79,7.24,7.72,17.7,0.12,5.82,yolo,22.8,0.39,0,80.6,0.0,434.0,0.0,1,100.0
2026-05-21 14:34:48,4833,depth,1,person,0.779,0.35,38.56,0.0,38.56,1664.635,5.4187,1.998477,45.0,1664.635,1664.635,0.47,0.6,0.049,43.17,7.36,8.53,20.53,0.13,6.42,yolo,18.3,1.0,0,85.7,0.0,434.0,0.0,1,100.0
2026-05-21 14:34:49,4854,depth,1,person,0.83,0.36,38.56,0.0,38.56,1825.43,5.9422,2.008627,45.0,1825.43,1825.43,0.53,0.5,0.044,47.34,7.28,9.57,22.67,0.14,7.45,yolo,20.6,0.49,0,85.7,0.0,434.0,0.0,1,100.0
2026-05-21 14:34:50,4874,depth,2,person|person|chair,0.871,0.38,34.06,0.0,34.06,1668.259,5.4305,2.018135,45.0,1668.259,834.13,0.58,1.2,0.085,48.98,7.53,9.78,23.57,0.15,7.71,yolo,19.8,0.17,0,75.7,0.0,434.0,0.0,1,50.0
2026-05-21 14:34:51,4896,depth,1,person,0.804,0.46,40.05,0.0,40.05,1895.166,6.1692,2.028673,45.0,1895.166,1895.166,0.5,0.5,0.043,47.32,7.08,8.95,23.46,0.13,7.46,yolo,20.2,0.08,0,89.0,0.0,434.0,0.0,1,100.0
2026-05-21 14:34:52,4917,depth,3,person|person|book|person|chair,0.716,0.46,40.05,0.0,40.05,1883.552,6.1314,2.03961,45.0,1883.552,627.851,0.52,1.6,0.125,47.03,7.33,8.47,24.01,0.14,6.82,yolo,20.6,0.09,0,89.0,0.0,434.0,0.0,1,100.0
2026-05-21 14:34:53,4923,depth,5,person|person|book,0.604,0.47,39.96,0.0,39.96,1897.7,6.1774,2.042747,45.0,1897.7,379.54,0.14,2.6,0.207,47.49,7.75,8.37,24.18,0.15,6.79,yolo,5.7,5.55,0,88.8,0.0,434.0,0.0,1,80.0
2026-05-21 14:34:55,4944,depth,6,tv|person|book|remote|person|book|tv|person|book,0.556,0.73,39.96,0.0,39.96,1943.654,6.327,2.053877,45.0,1943.654,323.942,0.49,3.1,0.257,48.64,8.24,9.18,23.39,0.24,7.34,yolo,19.7,2.98,0,88.8,0.0,434.0,0.0,1,83.3
2026-05-21 14:34:56,4964,depth,4,tv|person|book|remote|person|book,0.57,1.22,25.47,0.0,25.47,1279.103,4.1637,2.06184,45.0,1279.103,319.776,0.78,3.1,0.172,50.22,8.52,10.11,23.22,0.33,7.79,yolo,19.8,0.02,0,56.6,0.0,435.1,0.0,1,100.0
2026-05-21 14:34:57,4983,depth,6,person|book|person|book|remote,0.586,1.34,36.59,0.0,36.59,1815.596,5.9101,2.069171,45.0,1815.596,302.599,0.5,3.3,0.268,49.62,7.6,10.81,22.36,0.4,8.19,yolo,18.3,0.33,0,81.3,0.0,435.1,0.0,1,100.0
2026-05-21 14:34:58,5004,depth,5,person|book|person|book|remote,0.559,1.36,36.59,0.0,36.59,1811.937,5.8982,2.079741,45.0,1811.937,362.387,0.54,2.8,0.222,49.52,7.48,10.74,22.48,0.43,8.12,yolo,19.8,0.32,0,81.3,0.0,435.1,0.0,1,100.0
2026-05-21 14:34:59,5025,depth,4,person|book,0.549,1.36,34.34,0.0,34.34,1698.113,5.5277,2.089819,45.0,1698.113,424.528,0.56,2.4,0.178,49.45,7.11,10.76,22.48,0.42,8.41,yolo,19.3,0.11,0,76.3,0.0,435.1,0.0,1,100.0
2026-05-21 14:35:00,5046,depth,1,person|person|book,0.481,1.25,33.16,0.0,33.16,1639.43,5.3367,2.099654,45.0,1639.43,1639.43,0.58,0.6,0.045,49.44,7.26,10.74,22.33,0.37,8.49,yolo,19.3,0.0,0,73.7,0.0,435.1,0.0,1,100.0
2026-05-21 14:35:01,5067,depth,1,person|person|book,0.535,1.15,33.16,0.0,33.16,1613.234,5.2514,2.109165,45.0,1613.234,1613.234,0.63,0.6,0.045,48.65,7.17,10.45,22.1,0.3,8.37,yolo,20.8,0.32,0,73.7,0.0,435.1,0.0,1,100.0
2026-05-21 14:35:02,5088,depth,1,person|tv|person,0.607,1.03,34.38,0.0,34.38,1647.833,5.364,2.118853,45.0,1647.833,1647.833,0.58,0.6,0.046,47.93,7.25,10.25,21.77,0.24,8.18,yolo,19.8,0.21,0,76.4,0.0,435.1,0.0,1,100.0
2026-05-21 14:35:03,5109,depth,1,person,0.671,0.86,33.03,0.0,33.03,1557.695,5.0706,2.128214,45.0,1557.695,1557.695,0.61,0.6,0.045,47.16,6.5,9.96,22.04,0.18,8.23,yolo,20.1,0.06,0,73.4,0.0,435.1,0.0,1,100.0
2026-05-21 14:35:05,5130,depth,1,person,0.743,0.78,40.37,0.0,40.37,1922.016,6.2566,2.137422,45.0,1922.016,1922.016,0.5,0.5,0.044,47.61,6.59,9.89,22.53,0.15,8.22,yolo,20.3,0.04,0,89.7,0.0,435.1,0.0,1,100.0
2026-05-21 14:35:06,5151,depth,1,person,0.819,0.62,40.37,0.0,40.37,1951.082,6.3512,2.148727,45.0,1951.082,1951.082,0.14,0.5,0.042,48.33,6.52,9.84,23.54,0.14,8.03,yolo,5.7,6.22,0,89.7,0.0,435.1,0.0,1,100.0
2026-05-21 14:35:07,5171,depth,1,person,0.876,0.55,31.91,0.0,31.91,1565.824,5.0971,2.158224,45.0,1565.824,1565.824,0.66,0.6,0.041,49.07,7.07,9.71,24.23,0.14,7.68,yolo,20.9,6.58,0,70.9,0.0,435.1,0.0,1,100.0
2026-05-21 14:35:08,5191,depth,1,person,0.888,0.38,42.52,0.0,42.52,2043.511,6.6521,2.167093,45.0,2043.511,2043.511,0.46,0.5,0.042,48.06,6.74,9.48,24.06,0.16,7.37,yolo,19.4,0.69,0,94.5,0.0,435.1,0.0,1,100.0
2026-05-21 14:35:09,5211,depth,1,person,0.886,0.35,42.52,0.0,42.52,2050.74,6.6756,2.178414,45.0,2050.74,2050.74,0.47,0.5,0.043,48.23,7.14,9.6,23.48,0.16,7.62,yolo,20.0,0.29,0,94.5,0.0,435.1,0.0,1,100.0
2026-05-21 14:35:10,5231,depth,1,person,0.884,0.36,32.85,0.0,32.85,1589.94,5.1756,2.188302,45.0,1589.94,1589.94,0.6,0.6,0.044,48.4,7.05,10.02,22.83,0.17,8.1,yolo,19.7,0.15,0,73.0,0.0,435.1,0.0,1,100.0
2026-05-21 14:35:11,5250,depth,2,person|tv|person,0.88,0.37,32.31,0.0,32.31,1586.744,5.1652,2.196782,45.0,1586.744,793.372,0.6,1.3,0.088,49.11,7.32,10.44,22.64,0.14,8.34,yolo,19.3,0.2,0,71.8,0.0,435.1,0.0,1,50.0
2026-05-21 14:35:12,5271,depth,1,person|tv|person,0.863,0.46,32.31,0.0,32.31,1566.389,5.0989,2.205985,45.0,1566.389,1566.389,0.61,0.6,0.045,48.48,7.05,10.51,22.3,0.15,8.24,yolo,19.9,0.3,0,71.8,0.0,435.1,0.0,1,100.0
2026-05-21 14:35:13,5291,depth,1,person,0.852,0.52,37.62,0.0,37.62,1820.056,5.9247,2.215542,45.0,1820.056,1820.056,0.53,0.5,0.044,48.38,7.12,10.27,22.69,0.15,7.9,yolo,19.9,0.0,0,83.6,0.0,435.1,0.0,1,100.0
2026-05-21 14:35:14,5310,depth,1,person,0.846,0.51,35.05,0.0,35.05,1683.101,5.4788,2.225055,45.0,1683.101,1683.101,0.58,0.6,0.044,48.02,7.18,9.95,22.7,0.14,7.81,yolo,20.3,0.19,0,77.9,0.0,435.1,0.0,1,100.0
2026-05-21 14:35:15,5331,depth,1,person,0.838,0.51,35.05,0.0,35.05,1687.657,5.4937,2.234852,45.0,1687.657,1687.657,0.57,0.6,0.044,48.15,7.17,9.71,22.95,0.14,7.95,yolo,19.8,0.24,0,77.9,0.0,435.1,0.0,1,100.0
2026-05-21 14:35:16,5340,depth,1,person,0.841,0.47,36.41,0.0,36.41,1736.757,5.6535,2.239078,45.0,1736.757,1736.757,0.54,0.6,0.045,47.7,7.25,9.74,22.38,0.14,7.95,yolo,19.8,0.0,0,80.9,0.0,435.1,0.0,1,100.0
2026-05-21 14:35:17,5361,depth,1,person,0.852,0.41,36.41,0.0,36.41,1754.962,5.7128,2.249234,45.0,1754.962,1754.962,0.54,0.6,0.044,48.2,7.43,9.76,22.82,0.14,7.83,yolo,19.7,1.9,0,80.9,0.0,435.1,0.0,1,100.0
2026-05-21 14:35:18,5382,depth,1,person,0.865,0.34,28.71,0.0,28.71,1387.841,4.5177,2.258148,45.0,1387.841,1387.841,0.7,0.7,0.044,48.34,7.53,9.89,22.66,0.14,7.88,yolo,20.0,0.06,0,63.8,0.0,435.1,0.0,1,100.0
2026-05-21 14:35:19,5402,depth,1,person,0.864,0.33,37.03,0.0,37.03,1802.991,5.8691,2.266207,45.0,1802.991,1802.991,0.53,0.6,0.043,48.69,7.18,10.08,23.11,0.15,7.93,yolo,19.7,0.07,0,82.3,0.0,435.1,0.0,1,100.0
2026-05-21 14:35:20,5423,depth,1,person,0.86,0.31,37.03,0.0,37.03,1779.291,5.792,2.276595,45.0,1779.291,1779.291,0.56,0.6,0.044,48.05,6.89,10.1,22.62,0.15,8.05,yolo,20.9,0.26,0,82.3,0.0,435.1,0.0,1,100.0
2026-05-21 14:35:21,5442,depth,1,person,0.856,0.29,35.91,0.0,35.91,1737.326,5.6554,2.285805,45.0,1737.326,1737.326,0.51,0.6,0.044,48.38,6.93,10.1,22.81,0.16,8.15,yolo,18.4,0.56,0,79.8,0.0,435.1,0.0,1,100.0
2026-05-21 14:35:22,5463,depth,1,person,0.848,0.28,34.52,0.0,34.52,1640.39,5.3398,2.295769,45.0,1640.39,1640.39,0.58,0.6,0.045,47.52,7.04,9.82,22.12,0.16,8.14,yolo,19.9,0.32,0,76.7,0.0,435.1,0.0,1,100.0
2026-05-21 14:35:23,5492,depth,1,person,0.849,0.28,37.12,0.0,37.12,1523.034,4.9578,2.308186,45.0,1523.034,1523.034,0.76,0.7,0.054,41.03,7.17,8.27,18.62,0.14,6.62,yolo,28.3,1.53,0,82.5,0.0,435.1,0.0,1,100.0
2026-05-21 14:35:24,5520,depth,1,person,0.87,0.3,33.98,0.0,33.98,1169.592,3.8073,2.319054,45.0,1169.592,1169.592,0.83,0.9,0.069,34.42,7.36,7.09,14.42,0.11,5.28,yolo,28.3,0.0,0,75.5,0.0,435.1,0.0,1,100.0
2026-05-21 14:35:25,5550,depth,5,person|person|book,0.866,0.33,32.4,0.0,32.4,1099.656,3.5796,2.328626,45.0,1099.656,219.931,0.88,4.5,0.362,33.94,8.16,6.66,13.83,0.1,5.03,yolo,28.7,0.2,0,72.0,0.0,435.1,0.0,1,100.0
2026-05-21 14:35:27,5580,depth,8,person|book|tv|person|book,0.544,1.13,33.12,0.0,33.12,1124.424,3.6602,2.337769,45.0,1124.424,140.553,0.87,7.1,0.58,33.95,8.63,6.32,13.8,0.18,4.87,yolo,28.9,0.05,0,73.6,0.0,435.1,0.0,1,87.5
2026-05-21 14:35:28,5610,depth,1,person|chair|person|tv|person|book|tv|person,0.53,1.5,29.57,0.0,29.57,989.708,3.2217,2.347012,45.0,989.708,989.708,0.8,1.0,0.072,33.47,7.81,6.54,13.8,0.17,5.0,yolo,23.7,2.3,0,65.7,0.0,435.1,0.0,1,100.0
2026-05-21 14:35:29,5640,depth,1,person,0.637,1.11,37.71,0.0,37.71,1267.056,4.1245,2.35536,45.0,1267.056,1267.056,0.71,0.8,0.069,33.6,6.97,6.84,14.41,0.1,5.12,yolo,26.8,1.46,0,83.8,0.0,435.1,0.0,1,100.0
2026-05-21 14:35:30,5670,depth,6,person|person|book,0.719,0.71,34.42,0.0,34.42,1206.765,3.9283,2.365984,45.0,1206.765,201.128,0.8,5.0,0.386,35.06,7.47,6.79,15.53,0.11,5.01,yolo,27.6,0.38,0,76.5,0.0,435.0,0.0,1,83.3
2026-05-21 14:35:31,5700,depth,5,person|book,0.514,1.06,33.26,0.0,33.26,1155.12,3.7602,2.375945,45.0,1155.12,231.024,0.79,4.3,0.333,34.73,7.9,6.53,15.01,0.18,4.96,yolo,26.3,0.64,0,73.9,0.0,435.1,0.0,1,100.0
2026-05-21 14:35:32,5730,depth,1,person|person|book|person|chair,0.533,1.48,32.81,0.0,32.81,1099.135,3.5779,2.385535,45.0,1099.135,1099.135,0.88,0.9,0.071,33.5,7.38,6.58,14.12,0.19,5.07,yolo,28.8,1.25,0,72.9,0.0,435.1,0.0,1,100.0
2026-05-21 14:35:33,5760,depth,1,person|person|book,0.631,1.11,35.28,0.0,35.28,1211.162,3.9426,2.39491,45.0,1211.162,1211.162,0.76,0.8,0.069,34.33,7.91,6.71,14.41,0.12,5.03,yolo,26.9,0.94,0,78.4,0.0,435.1,0.0,1,100.0
2026-05-21 14:35:34,5790,depth,1,person,0.735,0.69,33.62,0.0,33.62,1161.571,3.7812,2.405042,45.0,1161.571,1161.571,0.79,0.9,0.068,34.55,7.97,6.72,14.63,0.1,4.96,yolo,26.6,0.14,0,74.7,0.0,435.1,0.0,1,100.0
2026-05-21 14:35:35,5817,depth,1,person,0.779,0.34,33.62,0.0,33.62,1235.199,4.0208,2.413794,45.0,1235.199,1235.199,0.86,0.8,0.062,36.74,7.65,7.2,16.15,0.1,5.47,yolo,29.0,1.16,0,74.7,0.0,435.1,0.0,1,100.0
2026-05-21 14:35:36,5838,depth,1,person|tv|person,0.783,0.29,34.11,0.0,34.11,1410.449,4.5913,2.421549,45.0,1410.449,1410.449,0.6,0.7,0.053,41.35,7.21,8.36,18.85,0.12,6.61,yolo,20.4,3.66,0,75.8,0.0,435.1,0.0,1,100.0
2026-05-21 14:35:38,5850,depth,1,person,0.774,0.28,34.2,0.0,34.2,1502.406,4.8906,2.426411,45.0,1502.406,1502.406,0.61,0.7,0.049,43.93,7.1,8.97,20.31,0.13,7.2,yolo,20.9,0.25,0,76.0,0.0,435.1,0.0,1,100.0
2026-05-21 14:35:39,5871,depth,1,person,0.768,0.28,34.2,0.0,34.2,1621.764,5.2792,2.4357,45.0,1621.764,1621.764,0.58,0.6,0.044,47.42,6.96,9.55,22.49,0.14,8.03,yolo,19.8,2.79,0,76.0,0.0,435.1,0.0,1,100.0
2026-05-21 14:35:40,5895,depth,1,person,0.769,0.28,25.7,0.0,25.7,1173.976,3.8215,2.444681,45.0,1173.976,1173.976,0.89,0.9,0.048,45.68,7.73,9.11,21.05,0.13,7.43,yolo,23.0,0.88,0,57.1,0.0,435.1,0.0,1,100.0
2026-05-21 14:35:41,5924,depth,1,person,0.762,0.28,35.68,0.0,35.68,1378.675,4.4879,2.455087,45.0,1378.675,1378.675,0.75,0.7,0.059,38.64,7.56,7.78,16.98,0.12,6.03,yolo,26.7,1.13,0,79.3,0.0,435.2,0.0,1,100.0
2026-05-21 14:35:42,5952,depth,1,person,0.768,0.28,32.13,0.0,32.13,1093.063,3.5581,2.464561,45.0,1093.063,1093.063,0.9,0.9,0.071,34.02,8.1,6.59,14.0,0.11,5.06,yolo,28.9,0.57,0,71.4,0.0,435.2,0.0,1,100.0
2026-05-21 14:35:43,5982,depth,1,person,0.77,0.29,34.29,0.0,34.29,1160.374,3.7773,2.473882,45.0,1160.374,1160.374,0.78,0.9,0.071,33.84,8.16,6.41,14.02,0.1,5.0,yolo,26.7,0.75,0,76.2,0.0,435.2,0.0,1,100.0
2026-05-21 14:35:44,6010,depth,1,person,0.777,0.29,35.23,0.0,35.23,1194.297,3.8877,2.483026,45.0,1194.297,1194.297,0.82,0.8,0.07,33.9,7.71,6.56,14.2,0.1,5.16,yolo,29.0,0.71,0,78.3,0.0,435.2,0.0,1,100.0
2026-05-21 14:35:45,6039,depth,1,person,0.773,0.29,32.98,0.0,32.98,1117.692,3.6383,2.492428,45.0,1117.692,1117.692,0.81,0.9,0.07,33.89,7.69,6.51,14.25,0.1,5.17,yolo,26.7,0.79,0,73.3,0.0,435.2,0.0,1,100.0
2026-05-21 14:35:46,6069,depth,1,person,0.765,0.29,33.66,0.0,33.66,1140.737,3.7133,2.501789,45.0,1140.737,1140.737,0.85,0.9,0.07,33.89,8.06,6.29,14.29,0.1,4.99,yolo,28.6,0.71,0,74.8,0.0,435.2,0.0,1,100.0
2026-05-21 14:35:47,6096,depth,1,person,0.765,0.29,32.67,0.0,32.67,1135.283,3.6956,2.510291,45.0,1135.283,1135.283,0.83,0.9,0.066,34.75,7.88,6.46,15.13,0.1,5.01,yolo,27.0,0.57,0,72.6,0.0,435.2,0.0,1,100.0
2026-05-21 14:35:49,6120,depth,1,person,0.773,0.29,33.08,0.0,33.08,1161.77,3.7818,2.517931,45.0,1161.77,1161.77,0.82,0.9,0.067,35.12,8.17,6.56,14.95,0.1,5.18,yolo,27.0,0.0,0,73.5,0.0,432.2,0.0,1,100.0
2026-05-21 14:35:50,6147,depth,1,person,0.785,0.29,33.08,0.0,33.08,1214.367,3.953,2.526942,45.0,1214.367,1214.367,0.78,0.8,0.065,36.71,9.41,6.41,15.48,0.1,5.15,yolo,25.9,1.93,0,73.5,0.0,432.2,0.0,1,100.0
2026-05-21 14:35:51,6176,depth,1,person,0.805,0.3,28.08,0.0,28.08,997.963,3.2486,2.535171,45.0,997.963,997.963,1.03,1.0,0.068,35.54,8.97,6.48,14.77,0.1,5.06,yolo,28.8,0.53,0,62.4,0.0,432.3,0.0,1,100.0
2026-05-21 14:35:52,6204,depth,6,person|person|book|person|book|remote,0.668,0.55,32.4,0.0,32.4,1100.952,3.5838,2.543734,45.0,1100.952,183.492,0.82,5.4,0.426,33.98,7.85,6.72,14.07,0.13,5.05,yolo,26.7,0.39,0,72.0,0.0,433.2,0.0,1,83.3
2026-05-21 14:35:53,6234,depth,5,person|book,0.46,1.33,33.34,0.0,33.34,1125.892,3.665,2.553061,45.0,1125.892,225.178,0.87,4.4,0.356,33.77,7.43,6.85,14.03,0.21,5.09,yolo,28.9,0.55,0,74.1,0.0,433.7,0.0,1,80.0
2026-05-21 14:35:54,6263,depth,8,person|book,0.461,1.4,31.68,0.0,31.68,1070.467,3.4846,2.561748,45.0,1070.467,133.808,0.85,7.5,0.568,33.79,7.6,6.59,14.08,0.27,5.1,yolo,26.8,0.64,0,70.4,0.0,433.7,0.0,1,100.0
2026-05-21 14:35:55,6291,depth,4,person|book,0.461,1.43,31.46,0.0,31.46,1064.606,3.4655,2.570031,45.0,1064.606,266.151,0.89,3.8,0.285,33.84,7.8,6.39,14.05,0.29,5.16,yolo,27.9,0.2,0,69.9,0.0,433.7,0.0,1,100.0
2026-05-21 14:35:56,6320,depth,1,person|person|book|book|person|chair,0.487,1.27,31.95,0.0,31.95,1084.702,3.5309,2.578711,45.0,1084.702,1084.702,0.91,0.9,0.071,33.95,7.83,6.62,14.03,0.21,5.11,yolo,28.9,0.18,0,71.0,0.0,433.7,0.0,1,100.0
2026-05-21 14:35:57,6348,depth,2,person|person|book|person|chair,0.591,0.92,32.22,0.0,32.22,1095.48,3.566,2.587169,45.0,1095.48,547.74,0.83,1.8,0.143,34.0,8.13,6.55,14.03,0.13,4.99,yolo,26.7,0.41,0,71.6,0.0,433.7,0.0,1,100.0
2026-05-21 14:35:58,6377,depth,2,person|person|book,0.591,0.57,32.53,0.0,32.53,1102.767,3.5897,2.595987,45.0,1102.767,551.384,0.89,1.8,0.139,33.9,7.51,6.63,14.41,0.14,5.06,yolo,29.0,0.42,0,72.3,0.0,433.7,0.0,1,50.0
2026-05-21 14:35:59,6405,depth,3,person|book,0.569,0.34,33.98,0.0,33.98,1157.359,3.7674,2.604801,45.0,1157.359,385.786,0.79,2.6,0.208,34.06,7.48,6.81,14.39,0.16,5.08,yolo,26.7,0.43,0,75.5,0.0,433.7,0.0,1,100.0
2026-05-21 14:36:00,6420,depth,3,person|book,0.527,0.31,31.59,0.0,31.59,1075.639,3.5014,2.60959,45.0,1075.639,358.546,0.85,2.8,0.21,34.05,7.52,6.8,14.3,0.17,5.12,yolo,26.7,0.0,0,70.2,0.0,433.7,0.0,1,100.0
2026-05-21 14:36:01,6449,depth,2,person|book,0.539,0.31,31.59,0.0,31.59,1100.28,3.5816,2.618475,45.0,1100.28,550.14,0.41,1.8,0.14,34.83,8.3,6.79,14.27,0.18,5.15,yolo,12.9,0.0,0,70.2,0.0,433.7,0.0,1,100.0
2026-05-21 14:36:02,6477,depth,2,person|book|clock|person|book,0.605,0.35,22.5,0.0,22.5,784.125,2.5525,2.62457,45.0,784.125,392.062,1.21,2.6,0.138,34.85,8.24,6.62,14.49,0.16,5.18,yolo,27.2,0.0,0,50.0,0.0,433.7,0.0,1,100.0
2026-05-21 14:36:03,6506,depth,3,person|book|person|book|laptop,0.593,0.47,33.84,0.0,33.84,1141.085,3.7145,2.633615,45.0,1141.085,380.362,0.85,2.6,0.215,33.72,7.9,6.4,13.94,0.15,5.16,yolo,28.6,0.26,0,75.2,0.0,433.7,0.0,1,100.0
2026-05-21 14:36:04,6534,depth,3,person|book,0.554,0.48,32.17,0.0,32.17,1087.024,3.5385,2.642114,45.0,1087.024,362.341,0.84,2.8,0.216,33.79,8.12,6.39,13.88,0.16,5.07,yolo,26.9,0.0,0,71.5,0.0,433.7,0.0,1,100.0
2026-05-21 14:36:05,6563,depth,3,person|book,0.54,0.46,31.09,0.0,31.09,1047.422,3.4096,2.650597,45.0,1047.422,349.141,0.93,2.9,0.216,33.69,7.97,6.41,13.92,0.16,5.06,yolo,28.9,0.36,0,69.1,0.0,433.7,0.0,1,100.0
2026-05-21 14:36:06,6591,depth,2,person|book,0.531,0.34,31.86,0.0,31.86,1070.177,3.4837,2.658872,45.0,1070.177,535.088,0.84,1.9,0.142,33.59,7.49,6.64,14.04,0.16,5.08,yolo,26.7,0.0,0,70.8,0.0,433.7,0.0,1,100.0
2026-05-21 14:36:07,6618,depth,3,person|book,0.536,0.32,32.62,0.0,32.62,1115.93,3.6326,2.667124,45.0,1115.93,371.977,0.88,2.7,0.207,34.21,7.62,6.65,14.49,0.16,5.11,yolo,28.9,0.42,0,72.5,0.0,433.7,0.0,1,100.0
2026-05-21 14:36:08,6647,depth,3,person|book,0.536,0.32,32.58,0.0,32.58,1108.372,3.608,2.676094,45.0,1108.372,369.457,0.82,2.7,0.211,34.02,8.04,6.37,14.23,0.17,5.04,yolo,26.8,0.38,0,72.4,0.0,433.7,0.0,1,100.0
2026-05-21 14:36:09,6675,depth,3,person|book|tv|person|book,0.529,0.39,31.82,0.0,31.82,1064.061,3.4637,2.684563,45.0,1064.061,354.687,0.84,2.8,0.218,33.44,7.76,6.49,13.76,0.18,5.09,yolo,26.7,0.0,0,70.7,0.0,433.7,0.0,1,100.0
2026-05-21 14:36:10,6704,depth,3,person|book,0.526,0.42,32.94,0.0,32.94,1104.478,3.5953,2.693325,45.0,1104.478,368.159,0.88,2.7,0.213,33.53,7.39,6.55,14.09,0.18,5.15,yolo,28.9,0.4,0,73.2,0.0,433.7,0.0,1,100.0
2026-05-21 14:36:12,6720,depth,3,person|book|tv|person|book,0.534,0.46,32.58,0.0,32.58,1092.082,3.555,2.698243,45.0,1092.082,364.027,0.82,2.7,0.212,33.52,7.39,6.46,14.18,0.17,5.14,yolo,26.7,0.0,0,72.4,0.0,433.7,0.0,1,100.0
2026-05-21 14:36:13,6750,depth,1,person|person|book|person|chair,0.539,0.5,23.76,0.0,23.76,818.294,2.6637,2.707478,45.0,818.294,818.294,1.16,1.2,0.07,34.44,8.09,6.56,14.29,0.16,5.17,yolo,27.6,2.62,0,52.8,0.0,433.7,0.0,1,100.0
2026-05-21 14:36:14,6780,depth,1,person,0.628,0.43,34.83,0.0,34.83,1221.836,3.9773,2.714415,45.0,1221.836,1221.836,0.8,0.8,0.068,35.08,8.1,6.73,14.63,0.12,5.33,yolo,27.8,0.06,0,77.4,0.0,433.7,0.0,1,100.0
2026-05-21 14:36:15,6810,depth,2,person|tv|person|chair|person|chair,0.718,0.49,33.3,0.0,33.3,1161.171,3.7799,2.724514,45.0,1161.171,580.586,0.78,1.7,0.139,34.87,8.2,6.7,14.39,0.09,5.32,yolo,25.8,0.85,0,74.0,0.0,433.7,0.0,1,50.0
2026-05-21 14:36:16,6840,depth,1,person|person|book|person|chair,0.736,0.54,32.81,0.0,32.81,1120.79,3.6484,2.734131,45.0,1120.79,1120.79,0.88,0.9,0.07,34.16,8.08,6.45,14.19,0.1,5.18,yolo,28.8,1.33,0,72.9,0.0,433.7,0.0,1,100.0
2026-05-21 14:36:17,6870,depth,1,person|person|chair,0.695,0.53,32.22,0.0,32.22,1084.203,3.5293,2.743366,45.0,1084.203,1084.203,0.83,0.9,0.071,33.65,7.81,6.45,14.02,0.1,5.11,yolo,26.9,0.9,0,71.6,0.0,433.7,0.0,1,100.0
2026-05-21 14:36:18,6900,depth,1,person|person|book|person|chair,0.686,0.42,31.46,0.0,31.46,1066.179,3.4706,2.752448,45.0,1066.179,1066.179,0.92,0.9,0.072,33.89,8.12,6.63,13.8,0.1,5.07,yolo,28.9,0.96,0,69.9,0.0,433.7,0.0,1,100.0
2026-05-21 14:36:19,6930,depth,1,person|chair|person|tv|person|book|tv|person,0.672,0.43,31.41,0.0,31.41,1062.286,3.458,2.761335,45.0,1062.286,1062.286,0.85,0.9,0.072,33.82,7.56,6.85,13.98,0.12,5.15,yolo,26.8,1.04,0,69.8,0.0,433.8,0.0,1,100.0
2026-05-21 14:36:20,6960,depth,3,person|person|laptop|tv|person,0.645,0.57,31.72,0.0,31.72,1066.426,3.4714,2.770137,45.0,1066.426,355.475,0.91,2.8,0.217,33.62,7.51,6.9,13.8,0.13,5.12,yolo,28.8,1.0,0,70.5,0.0,433.7,0.0,1,66.7
2026-05-21 14:36:21,6990,depth,1,person|person|laptop,0.635,0.68,31.68,0.0,31.68,1067.616,3.4753,2.77901,45.0,1067.616,1067.616,0.86,0.9,0.074,33.7,8.24,6.63,13.55,0.11,5.01,yolo,27.1,0.85,0,70.4,0.0,433.8,0.0,1,100.0
2026-05-21 14:36:23,7020,depth,2,person|person|book|tv|person,0.655,0.6,32.17,0.0,32.17,1082.521,3.5238,2.787924,45.0,1082.521,541.26,0.87,1.8,0.148,33.65,8.37,6.57,13.52,0.1,4.93,yolo,28.0,0.44,0,71.5,0.0,433.7,0.0,1,50.0
2026-05-21 14:36:24,7050,depth,2,person|person|book|book,0.573,0.62,22.86,0.0,22.86,783.869,2.5517,2.797013,45.0,783.869,391.935,1.21,2.6,0.142,34.29,8.18,6.79,14.05,0.12,5.01,yolo,27.8,2.55,0,50.8,0.0,433.7,0.0,1,50.0
2026-05-21 14:36:25,7080,depth,1,person|person|book|person|laptop,0.591,0.56,31.46,0.0,31.46,1076.561,3.5044,2.803622,45.0,1076.561,1076.561,0.92,0.9,0.071,34.22,8.14,6.7,14.1,0.13,5.0,yolo,28.8,0.25,0,69.9,0.0,433.7,0.0,1,100.0
2026-05-21 14:36:26,7110,depth,3,tv|person|book|person|person|book|tv|person|chair|tv|person,0.642,0.81,31.86,0.0,31.86,1067.947,3.4764,2.812469,45.0,1067.947,355.982,0.84,2.8,0.222,33.52,7.97,6.73,13.54,0.13,5.01,yolo,26.9,0.65,0,70.8,0.0,433.7,0.0,1,100.0
2026-05-21 14:36:27,7140,depth,3,person|book,0.589,1.31,31.09,0.0,31.09,1057.993,3.444,2.821434,45.0,1057.993,352.664,0.92,2.8,0.22,34.03,8.42,6.73,13.61,0.15,5.0,yolo,28.7,0.67,0,69.1,0.0,433.7,0.0,1,100.0
2026-05-21 14:36:29,7170,depth,4,person|book|tv|person|book,0.599,1.34,31.77,0.0,31.77,1084.31,3.5297,2.830244,45.0,1084.31,271.077,0.85,3.7,0.289,34.13,8.13,6.86,13.84,0.17,4.99,yolo,26.9,0.76,0,70.6,0.0,433.7,0.0,1,100.0
2026-05-21 14:36:30,7200,depth,2,person|book,0.602,1.48,31.68,0.0,31.68,1067.299,3.4743,2.83922,45.0,1067.299,533.649,0.91,1.9,0.145,33.69,7.47,7.02,13.81,0.18,5.06,yolo,28.7,0.8,0,70.4,0.0,433.7,0.0,1,100.0
2026-05-21 14:36:31,7230,depth,3,person|book,0.608,1.36,31.18,0.0,31.18,1047.648,3.4103,2.848122,45.0,1047.648,349.216,0.86,2.9,0.219,33.6,7.63,6.86,13.72,0.18,5.05,yolo,27.0,0.8,0,69.3,0.0,433.7,0.0,1,100.0
2026-05-21 14:36:32,7260,depth,3,person|book,0.632,1.26,31.41,0.0,31.41,1065.741,3.4692,2.856923,45.0,1065.741,355.247,0.91,2.8,0.216,33.93,7.49,7.1,13.86,0.17,5.14,yolo,28.6,0.77,0,69.8,0.0,433.7,0.0,1,100.0
2026-05-21 14:36:33,7290,depth,3,person|book,0.615,1.39,31.72,0.0,31.72,1075.625,3.5014,2.865793,45.0,1075.625,358.542,0.85,2.8,0.216,33.91,7.33,7.22,13.88,0.18,5.14,yolo,27.0,0.79,0,70.5,0.0,433.8,0.0,1,100.0
2026-05-21 14:36:35,7320,depth,3,person|book,0.583,1.57,32.09,0.0,32.09,1084.963,3.5318,2.874761,45.0,1084.963,361.654,0.87,2.8,0.217,33.81,7.15,7.25,13.83,0.19,5.23,yolo,27.9,0.45,0,71.3,0.0,433.8,0.0,1,100.0
2026-05-21 14:36:36,7350,depth,3,person|book|tv|person|book,0.57,1.66,21.87,0.0,21.87,744.017,2.4219,2.883753,45.0,744.017,248.006,1.3,4.0,0.209,34.02,6.85,7.25,14.34,0.19,5.23,yolo,28.5,3.05,0,48.6,0.0,433.8,0.0,1,100.0
2026-05-21 14:36:37,7380,depth,4,person|book,0.582,1.69,31.77,0.0,31.77,1084.628,3.5307,2.89004,45.0,1084.628,271.157,0.9,3.7,0.28,34.14,7.04,7.27,14.29,0.18,5.19,yolo,28.6,0.02,0,70.6,0.0,433.8,0.0,1,100.0
2026-05-21 14:36:38,7410,depth,4,person|book|tv|person|book,0.548,1.62,31.68,0.0,31.68,1075.536,3.5011,2.899012,45.0,1075.536,268.884,0.85,3.7,0.29,33.95,7.62,7.08,13.79,0.19,5.1,yolo,27.0,0.54,0,70.4,0.0,433.8,0.0,1,100.0
2026-05-21 14:36:39,7440,depth,6,person|book|tv|person|book,0.526,1.73,31.09,0.0,31.09,1048.044,3.4116,2.907919,45.0,1048.044,174.674,0.9,5.7,0.435,33.71,7.58,6.83,13.8,0.24,5.1,yolo,27.9,0.31,0,69.1,0.0,433.8,0.0,1,100.0
2026-05-21 14:36:40,7470,depth,4,person|book,0.533,1.74,31.32,0.0,31.32,1054.231,3.4317,2.916641,45.0,1054.231,263.558,0.92,3.8,0.289,33.66,7.47,6.8,13.83,0.25,5.15,yolo,28.7,0.3,0,69.6,0.0,433.8,0.0,1,100.0
2026-05-21 14:36:41,7500,depth,4,person|book|cell phone|person|book,0.549,1.84,31.82,0.0,31.82,1072.016,3.4896,2.925453,45.0,1072.016,268.004,0.84,3.7,0.289,33.69,7.54,6.79,13.84,0.22,5.13,yolo,26.8,0.8,0,70.7,0.0,433.8,0.0,1,100.0
2026-05-21 14:36:42,7530,depth,7,person|book,0.552,1.8,31.63,0.0,31.63,1063.717,3.4626,2.934405,45.0,1063.717,151.96,0.89,6.6,0.509,33.63,7.4,6.9,13.76,0.22,5.17,yolo,28.0,0.51,0,70.3,0.0,433.7,0.0,1,85.7
2026-05-21 14:36:43,7559,depth,5,person|book,0.534,1.91,31.63,0.0,31.63,1091.235,3.5522,2.943078,45.0,1091.235,218.247,0.84,4.6,0.358,34.5,7.92,7.0,13.97,0.24,5.2,yolo,26.7,0.6,0,70.3,0.0,433.7,0.0,1,100.0
2026-05-21 14:36:44,7587,depth,5,person|book,0.529,1.98,34.11,0.0,34.11,1191.462,3.8785,2.952253,45.0,1191.462,238.292,0.84,4.2,0.349,34.93,7.82,7.11,14.32,0.26,5.23,yolo,28.7,0.9,0,75.8,0.0,434.2,0.0,1,100.0
2026-05-21 14:36:45,7614,depth,5,person|book|tv|person|book,0.506,2.0,34.97,0.0,34.97,1238.987,4.0332,2.961466,45.0,1238.987,247.797,0.71,4.0,0.339,35.43,7.54,7.4,14.74,0.26,5.3,yolo,24.8,1.88,0,77.7,0.0,434.2,0.0,1,100.0
2026-05-21 14:36:46,7623,depth,4,person|book,0.504,2.02,37.89,0.0,37.89,1362.146,4.4341,2.96468,45.0,1362.146,340.536,0.33,2.9,0.263,35.95,7.76,7.31,15.19,0.25,5.26,yolo,12.6,5.75,0,84.2,0.0,434.2,0.0,1,100.0
2026-05-21 14:36:47,7652,depth,4,person|book,0.527,2.0,22.32,0.0,22.32,792.583,2.58,2.97516,45.0,792.583,198.146,1.25,5.0,0.266,35.51,7.4,7.33,15.01,0.25,5.35,yolo,27.8,4.63,0,49.6,0.0,434.2,0.0,1,100.0
2026-05-21 14:36:48,7680,depth,5,person|book,0.535,1.98,33.75,0.0,33.75,1161.675,3.7815,2.981323,45.0,1161.675,232.335,0.85,4.3,0.347,34.42,7.44,6.95,14.42,0.23,5.22,yolo,28.7,0.23,0,75.0,0.0,434.2,0.0,1,100.0
2026-05-21 14:36:49,7710,depth,5,person|book,0.513,1.98,36.27,0.0,36.27,1256.03,4.0886,2.990931,45.0,1256.03,251.206,0.72,4.0,0.338,34.63,7.4,6.93,14.78,0.23,5.13,yolo,26.0,1.08,0,80.6,0.0,434.3,0.0,1,100.0
2026-05-21 14:36:51,7740,depth,5,person|book,0.502,1.98,33.44,0.0,33.44,1163.043,3.7859,3.001423,45.0,1163.043,232.609,0.82,4.3,0.334,34.78,7.27,6.98,14.97,0.25,5.15,yolo,27.5,0.66,0,74.3,0.0,434.2,0.0,1,100.0
2026-05-21 14:36:52,7770,depth,5,person|book|tv|person|book,0.526,1.99,31.27,0.0,31.27,1064.431,3.4649,3.011031,45.0,1064.431,212.886,0.87,4.7,0.358,34.04,7.55,6.99,13.95,0.25,5.14,yolo,27.1,0.19,0,69.5,0.0,434.2,0.0,1,100.0
2026-05-21 14:36:53,7800,depth,6,person|book|tv|person|book,0.514,2.05,31.14,0.0,31.14,1047.861,3.411,3.019818,45.0,1047.861,174.644,0.91,5.7,0.437,33.65,7.32,7.06,13.73,0.24,5.14,yolo,28.4,0.63,0,69.2,0.0,434.2,0.0,1,100.0
2026-05-21 14:36:54,7830,depth,5,person|book,0.551,1.91,32.4,0.0,32.4,1093.824,3.5606,3.028594,45.0,1093.824,218.765,0.84,4.6,0.363,33.76,7.54,6.9,13.78,0.25,5.13,yolo,27.1,0.64,0,72.0,0.0,434.3,0.0,1,100.0
2026-05-21 14:36:55,7860,depth,5,person|book,0.572,1.83,31.86,0.0,31.86,1078.461,3.5106,3.037691,45.0,1078.461,215.692,0.9,4.6,0.361,33.85,7.58,6.84,13.86,0.26,5.15,yolo,28.8,0.85,0,70.8,0.0,434.3,0.0,1,100.0
2026-05-21 14:36:56,7890,depth,5,person|book,0.54,1.84,31.32,0.0,31.32,1051.099,3.4215,3.046601,45.0,1051.099,210.22,0.86,4.8,0.357,33.56,6.96,6.97,14.01,0.26,5.2,yolo,26.9,0.95,0,69.6,0.0,433.2,0.0,1,100.0
2026-05-21 14:36:58,7920,depth,5,person|book,0.562,1.84,31.37,0.0,31.37,1049.64,3.4168,3.055367,45.0,1049.64,209.928,0.92,4.8,0.357,33.46,7.06,6.85,14.0,0.24,5.15,yolo,28.8,0.94,0,69.7,0.0,433.2,0.0,1,100.0
2026-05-21 14:36:59,7950,depth,5,person|book,0.546,1.87,23.71,0.0,23.71,796.182,2.5917,3.064079,45.0,796.182,159.236,1.22,6.3,0.364,33.58,7.5,6.76,13.72,0.24,5.21,yolo,28.9,2.8,0,52.7,0.0,433.7,0.0,1,100.0
2026-05-21 14:37:00,7980,depth,5,person|book,0.552,1.72,31.72,0.0,31.72,1074.039,3.4962,3.070839,45.0,1074.039,214.808,0.91,4.7,0.365,33.86,7.89,6.72,13.69,0.25,5.16,yolo,28.9,0.0,0,70.5,0.0,433.7,0.0,1,100.0
2026-05-21 14:37:01,8010,depth,4,person|book|tv|person|book,0.549,1.71,31.68,0.0,31.68,1079.021,3.5124,3.079842,45.0,1079.021,269.755,0.86,3.7,0.289,34.06,7.7,6.94,13.84,0.26,5.16,yolo,27.1,0.61,0,70.4,0.0,433.7,0.0,1,100.0
2026-05-21 14:37:02,8040,depth,5,person|book|tv|person|book,0.54,1.87,31.72,0.0,31.72,1071.819,3.489,3.088784,45.0,1071.819,214.364,0.88,4.7,0.362,33.79,7.31,7.03,13.83,0.25,5.19,yolo,27.8,0.28,0,70.5,0.0,433.7,0.0,1,100.0
2026-05-21 14:37:03,8070,depth,6,person|book,0.556,1.98,31.46,0.0,31.46,1058.314,3.445,3.097674,45.0,1058.314,176.386,0.88,5.7,0.435,33.64,7.57,6.78,13.78,0.24,5.12,yolo,27.6,0.08,0,69.9,0.0,433.7,0.0,1,100.0
2026-05-21 14:37:04,8100,depth,5,person|book|tv|person|book,0.515,1.88,32.58,0.0,32.58,1101.204,3.5846,3.106512,45.0,1101.204,220.241,0.89,4.5,0.359,33.8,7.67,6.68,13.94,0.24,5.11,yolo,28.9,0.57,0,72.4,0.0,433.7,0.0,1,100.0
2026-05-21 14:37:05,8130,depth,6,person|book,0.503,1.98,31.37,0.0,31.37,1060.933,3.4536,3.115688,45.0,1060.933,176.822,0.85,5.7,0.429,33.82,7.78,6.61,13.97,0.26,5.05,yolo,26.7,1.04,0,69.7,0.0,433.7,0.0,1,100.0
2026-05-21 14:37:06,8160,depth,5,person|book,0.52,1.85,32.27,0.0,32.27,1098.148,3.5747,3.124596,45.0,1098.148,219.63,0.89,4.6,0.36,34.03,7.92,6.74,13.87,0.27,5.08,yolo,28.8,1.01,0,71.7,0.0,433.7,0.0,1,100.0
2026-05-21 14:37:07,8190,depth,5,person|book,0.539,1.95,31.82,0.0,31.82,1077.743,3.5083,3.133698,45.0,1077.743,215.549,0.84,4.6,0.362,33.87,7.5,6.97,13.8,0.26,5.17,yolo,26.8,0.99,0,70.7,0.0,433.7,0.0,1,100.0
2026-05-21 14:37:09,8220,depth,6,person|book,0.536,1.95,31.95,0.0,31.95,1078.632,3.5112,3.142651,45.0,1078.632,179.772,0.9,5.6,0.433,33.76,7.24,7.02,13.85,0.25,5.22,yolo,28.8,1.0,0,71.0,0.0,433.7,0.0,1,100.0
2026-05-21 14:37:10,8250,depth,4,person|book|tv|person|book,0.533,2.01,22.77,0.0,22.77,780.1,2.5394,3.15167,45.0,780.1,195.025,1.24,5.1,0.28,34.26,7.14,7.13,14.31,0.27,5.24,yolo,28.2,3.02,0,50.6,0.0,433.7,0.0,1,100.0
2026-05-21 14:37:11,8280,depth,4,person|book,0.531,2.01,32.76,0.0,32.76,1117.116,3.6364,3.158219,45.0,1117.116,279.279,0.88,3.6,0.279,34.1,6.91,7.06,14.36,0.27,5.33,yolo,28.8,0.15,0,72.8,0.0,435.2,0.0,1,100.0
2026-05-21 14:37:12,8310,depth,5,person|book,0.534,1.99,31.91,0.0,31.91,1071.857,3.4891,3.167407,45.0,1071.857,214.371,0.84,4.7,0.36,33.59,7.18,6.83,13.87,0.25,5.3,yolo,26.9,0.65,0,70.9,0.0,435.2,0.0,1,100.0
2026-05-21 14:37:13,8340,depth,6,person|book,0.549,1.97,31.32,0.0,31.32,1056.737,3.4399,3.17639,45.0,1056.737,176.123,0.92,5.7,0.436,33.74,7.64,6.78,13.77,0.25,5.15,yolo,28.7,0.67,0,69.6,0.0,435.2,0.0,1,100.0
2026-05-21 14:37:14,8370,depth,6,person|book,0.564,1.77,32.36,0.0,32.36,1094.415,3.5625,3.185227,45.0,1094.415,182.403,0.83,5.5,0.423,33.82,7.2,6.92,14.17,0.27,5.12,yolo,26.9,0.76,0,71.9,0.0,435.2,0.0,1,100.0
2026-05-21 14:37:16,8400,depth,5,person|book,0.567,1.71,34.02,0.0,34.02,1145.453,3.7287,3.194338,45.0,1145.453,229.091,0.82,4.4,0.347,33.67,6.77,6.99,14.42,0.27,5.05,yolo,27.9,0.42,0,75.6,0.0,435.2,0.0,1,100.0
2026-05-21 14:37:17,8430,depth,6,person|book,0.557,1.78,32.22,0.0,32.22,1093.225,3.5587,3.203907,45.0,1093.225,182.204,0.9,5.5,0.422,33.93,7.34,6.87,14.21,0.26,5.09,yolo,28.9,0.44,0,71.6,0.0,435.2,0.0,1,100.0
2026-05-21 14:37:18,8460,depth,6,person|book|tv|person|book,0.555,2.18,32.31,0.0,32.31,1096.278,3.5686,3.213018,45.0,1096.278,182.713,0.83,5.5,0.426,33.93,7.27,6.94,14.09,0.27,5.2,yolo,26.9,0.94,0,71.8,0.0,435.2,0.0,1,100.0
2026-05-21 14:37:19,8490,depth,6,person|book,0.544,1.74,31.86,0.0,31.86,1078.78,3.5117,3.222135,45.0,1078.78,179.797,0.91,5.6,0.436,33.86,7.77,6.82,13.76,0.27,5.09,yolo,28.8,0.92,0,70.8,0.0,435.2,0.0,1,100.0
2026-05-21 14:37:21,8520,depth,6,person|book,0.534,1.7,33.08,0.0,33.08,1138.283,3.7053,3.231232,45.0,1138.283,189.714,0.81,5.3,0.43,34.41,8.13,6.83,13.95,0.26,5.08,yolo,26.7,1.05,0,73.5,0.0,435.2,0.0,1,100.0
2026-05-21 14:37:22,8550,depth,4,person|book,0.53,1.68,23.31,0.0,23.31,803.029,2.614,3.24067,45.0,803.029,200.757,1.22,5.0,0.274,34.45,7.17,7.11,14.58,0.26,5.16,yolo,28.5,3.02,0,51.8,0.0,435.2,0.0,1,100.0
2026-05-21 14:37:23,8580,depth,3,person|book,0.554,1.59,31.86,0.0,31.86,1088.338,3.5428,3.247422,45.0,1088.338,362.779,0.9,2.8,0.211,34.16,7.28,7.04,14.24,0.24,5.2,yolo,28.8,0.07,0,70.8,0.0,435.2,0.0,1,100.0
2026-05-21 14:37:24,8610,depth,5,person|book,0.554,1.62,31.27,0.0,31.27,1062.242,3.4578,3.256414,45.0,1062.242,212.448,0.87,4.7,0.363,33.97,7.75,6.92,13.78,0.22,5.14,yolo,27.1,0.58,0,69.5,0.0,435.2,0.0,1,100.0
2026-05-21 14:37:25,8640,depth,5,person|book,0.56,1.94,31.01,0.0,31.01,1050.929,3.421,3.26522,45.0,1050.929,210.186,0.9,4.8,0.369,33.89,7.89,6.9,13.56,0.23,5.14,yolo,27.9,0.32,0,68.9,0.0,435.2,0.0,1,100.0
2026-05-21 14:37:26,8670,depth,5,person|book|cell phone|person|book,0.519,1.6,31.72,0.0,31.72,1076.26,3.5034,3.274015,45.0,1076.26,215.252,0.86,4.6,0.361,33.93,7.49,7.01,13.85,0.24,5.18,yolo,27.3,0.25,0,70.5,0.0,435.2,0.0,1,100.0
2026-05-21 14:37:27,8700,depth,5,person|book|cell phone|person|book,0.501,1.56,31.63,0.0,31.63,1074.471,3.4976,3.282989,45.0,1074.471,214.894,0.89,4.7,0.355,33.97,7.42,6.93,14.07,0.24,5.15,yolo,28.0,0.3,0,70.3,0.0,435.2,0.0,1,80.0
2026-05-21 14:37:28,8730,depth,4,person|book|cell phone|person|book,0.516,1.59,31.63,0.0,31.63,1071.941,3.4894,3.291898,45.0,1071.941,267.985,0.92,3.7,0.289,33.89,7.68,6.87,13.82,0.25,5.09,yolo,29.0,0.44,0,70.3,0.0,435.2,0.0,1,100.0
2026-05-21 14:37:29,8760,depth,4,person|book,0.555,1.56,31.95,0.0,31.95,1078.632,3.5112,3.300802,45.0,1078.632,269.658,0.84,3.7,0.289,33.76,7.68,6.79,13.82,0.24,5.06,yolo,26.8,1.04,0,71.0,0.0,435.2,0.0,1,100.0
2026-05-21 14:37:30,8790,depth,4,person|book,0.547,1.57,33.71,0.0,33.71,1138.387,3.7057,3.30982,45.0,1138.387,284.597,0.85,3.5,0.287,33.77,7.34,6.87,13.94,0.22,5.23,yolo,28.8,0.96,0,74.9,0.0,435.2,0.0,1,100.0
2026-05-21 14:37:32,8820,depth,6,person|book,0.527,1.6,33.93,0.0,33.93,1148.87,3.7398,3.319362,45.0,1148.87,191.478,0.79,5.2,0.425,33.86,6.77,7.19,14.11,0.22,5.39,yolo,26.7,1.04,0,75.4,0.0,435.2,0.0,1,83.3
2026-05-21 14:37:33,8850,depth,6,person|book,0.508,1.69,24.3,0.0,24.3,831.06,2.7053,3.328917,45.0,831.06,138.51,1.17,7.2,0.422,34.2,7.1,7.14,14.21,0.25,5.33,yolo,28.4,3.02,0,54.0,0.0,435.2,0.0,1,100.0
2026-05-21 14:37:34,8880,depth,6,person|book,0.515,1.93,31.37,0.0,31.37,1068.776,3.4791,3.335875,45.0,1068.776,178.129,0.91,5.6,0.432,34.07,7.64,6.9,13.9,0.28,5.19,yolo,28.7,0.07,0,69.7,0.0,435.2,0.0,1,100.0
2026-05-21 14:37:35,8910,depth,5,person|book,0.538,1.89,31.59,0.0,31.59,1062.688,3.4593,3.344693,45.0,1062.688,212.538,0.86,4.7,0.364,33.64,7.43,6.85,13.72,0.27,5.2,yolo,27.2,0.51,0,70.2,0.0,435.2,0.0,1,100.0
2026-05-21 14:37:36,8940,depth,5,person|book,0.543,1.74,32.36,0.0,32.36,1093.121,3.5583,3.353583,45.0,1093.121,218.624,0.88,4.6,0.361,33.78,7.08,7.04,13.86,0.26,5.36,yolo,28.6,0.52,0,71.9,0.0,435.2,0.0,1,100.0
2026-05-21 14:37:37,8970,depth,4,person|book,0.528,1.76,32.71,0.0,32.71,1121.953,3.6522,3.362784,45.0,1121.953,280.488,0.82,3.6,0.287,34.3,7.47,7.11,13.92,0.25,5.38,yolo,26.7,0.84,0,72.7,0.0,435.2,0.0,1,100.0
2026-05-21 14:37:38,9000,depth,5,person|person|book|tv|person|book,0.517,1.75,31.63,0.0,31.63,1086.491,3.5368,3.372137,45.0,1086.491,217.298,0.85,4.6,0.357,34.35,7.6,7.1,14.0,0.21,5.28,yolo,26.9,0.09,0,70.3,0.0,435.2,0.0,1,100.0
2026-05-21 14:37:40,9030,depth,2,tv|person|book|person|book|remote|person|person|book|tv|person,0.531,2.02,32.27,0.0,32.27,1089.758,3.5474,3.38111,45.0,1089.758,544.879,0.89,1.8,0.145,33.77,7.43,6.97,13.82,0.19,5.21,yolo,28.8,0.92,0,71.7,0.0,435.2,0.0,1,50.0
2026-05-21 14:37:41,9060,depth,1,person|person|book|person|book|laptop,0.567,1.89,31.14,0.0,31.14,1052.843,3.4272,3.390193,45.0,1052.843,1052.843,0.86,0.9,0.072,33.81,7.5,6.93,13.88,0.16,5.17,yolo,26.9,0.94,0,69.2,0.0,435.2,0.0,1,100.0
2026-05-21 14:37:42,9090,depth,3,person|person|book,0.624,1.95,32.09,0.0,32.09,1085.284,3.5328,3.398947,45.0,1085.284,361.761,0.9,2.8,0.218,33.82,7.82,6.86,13.79,0.12,5.08,yolo,28.7,0.9,0,71.3,0.0,435.2,0.0,1,100.0
2026-05-21 14:37:43,9120,depth,2,person|dog|person|person|book|person|dog|cell phone,0.574,1.89,32.09,0.0,32.09,1077.903,3.5088,3.407942,45.0,1077.903,538.952,0.84,1.9,0.148,33.59,8.13,6.6,13.52,0.14,5.07,yolo,27.1,0.8,0,71.3,0.0,435.2,0.0,1,50.0
2026-05-21 14:37:45,9150,depth,2,person|chair|person|book|cell phone|person|book|laptop|person|dog|person|book|person|cell phone,0.556,1.71,24.88,0.0,24.88,844.427,2.7488,3.416956,45.0,844.427,422.214,1.15,2.4,0.145,33.94,7.78,6.81,13.83,0.17,5.19,yolo,28.5,2.85,0,55.3,0.0,435.2,0.0,1,50.0
2026-05-21 14:37:46,9180,depth,1,person|person|chair,0.611,1.41,31.77,0.0,31.77,1077.321,3.5069,3.424056,45.0,1077.321,1077.321,0.91,0.9,0.071,33.91,7.19,7.08,14.02,0.15,5.32,yolo,28.8,0.07,0,70.6,0.0,435.2,0.0,1,100.0
2026-05-21 14:37:47,9210,depth,2,person|book|remote|person|person|book|laptop|person|bottle|book|laptop|person|book,0.589,1.66,32.45,0.0,32.45,1096.161,3.5682,3.433036,45.0,1096.161,548.081,0.83,1.8,0.146,33.78,7.42,7.0,13.74,0.16,5.3,yolo,26.9,0.65,0,72.1,0.0,435.2,0.0,1,100.0
2026-05-21 14:37:48,9240,depth,3,person|person|book,0.514,2.04,31.23,0.0,31.23,1061.82,3.4564,3.442222,45.0,1061.82,353.94,0.92,2.8,0.219,34.0,7.84,6.95,13.67,0.17,5.21,yolo,28.7,0.67,0,69.4,0.0,435.2,0.0,1,100.0
2026-05-21 14:37:49,9270,depth,6,person|book,0.557,1.89,31.27,0.0,31.27,1064.431,3.4649,3.451066,45.0,1064.431,177.405,0.86,5.6,0.43,34.04,7.81,6.83,13.95,0.17,5.12,yolo,26.9,0.76,0,69.5,0.0,435.2,0.0,1,100.0
2026-05-21 14:37:50,9300,depth,4,person|book,0.539,1.95,31.91,0.0,31.91,1099.619,3.5795,3.459987,45.0,1099.619,274.905,0.84,3.6,0.281,34.46,7.94,6.81,14.24,0.24,5.08,yolo,26.7,0.09,0,70.9,0.0,435.2,0.0,1,100.0
2026-05-21 14:37:51,9330,depth,1,person|book|cat|person|book|remote|person|person|book|tv|person,0.556,2.06,31.46,0.0,31.46,1080.651,3.5177,3.469112,45.0,1080.651,1080.651,0.92,0.9,0.071,34.35,8.02,6.83,14.07,0.21,5.06,yolo,28.9,1.06,0,69.9,0.0,435.2,0.0,1,100.0
2026-05-21 14:37:52,9360,depth,3,person|person|book|tv|person|book|tv|person,0.557,2.2,31.54,0.0,31.54,1063.529,3.462,3.47802,45.0,1063.529,354.51,0.85,2.8,0.219,33.72,7.95,6.7,13.71,0.18,5.02,yolo,26.9,0.99,0,70.1,0.0,435.2,0.0,1,100.0
2026-05-21 14:37:53,9390,depth,3,person|person|book|person|book|cell phone,0.533,2.01,32.09,0.0,32.09,1084.963,3.5318,3.486934,45.0,1084.963,361.654,0.89,2.8,0.218,33.81,7.71,6.79,13.79,0.18,5.18,yolo,28.7,0.9,0,71.3,0.0,435.2,0.0,1,66.7
2026-05-21 14:37:55,9420,depth,2,person|book|cell phone|person|book|person|cell phone,0.55,2.05,32.81,0.0,32.81,1111.603,3.6185,3.496005,45.0,1111.603,555.802,0.82,1.8,0.145,33.88,7.52,6.91,13.83,0.17,5.29,yolo,26.9,0.9,0,72.9,0.0,435.2,0.0,1,100.0
2026-05-21 14:37:56,9450,depth,2,person|person|book|person|clock|book|clock|person|book,0.523,2.33,22.5,0.0,22.5,758.025,2.4675,3.50513,45.0,758.025,379.012,0.57,2.6,0.145,33.69,7.55,6.85,13.79,0.17,5.17,yolo,12.9,0.0,0,50.0,0.0,435.2,0.0,1,100.0
2026-05-21 14:37:57,9480,depth,2,person|person|book|person|cell phone|person|clock,0.576,2.41,31.37,0.0,31.37,1048.072,3.4117,3.511448,45.0,1048.072,524.036,0.9,1.9,0.148,33.41,7.88,6.7,13.5,0.14,5.03,yolo,28.1,0.0,0,69.7,0.0,435.2,0.0,1,100.0
2026-05-21 14:37:58,9510,depth,6,person|person|book|person|cell phone|person|book|remote,0.621,2.35,31.95,0.0,31.95,1064.893,3.4665,3.52013,45.0,1064.893,177.482,0.88,5.6,0.447,33.33,7.89,6.73,13.42,0.15,4.98,yolo,28.2,0.0,0,71.0,0.0,435.2,0.0,1,83.3
2026-05-21 14:37:59,9540,depth,1,person|person|book|chair,0.538,2.19,31.27,0.0,31.27,1050.672,3.4202,3.529094,45.0,1050.672,1050.672,0.92,1.0,0.073,33.6,7.54,7.01,13.61,0.13,5.16,yolo,28.9,0.14,0,69.5,0.0,435.2,0.0,1,0.0
2026-05-21 14:38:00,9570,depth,1,person|chair|person|book,0.51,1.74,31.59,0.0,31.59,1063.635,3.4624,3.537891,45.0,1063.635,1063.635,0.91,0.9,0.073,33.67,7.27,7.08,13.76,0.09,5.3,yolo,28.6,0.07,0,70.2,0.0,435.2,0.0,1,100.0
2026-05-21 14:38:01,9600,depth,2,person|person|book|person|chair|clock|person|book,0.565,1.49,31.82,0.0,31.82,1072.652,3.4917,3.546776,45.0,1072.652,536.326,0.85,1.9,0.144,33.71,7.36,6.96,13.87,0.12,5.23,yolo,27.0,0.54,0,70.7,0.0,435.2,0.0,1,100.0
2026-05-21 14:38:02,9630,depth,1,person|person|book,0.617,1.45,31.5,0.0,31.5,1065.33,3.4679,3.555732,45.0,1065.33,1065.33,0.92,0.9,0.073,33.82,7.83,6.89,13.68,0.14,5.13,yolo,28.9,0.71,0,70.0,0.0,435.2,0.0,1,100.0
2026-05-21 14:38:04,9660,depth,5,person|person|book|person|refrigerator|book,0.607,2.03,31.18,0.0,31.18,1053.26,3.4286,3.564576,45.0,1053.26,210.652,0.86,4.7,0.366,33.78,7.73,6.92,13.66,0.19,5.12,yolo,26.9,0.85,0,69.3,0.0,435.2,0.0,1,100.0
2026-05-21 14:38:05,9690,depth,5,person|book,0.663,2.06,32.22,0.0,32.22,1085.492,3.5335,3.573325,45.0,1085.492,217.098,0.9,4.6,0.359,33.69,7.19,7.05,13.93,0.23,5.14,yolo,28.9,0.88,0,71.6,0.0,435.3,0.0,1,100.0
2026-05-21 14:38:06,9720,depth,5,person|book,0.636,1.57,31.82,0.0,31.82,1076.471,3.5041,3.582388,45.0,1076.471,215.294,0.85,4.6,0.359,33.83,7.5,6.96,13.93,0.23,5.07,yolo,27.1,0.85,0,70.7,0.0,435.3,0.0,1,100.0
2026-05-21 14:38:07,9748,depth,5,person|book,0.644,1.57,31.82,0.0,31.82,1121.655,3.6512,3.591063,45.0,1121.655,224.331,0.84,4.5,0.34,35.25,8.21,6.85,14.71,0.24,5.09,yolo,26.9,3.23,0,70.7,0.0,435.3,0.0,1,100.0
2026-05-21 14:38:08,9777,depth,5,person|person|book,0.62,1.63,21.92,0.0,21.92,770.707,2.5088,3.597385,45.0,770.707,154.141,1.27,6.5,0.337,35.16,8.14,6.8,14.82,0.22,5.04,yolo,27.8,0.16,0,48.7,0.0,435.3,0.0,1,100.0
2026-05-21 14:38:09,9806,depth,5,person|book,0.601,1.9,31.23,0.0,31.23,1067.129,3.4737,3.605818,45.0,1067.129,213.426,0.89,4.7,0.362,34.17,7.88,6.97,13.8,0.22,5.14,yolo,27.9,0.03,0,69.4,0.0,435.4,0.0,1,100.0
2026-05-21 14:38:10,9834,depth,5,person|dog|book|tv|person|book|person|person|book|tv|person,0.596,1.87,32.27,0.0,32.27,1090.403,3.5495,3.614297,45.0,1090.403,218.081,0.85,4.6,0.367,33.79,7.39,7.12,13.61,0.23,5.27,yolo,27.6,0.06,0,71.7,0.0,435.4,0.0,1,100.0
2026-05-21 14:38:11,9863,depth,6,person|dog|book|person|book,0.598,1.81,31.18,0.0,31.18,1055.755,3.4367,3.622846,45.0,1055.755,175.959,0.92,5.7,0.435,33.86,7.63,6.87,13.78,0.23,5.19,yolo,28.7,0.2,0,69.3,0.0,435.4,0.0,1,100.0
2026-05-21 14:38:12,9891,depth,6,person|book,0.617,1.8,31.72,0.0,31.72,1073.405,3.4942,3.631165,45.0,1073.405,178.901,0.85,5.6,0.433,33.84,7.74,6.72,13.87,0.26,5.09,yolo,26.8,0.35,0,70.5,0.0,435.4,0.0,1,100.0
2026-05-21 14:38:13,9920,depth,6,person|book,0.626,1.92,31.59,0.0,31.59,1070.269,3.4839,3.639778,45.0,1070.269,178.378,0.91,5.6,0.429,33.88,7.52,6.8,13.97,0.27,5.16,yolo,28.8,0.36,0,70.2,0.0,435.4,0.0,1,100.0
2026-05-21 14:38:15,9948,depth,5,person|book,0.61,2.02,31.95,0.0,31.95,1075.756,3.5018,3.648126,45.0,1075.756,215.151,0.84,4.6,0.358,33.67,7.38,6.73,13.95,0.26,5.18,yolo,26.9,0.35,0,71.0,0.0,435.4,0.0,1,100.0
2026-05-21 14:38:16,9977,depth,5,person|book,0.66,2.02,32.09,0.0,32.09,1082.717,3.5245,3.656825,45.0,1082.717,216.543,0.89,4.6,0.361,33.74,7.69,6.67,13.86,0.25,5.11,yolo,28.7,0.33,0,71.3,0.0,435.4,0.0,1,100.0
2026-05-21 14:38:17,10005,depth,4,person|book|clock|person|book,0.64,1.94,31.72,0.0,31.72,1071.502,3.488,3.665188,45.0,1071.502,267.875,0.85,3.7,0.292,33.78,7.88,6.69,13.69,0.25,5.12,yolo,27.0,0.32,0,70.5,0.0,435.4,0.0,1,100.0
2026-05-21 14:38:18,10020,depth,6,person|book,0.624,1.82,31.09,0.0,31.09,1052.086,3.4248,3.669648,45.0,1052.086,175.348,0.87,5.7,0.437,33.84,7.77,6.8,13.72,0.25,5.14,yolo,27.0,0.0,0,69.1,0.0,435.3,0.0,1,100.0
2026-05-21 14:38:19,10050,depth,6,person|book,0.613,1.77,22.45,0.0,22.45,774.3,2.5205,3.67849,45.0,774.3,129.05,1.23,7.7,0.421,34.49,7.8,6.83,14.25,0.26,5.22,yolo,27.7,2.67,0,49.9,0.0,435.4,0.0,1,100.0
2026-05-21 14:38:20,10080,depth,5,person|book,0.612,1.73,31.63,0.0,31.63,1101.04,3.5841,3.685083,45.0,1101.04,220.208,0.85,4.5,0.342,34.81,7.64,6.91,14.63,0.27,5.21,yolo,26.8,0.31,0,70.3,0.0,435.4,0.0,1,100.0
2026-05-21 14:38:21,10110,depth,5,person|book,0.675,1.73,31.91,0.0,31.91,1086.535,3.5369,3.694103,45.0,1086.535,217.307,0.9,4.6,0.354,34.05,7.31,6.98,14.14,0.27,5.18,yolo,28.7,0.71,0,70.9,0.0,435.4,0.0,1,100.0
2026-05-21 14:38:22,10140,depth,5,person|book,0.67,1.72,31.59,0.0,31.59,1067.426,3.4747,3.703103,45.0,1067.426,213.485,0.86,4.7,0.36,33.79,7.46,6.96,13.87,0.25,5.1,yolo,27.1,0.68,0,70.2,0.0,435.4,0.0,1,100.0
2026-05-21 14:38:23,10170,depth,5,person|book,0.685,1.72,31.86,0.0,31.86,1081.647,3.521,3.712011,45.0,1081.647,216.329,0.9,4.6,0.363,33.95,7.74,6.88,13.78,0.24,5.15,yolo,28.8,0.75,0,70.8,0.0,435.4,0.0,1,100.0
2026-05-21 14:38:24,10200,depth,5,person|book,0.688,1.72,32.22,0.0,32.22,1088.714,3.544,3.721022,45.0,1088.714,217.743,0.83,4.6,0.36,33.79,7.55,6.84,13.89,0.23,5.13,yolo,26.8,0.94,0,71.6,0.0,435.4,0.0,1,100.0
2026-05-21 14:38:25,10230,depth,5,person|book,0.687,1.72,31.37,0.0,31.37,1059.679,3.4495,3.730086,45.0,1059.679,211.936,0.92,4.7,0.36,33.78,7.87,6.63,13.9,0.23,4.99,yolo,28.9,1.01,0,69.7,0.0,435.4,0.0,1,100.0
2026-05-21 14:38:26,10260,depth,5,person|book,0.683,1.72,31.27,0.0,31.27,1058.177,3.4446,3.738888,45.0,1058.177,211.635,0.87,4.7,0.363,33.84,7.98,6.64,13.78,0.24,5.05,yolo,27.2,0.84,0,69.5,0.0,435.4,0.0,1,100.0
2026-05-21 14:38:28,10290,depth,5,person|book,0.684,1.72,31.41,0.0,31.41,1060.088,3.4508,3.747695,45.0,1060.088,212.018,0.88,4.7,0.36,33.75,7.35,6.93,13.88,0.25,5.19,yolo,27.7,0.25,0,69.8,0.0,435.4,0.0,1,100.0
2026-05-21 14:38:29,10320,depth,5,person|book,0.681,1.72,31.91,0.0,31.91,1072.495,3.4912,3.756532,45.0,1072.495,214.499,0.86,4.7,0.359,33.61,7.25,6.89,13.94,0.24,5.15,yolo,27.5,0.1,0,70.9,0.0,435.4,0.0,1,100.0
2026-05-21 14:38:30,10349,depth,5,person|book,0.686,1.72,31.91,0.0,31.91,1101.533,3.5857,3.765383,45.0,1101.533,220.307,0.41,4.5,0.346,34.52,7.56,6.97,14.47,0.24,5.13,yolo,13.0,0.0,0,70.9,0.0,435.4,0.0,1,100.0
2026-05-21 14:38:31,10377,depth,5,person|book,0.694,1.72,22.41,0.0,22.41,781.213,2.543,3.771429,45.0,781.213,156.243,1.22,6.4,0.347,34.86,7.83,7.0,14.43,0.25,5.2,yolo,27.4,0.0,0,49.8,0.0,435.4,0.0,1,100.0
2026-05-21 14:38:32,10406,depth,5,person|book,0.674,1.72,32.17,0.0,32.17,1087.024,3.5385,3.780059,45.0,1087.024,217.405,0.89,4.6,0.364,33.79,7.84,6.71,13.74,0.25,5.1,yolo,28.7,0.24,0,71.5,0.0,435.4,0.0,1,100.0
2026-05-21 14:38:33,10434,depth,5,person|book,0.672,1.72,31.72,0.0,31.72,1069.598,3.4818,3.788387,45.0,1069.598,213.92,0.85,4.7,0.364,33.72,7.91,6.62,13.74,0.24,5.06,yolo,27.0,0.0,0,70.5,0.0,435.4,0.0,1,100.0
2026-05-21 14:38:34,10463,depth,5,person|book,0.679,1.72,31.99,0.0,31.99,1080.942,3.5187,3.797062,45.0,1080.942,216.188,0.89,4.6,0.362,33.79,7.69,6.74,13.83,0.24,5.13,yolo,28.5,0.27,0,71.1,0.0,435.4,0.0,1,100.0
2026-05-21 14:38:35,10491,depth,5,person|book,0.67,1.72,31.5,0.0,31.5,1066.905,3.473,3.805352,45.0,1066.905,213.381,0.86,4.7,0.359,33.87,7.34,6.98,13.94,0.25,5.21,yolo,26.9,0.0,0,70.0,0.0,435.4,0.0,1,100.0
2026-05-21 14:38:37,10521,depth,5,person|book,0.686,1.72,32.04,0.0,32.04,1080.389,3.5169,3.814315,45.0,1080.389,216.078,0.85,4.6,0.364,33.72,7.64,6.82,13.74,0.24,5.13,yolo,27.1,0.38,0,71.2,0.0,435.4,0.0,1,100.0
2026-05-21 14:38:38,10550,depth,5,person|book,0.687,1.72,31.72,0.0,31.72,1070.55,3.4849,3.822973,45.0,1070.55,214.11,0.91,4.7,0.367,33.75,8.13,6.59,13.64,0.24,5.0,yolo,28.9,0.33,0,70.5,0.0,435.4,0.0,1,100.0
2026-05-21 14:38:39,10578,depth,5,person|book,0.677,1.74,31.32,0.0,31.32,1059.869,3.4501,3.831238,45.0,1059.869,211.974,0.86,4.7,0.365,33.84,8.02,6.69,13.7,0.23,5.04,yolo,26.8,0.39,0,69.6,0.0,435.4,0.0,1,100.0
2026-05-21 14:38:40,10607,depth,5,person|book,0.664,1.69,31.77,0.0,31.77,1067.79,3.4759,3.839834,45.0,1067.79,213.558,0.84,4.7,0.364,33.61,7.45,6.8,13.72,0.25,5.22,yolo,26.8,0.0,0,70.6,0.0,435.4,0.0,1,100.0
2026-05-21 14:38:41,10620,depth,5,person|book,0.663,1.67,32.13,0.0,32.13,1081.175,3.5194,3.84372,45.0,1081.175,216.235,0.87,4.6,0.359,33.65,7.07,6.92,13.92,0.26,5.32,yolo,27.9,0.0,0,71.4,0.0,435.4,0.0,1,100.0
2026-05-21 14:38:42,10649,depth,5,person|book,0.653,1.67,32.13,0.0,32.13,1113.947,3.6261,3.85263,45.0,1113.947,222.789,0.36,4.5,0.346,34.67,7.65,6.96,14.44,0.24,5.21,yolo,11.6,0.0,0,71.4,0.0,435.4,0.0,1,100.0
2026-05-21 14:38:43,10677,depth,6,person|book,0.633,1.71,22.86,0.0,22.86,790.27,2.5725,3.858802,45.0,790.27,131.712,1.2,7.6,0.41,34.57,6.91,7.33,14.62,0.26,5.29,yolo,27.3,0.0,0,50.8,0.0,435.4,0.0,1,100.0
2026-05-21 14:38:44,10706,depth,5,person|book,0.636,1.72,31.63,0.0,31.63,1068.145,3.477,3.867298,45.0,1068.145,213.629,0.91,4.7,0.355,33.77,6.98,7.11,14.1,0.25,5.16,yolo,28.9,0.29,0,70.3,0.0,435.4,0.0,1,100.0
2026-05-21 14:38:45,10734,depth,6,person|book,0.634,1.72,31.59,0.0,31.59,1062.056,3.4572,3.875558,45.0,1062.056,177.009,0.85,5.6,0.431,33.62,7.38,6.83,13.93,0.25,5.06,yolo,26.8,0.0,0,70.2,0.0,435.4,0.0,1,100.0
2026-05-21 14:38:46,10763,depth,6,person|book,0.63,1.72,32.04,0.0,32.04,1087.758,3.5409,3.884252,45.0,1087.758,181.293,0.9,5.5,0.427,33.95,7.37,6.92,14.06,0.26,5.17,yolo,28.8,0.36,0,71.2,0.0,435.4,0.0,1,100.0
2026-05-21 14:38:47,10791,depth,5,person|book,0.647,1.72,31.59,0.0,31.59,1073.744,3.4953,3.892611,45.0,1073.744,214.749,0.85,4.7,0.352,33.99,7.29,6.93,14.22,0.26,5.14,yolo,26.8,0.0,0,70.2,0.0,435.4,0.0,1,100.0
2026-05-21 14:38:48,10820,depth,5,person|book,0.658,1.72,31.18,0.0,31.18,1063.238,3.4611,3.901158,45.0,1063.238,212.648,0.92,4.7,0.35,34.1,7.24,7.01,14.27,0.25,5.19,yolo,28.8,0.36,0,69.3,0.0,435.4,0.0,1,100.0
2026-05-21 14:38:49,10848,depth,5,person|book,0.658,1.72,31.59,0.0,31.59,1072.796,3.4922,3.909425,45.0,1072.796,214.559,0.85,4.7,0.356,33.96,7.31,6.97,14.05,0.24,5.23,yolo,26.8,0.0,0,70.2,0.0,435.4,0.0,1,100.0
2026-05-21 14:38:50,10875,depth,5,person|book,0.639,1.72,32.98,0.0,32.98,1153.311,3.7543,3.917866,45.0,1153.311,230.662,0.86,4.3,0.349,34.97,7.95,7.07,14.31,0.25,5.23,yolo,28.5,0.32,0,73.3,0.0,435.4,0.0,1,100.0
2026-05-21 14:38:51,10904,depth,5,person|book,0.637,1.66,31.86,0.0,31.86,1114.144,3.6268,3.927003,45.0,1114.144,222.829,0.8,4.5,0.346,34.97,7.93,7.01,14.47,0.25,5.14,yolo,25.6,0.0,0,70.8,0.0,435.4,0.0,1,100.0
2026-05-21 14:38:52,10920,depth,5,person|book,0.642,1.6,33.79,0.0,33.79,1148.522,3.7387,3.931922,45.0,1148.522,229.704,0.82,4.4,0.348,33.99,7.11,7.01,14.36,0.25,5.09,yolo,27.6,0.0,0,75.1,0.0,435.4,0.0,1,100.0
2026-05-21 14:38:53,10950,depth,5,person|book,0.645,1.59,23.18,0.0,23.18,786.961,2.5617,3.941405,45.0,786.961,157.392,1.24,6.4,0.343,33.95,6.85,6.93,14.58,0.25,5.18,yolo,28.8,2.93,0,51.5,0.0,435.4,0.0,1,100.0
2026-05-21 14:38:54,10980,depth,5,person|book,0.657,1.59,31.68,0.0,31.68,1071.734,3.4887,3.948037,45.0,1071.734,214.347,0.88,4.7,0.35,33.83,7.03,6.93,14.29,0.24,5.18,yolo,27.9,0.16,0,70.4,0.0,435.4,0.0,1,100.0
2026-05-21 14:38:56,11010,depth,5,person|book,0.664,1.63,32.04,0.0,32.04,1085.836,3.5346,3.956978,45.0,1085.836,217.167,0.9,4.6,0.355,33.89,7.06,7.02,14.08,0.24,5.33,yolo,28.8,0.22,0,71.2,0.0,435.4,0.0,1,100.0
2026-05-21 14:38:57,11040,depth,5,person|book,0.661,1.59,31.27,0.0,31.27,1054.424,3.4324,3.965996,45.0,1054.424,210.885,0.86,4.7,0.364,33.72,7.2,7.02,13.74,0.24,5.37,yolo,26.9,0.65,0,69.5,0.0,435.4,0.0,1,100.0
2026-05-21 14:38:58,11070,depth,5,person|book,0.664,1.6,32.09,0.0,32.09,1077.903,3.5088,3.974758,45.0,1077.903,215.581,0.9,4.6,0.37,33.59,7.6,6.9,13.52,0.24,5.18,yolo,28.9,0.75,0,71.3,0.0,435.3,0.0,1,100.0
2026-05-21 14:38:59,11100,depth,5,person|book,0.668,1.76,31.41,0.0,31.41,1060.716,3.4529,3.983774,45.0,1060.716,212.143,0.85,4.7,0.362,33.77,7.47,6.93,13.8,0.25,5.16,yolo,26.7,0.93,0,69.8,0.0,435.4,0.0,1,100.0
2026-05-21 14:39:00,11130,depth,5,person|book,0.677,1.74,31.91,0.0,31.91,1076.324,3.5037,3.992597,45.0,1076.324,215.265,0.9,4.6,0.36,33.73,7.05,7.06,13.89,0.27,5.31,yolo,28.8,0.93,0,70.9,0.0,435.4,0.0,1,100.0
2026-05-21 14:39:01,11160,depth,5,person|book,0.672,1.74,31.68,0.0,31.68,1069.517,3.4815,4.001565,45.0,1069.517,213.903,0.85,4.7,0.357,33.76,7.04,7.02,14.02,0.26,5.27,yolo,27.0,0.85,0,70.4,0.0,435.4,0.0,1,100.0
2026-05-21 14:39:02,11190,depth,5,person|book,0.648,1.73,31.41,0.0,31.41,1066.055,3.4702,4.010542,45.0,1066.055,213.211,0.89,4.7,0.359,33.94,7.6,6.84,13.94,0.25,5.15,yolo,27.9,0.42,0,69.8,0.0,435.4,0.0,1,100.0
2026-05-21 14:39:04,11220,depth,6,person|book,0.576,1.69,32.22,0.0,32.22,1103.857,3.5933,4.01948,45.0,1103.857,183.976,0.89,5.4,0.426,34.26,7.71,6.9,14.09,0.27,5.14,yolo,28.7,0.39,0,71.6,0.0,435.4,0.0,1,100.0
2026-05-21 14:39:05,11250,depth,6,person|book,0.628,1.73,22.55,0.0,22.55,775.269,2.5237,4.02861,45.0,775.269,129.212,1.26,7.7,0.413,34.38,7.1,7.09,14.53,0.29,5.21,yolo,28.4,3.36,0,50.1,0.0,435.7,0.0,1,100.0
2026-05-21 14:39:06,11280,depth,5,person|book,0.641,1.72,32.27,0.0,32.27,1099.116,3.5779,4.035124,45.0,1099.116,219.823,0.89,4.5,0.347,34.06,6.79,7.12,14.4,0.28,5.31,yolo,28.8,0.1,0,71.7,0.0,435.7,0.0,1,100.0
2026-05-21 14:39:07,11309,depth,5,person|book|cell phone|person|book,0.643,1.63,32.27,0.0,32.27,1123.964,3.6587,4.043985,45.0,1123.964,224.793,0.77,4.4,0.346,34.83,7.43,7.23,14.47,0.25,5.29,yolo,24.7,1.66,0,71.7,0.0,435.7,0.0,1,100.0
2026-05-21 14:39:08,11337,depth,5,person|book|cell phone|person|book,0.605,1.58,34.52,0.0,34.52,1211.307,3.9431,4.053359,45.0,1211.307,242.261,0.84,4.1,0.34,35.09,7.53,7.26,14.69,0.24,5.2,yolo,28.8,1.57,0,76.7,0.0,435.9,0.0,1,100.0
2026-05-21 14:39:09,11364,depth,5,person|book,0.591,1.58,34.11,0.0,34.11,1194.873,3.8896,4.062442,45.0,1194.873,238.975,0.72,4.2,0.339,35.03,7.38,7.24,14.76,0.24,5.23,yolo,24.6,1.84,0,75.8,0.0,435.9,0.0,1,100.0
2026-05-21 14:39:10,11391,depth,5,person|book,0.605,1.62,35.59,0.0,35.59,1297.611,4.224,4.071917,45.0,1297.611,259.522,0.73,3.9,0.321,36.46,7.74,7.34,15.59,0.26,5.34,yolo,25.9,0.57,0,79.1,0.0,435.9,0.0,1,100.0
2026-05-21 14:39:11,11420,depth,5,person|book,0.609,1.66,37.48,0.0,37.48,1319.671,4.2958,4.082581,45.0,1319.671,263.934,0.74,3.8,0.332,35.21,7.1,7.24,15.07,0.26,5.38,yolo,27.8,0.85,0,83.3,0.0,435.9,0.0,1,100.0
2026-05-21 14:39:12,11448,depth,5,person|book,0.614,1.67,32.67,0.0,32.67,1098.692,3.5765,4.091751,45.0,1098.692,219.738,0.85,4.6,0.359,33.63,7.21,6.86,13.94,0.24,5.21,yolo,27.8,0.0,0,72.6,0.0,435.9,0.0,1,100.0
2026-05-21 14:39:13,11477,depth,5,person|book,0.645,1.61,32.13,0.0,32.13,1082.138,3.5226,4.100519,45.0,1082.138,216.428,0.84,4.6,0.362,33.68,7.31,6.86,13.82,0.25,5.28,yolo,27.1,0.32,0,71.4,0.0,435.9,0.0,1,100.0
2026-05-21 14:39:14,11505,depth,5,person|book,0.641,1.59,31.46,0.0,31.46,1064.921,3.4665,4.108867,45.0,1064.921,212.984,0.92,4.7,0.363,33.85,7.46,6.92,13.79,0.24,5.3,yolo,28.8,0.77,0,69.9,0.0,435.9,0.0,1,100.0
2026-05-21 14:39:15,11520,depth,5,person|book,0.648,1.59,32.4,0.0,32.4,1102.572,3.5891,4.113322,45.0,1102.572,220.514,0.89,4.5,0.357,34.03,7.42,6.99,13.99,0.23,5.25,yolo,28.8,0.0,0,72.0,0.0,435.9,0.0,1,100.0
2026-05-21 14:39:16,11548,depth,5,person|book,0.635,1.59,32.4,0.0,32.4,1142.748,3.7199,4.122152,45.0,1142.748,228.55,0.83,4.4,0.335,35.27,7.65,7.09,14.93,0.23,5.2,yolo,27.0,2.25,0,72.0,0.0,435.9,0.0,1,100.0
2026-05-21 14:39:18,11577,depth,5,person|book,0.622,1.59,24.7,0.0,24.7,867.958,2.8254,4.129229,45.0,867.958,173.592,1.11,5.8,0.337,35.14,7.42,7.22,14.85,0.24,5.25,yolo,27.4,0.07,0,54.9,0.0,435.9,0.0,1,100.0
2026-05-21 14:39:19,11606,depth,5,person|book,0.632,1.67,31.77,0.0,31.77,1077.321,3.5069,4.137858,45.0,1077.321,215.464,0.9,4.6,0.359,33.91,7.13,7.19,13.92,0.25,5.27,yolo,28.7,0.24,0,70.6,0.0,435.9,0.0,1,100.0
2026-05-21 14:39:20,11634,depth,6,person|book,0.633,2.04,31.37,0.0,31.37,1079.442,3.5138,4.146171,45.0,1079.442,179.907,0.83,5.6,0.425,34.41,7.79,6.84,14.13,0.25,5.24,yolo,26.2,0.46,0,69.7,0.0,435.9,0.0,1,100.0
2026-05-21 14:39:21,11663,depth,5,person|book,0.643,2.76,31.37,0.0,31.37,1075.991,3.5026,4.154827,45.0,1075.991,215.198,0.92,4.6,0.357,34.3,8.02,6.65,14.02,0.26,5.21,yolo,28.9,0.49,0,69.7,0.0,435.9,0.0,1,100.0
2026-05-21 14:39:22,11691,depth,5,person|book,0.629,2.15,32.04,0.0,32.04,1077.826,3.5085,4.163273,45.0,1077.826,215.565,0.83,4.6,0.363,33.64,7.66,6.69,13.76,0.25,5.14,yolo,26.7,0.41,0,71.2,0.0,435.9,0.0,1,100.0
2026-05-21 14:39:23,11720,depth,5,person|book,0.632,1.73,31.41,0.0,31.41,1057.261,3.4416,4.171845,45.0,1057.261,211.452,0.92,4.7,0.362,33.66,7.6,6.75,13.8,0.23,5.14,yolo,28.9,0.4,0,69.8,0.0,435.9,0.0,1,100.0
2026-05-21 14:39:24,11746,depth,5,person|book,0.619,1.59,33.39,0.0,33.39,1148.616,3.739,4.179918,45.0,1148.616,229.723,0.87,4.4,0.356,34.4,7.89,6.87,14.05,0.24,5.19,yolo,28.9,0.0,0,74.2,0.0,435.9,0.0,1,100.0
2026-05-21 14:39:25,11775,depth,5,person|book|clock|person|book,0.633,1.62,31.91,0.0,31.91,1091.003,3.5514,4.188921,45.0,1091.003,218.201,0.85,4.6,0.351,34.19,7.56,6.82,14.26,0.24,5.15,yolo,27.0,0.07,0,70.9,0.0,435.9,0.0,1,100.0
2026-05-21 14:39:26,11804,depth,5,person|book,0.637,1.63,31.46,0.0,31.46,1058.944,3.4471,4.197571,45.0,1058.944,211.789,0.86,4.7,0.355,33.66,7.19,6.82,14.08,0.23,5.19,yolo,27.0,0.0,0,69.9,0.0,435.9,0.0,1,100.0
2026-05-21 14:39:27,11820,depth,5,person|book,0.645,1.58,32.62,0.0,32.62,1101.251,3.5848,4.202281,45.0,1101.251,220.25,0.86,4.5,0.359,33.76,7.44,6.81,13.94,0.23,5.19,yolo,28.0,0.0,0,72.5,0.0,435.9,0.0,1,100.0
2026-05-21 14:39:28,11850,depth,5,person|book,0.647,1.6,23.18,0.0,23.18,791.365,2.5761,4.211499,45.0,791.365,158.273,1.21,6.3,0.354,34.14,7.52,6.94,14.11,0.25,5.17,yolo,28.1,2.75,0,51.5,0.0,435.9,0.0,1,100.0
2026-05-21 14:39:29,11880,depth,5,person|book,0.648,1.61,32.27,0.0,32.27,1112.992,3.623,4.218251,45.0,1112.992,222.598,0.86,4.5,0.355,34.49,7.93,6.94,14.09,0.25,5.12,yolo,27.7,0.07,0,71.7,0.0,435.9,0.0,1,100.0
2026-05-21 14:39:30,11910,depth,7,person|person|book|tv|person|book|tv|person,0.639,1.59,32.17,0.0,32.17,1089.598,3.5469,4.227355,45.0,1089.598,155.657,0.87,6.4,0.509,33.87,7.87,6.8,13.76,0.21,5.05,yolo,27.9,0.04,0,71.5,0.0,435.9,0.0,1,71.4
2026-05-21 14:39:31,11940,depth,2,tv|person|book|person|chair|person|refrigerator|chair|book|person|book|book,0.583,1.58,33.26,0.0,33.26,1123.523,3.6573,4.236423,45.0,1123.523,561.761,0.87,1.8,0.145,33.78,7.9,6.7,13.82,0.13,5.05,yolo,29.0,0.27,0,73.9,0.0,436.4,0.0,1,100.0
2026-05-21 14:39:32,11970,depth,5,person|person|book|book,0.523,1.72,31.68,0.0,31.68,1073.635,3.4949,4.245786,45.0,1073.635,214.727,0.84,4.7,0.359,33.89,7.82,6.74,13.91,0.11,5.15,yolo,26.7,0.78,0,70.4,0.0,436.4,0.0,1,100.0
2026-05-21 14:39:34,12000,depth,3,person|book|clock|person|book,0.567,1.55,31.86,0.0,31.86,1069.859,3.4826,4.254667,45.0,1069.859,356.62,0.91,2.8,0.218,33.58,7.6,6.74,13.78,0.16,5.15,yolo,28.8,0.78,0,70.8,0.0,436.4,0.0,1,100.0
2026-05-21 14:39:35,12030,depth,3,person|book|clock|person|book,0.566,1.51,32.13,0.0,32.13,1079.247,3.5132,4.263615,45.0,1079.247,359.749,0.84,2.8,0.216,33.59,7.46,6.79,13.88,0.17,5.16,yolo,26.9,0.8,0,71.4,0.0,436.4,0.0,1,100.0
2026-05-21 14:39:36,12060,depth,4,clock|person|book|remote|book|person|remote|book|person|book|book,0.486,1.75,31.37,0.0,31.37,1065.012,3.4668,4.272687,45.0,1065.012,266.253,0.91,3.8,0.29,33.95,7.99,6.75,13.8,0.19,5.09,yolo,28.6,0.75,0,69.7,0.0,436.4,0.0,1,100.0
2026-05-21 14:39:37,12090,depth,7,clock|book|person|book|book,0.453,1.96,32.13,0.0,32.13,1093.705,3.5602,4.281569,45.0,1093.705,156.244,0.84,6.4,0.509,34.04,7.85,6.92,13.74,0.25,5.13,yolo,26.9,0.8,0,71.4,0.0,436.4,0.0,1,100.0
2026-05-21 14:39:38,12120,depth,1,remote|cat|book|cat|person|cat|remote|book|book,0.437,1.91,32.49,0.0,32.49,1096.862,3.5705,4.290615,45.0,1096.862,1096.862,0.88,0.9,0.072,33.76,7.28,7.04,13.8,0.23,5.26,yolo,28.6,0.82,0,72.2,0.0,436.3,0.0,1,100.0
2026-05-21 14:39:39,12149,depth,7,book|cat,0.449,1.79,32.49,0.0,32.49,1122.205,3.653,4.299617,45.0,1122.205,160.315,0.31,6.2,0.481,34.54,7.43,6.98,14.55,0.21,5.23,yolo,10.0,0.0,0,72.2,0.0,436.3,0.0,1,100.0
2026-05-21 14:39:41,12177,depth,4,book|remote|book,0.472,1.93,23.09,0.0,23.09,802.378,2.6119,4.305828,45.0,802.378,200.595,1.2,5.0,0.272,34.75,7.66,6.87,14.72,0.24,5.12,yolo,27.6,0.0,0,51.3,0.0,436.4,0.0,1,100.0
2026-05-21 14:39:42,12206,depth,5,person|book|book|remote|book,0.472,1.77,32.27,0.0,32.27,1098.793,3.5768,4.31449,45.0,1098.793,219.759,0.87,4.6,0.358,34.05,7.49,7.02,13.97,0.24,5.18,yolo,28.1,0.13,0,71.7,0.0,436.4,0.0,1,100.0
2026-05-21 14:39:43,12234,depth,1,person|person|book|book|cat,0.47,1.6,31.72,0.0,31.72,1075.942,3.5024,4.322851,45.0,1075.942,1075.942,0.88,0.9,0.073,33.92,7.68,6.94,13.78,0.21,5.17,yolo,27.9,0.04,0,70.5,0.0,436.4,0.0,1,100.0
2026-05-21 14:39:44,12263,depth,7,person|person|book|book|person|book|remote,0.509,1.5,31.86,0.0,31.86,1076.231,3.5034,4.331523,45.0,1076.231,153.747,0.86,6.5,0.513,33.78,8.01,6.75,13.65,0.18,5.05,yolo,27.6,0.08,0,70.8,0.0,436.4,0.0,1,100.0
2026-05-21 14:39:45,12291,depth,6,person|book,0.453,1.72,31.99,0.0,31.99,1081.902,3.5218,4.339926,45.0,1081.902,180.317,0.9,5.5,0.434,33.82,7.66,6.93,13.81,0.22,5.06,yolo,28.7,0.28,0,71.1,0.0,436.4,0.0,1,100.0
2026-05-21 14:39:46,12320,depth,6,person|book|book,0.486,1.66,31.54,0.0,31.54,1070.152,3.4836,4.348551,45.0,1070.152,178.359,0.85,5.6,0.429,33.93,7.45,6.97,13.98,0.27,5.11,yolo,26.9,0.46,0,70.1,0.0,436.4,0.0,1,100.0
2026-05-21 14:39:47,12348,depth,5,person|book|book,0.444,1.7,31.82,0.0,31.82,1076.789,3.5052,4.356913,45.0,1076.789,215.358,0.87,4.6,0.359,33.84,7.74,6.79,13.92,0.26,4.98,yolo,27.7,0.25,0,70.7,0.0,436.4,0.0,1,100.0
2026-05-21 14:39:48,12377,depth,7,person|book|book,0.433,1.85,31.41,0.0,31.41,1068.568,3.4784,4.365567,45.0,1068.568,152.653,0.92,6.6,0.5,34.02,7.38,7.04,14.0,0.27,5.19,yolo,28.9,0.41,0,69.8,0.0,436.3,0.0,1,100.0
2026-05-21 14:39:49,12405,depth,5,person|book|book,0.423,1.84,31.86,0.0,31.86,1100.444,3.5822,4.373952,45.0,1100.444,220.089,0.84,4.5,0.344,34.54,7.08,7.19,14.53,0.25,5.34,yolo,26.9,0.62,0,70.8,0.0,436.3,0.0,1,100.0
2026-05-21 14:39:50,12420,depth,7,person|book|book,0.47,1.85,35.46,0.0,35.46,1243.937,4.0493,4.378623,45.0,1243.937,177.705,0.75,5.6,0.47,35.08,7.18,7.26,14.89,0.27,5.32,yolo,26.6,0.1,0,78.8,0.0,436.4,0.0,1,100.0
2026-05-21 14:39:51,12450,depth,7,person|book,0.482,1.68,24.53,0.0,24.53,871.551,2.8371,4.388901,45.0,871.551,124.507,1.14,8.0,0.442,35.53,6.69,7.25,15.83,0.29,5.31,yolo,28.0,3.03,0,54.5,0.0,433.6,0.0,1,100.0
2026-05-21 14:39:52,12480,depth,6,person|book,0.458,1.66,35.19,0.0,35.19,1236.577,4.0253,4.396166,45.0,1236.577,206.096,0.81,4.9,0.372,35.14,5.94,7.24,16.14,0.31,5.37,yolo,28.6,0.15,0,78.2,0.0,431.3,0.0,1,100.0
2026-05-21 14:39:53,12508,depth,7,person|book|book,0.467,1.67,35.19,0.0,35.19,1264.025,4.1147,4.406049,45.0,1264.025,180.575,0.66,5.5,0.454,35.92,7.3,7.4,15.43,0.3,5.34,yolo,23.4,1.99,0,78.2,0.0,431.3,0.0,1,100.0
2026-05-21 14:39:54,12537,depth,6,person|book,0.499,1.63,34.65,0.0,34.65,1243.242,4.047,4.416083,45.0,1243.242,207.207,0.84,4.8,0.399,35.88,7.79,7.3,15.03,0.29,5.33,yolo,29.0,2.12,0,77.0,0.0,433.7,0.0,1,100.0
2026-05-21 14:39:55,12566,depth,6,person|book,0.513,1.6,31.14,0.0,31.14,1047.861,3.411,4.424716,45.0,1047.861,174.644,0.86,5.7,0.432,33.65,6.94,7.12,13.89,0.28,5.26,yolo,26.7,0.93,0,69.2,0.0,434.2,0.0,1,100.0
2026-05-21 14:39:56,12594,depth,6,person|book,0.501,1.62,32.04,0.0,32.04,1080.389,3.5169,4.433093,45.0,1080.389,180.065,0.9,5.6,0.43,33.72,6.97,7.16,13.96,0.28,5.19,yolo,28.8,0.8,0,71.2,0.0,434.8,0.0,1,100.0
2026-05-21 14:39:57,12623,depth,6,person|book,0.504,1.61,35.23,0.0,35.23,1188.308,3.8682,4.442528,45.0,1188.308,198.051,0.77,5.0,0.428,33.73,7.23,6.92,14.01,0.27,5.14,yolo,27.0,0.73,0,78.3,0.0,434.8,0.0,1,100.0
2026-05-21 14:39:58,12651,depth,6,person|book,0.521,1.64,31.41,0.0,31.41,1061.344,3.4549,4.451002,45.0,1061.344,176.891,0.91,5.7,0.435,33.79,7.3,7.01,13.8,0.28,5.26,yolo,28.6,0.61,0,69.8,0.0,434.8,0.0,1,100.0
2026-05-21 14:39:59,12681,depth,6,person|book,0.499,1.66,31.59,0.0,31.59,1073.112,3.4932,4.45991,45.0,1073.112,178.852,0.85,5.6,0.43,33.97,7.28,7.05,13.94,0.28,5.28,yolo,26.9,0.72,0,70.2,0.0,434.8,0.0,1,100.0
2026-05-21 14:40:00,12710,depth,6,person|book,0.49,1.68,32.53,0.0,32.53,1097.562,3.5728,4.468697,45.0,1097.562,182.927,0.88,5.5,0.436,33.74,7.58,6.73,13.76,0.29,5.23,yolo,28.6,0.73,0,72.3,0.0,434.8,0.0,1,100.0
2026-05-21 14:40:02,12720,depth,6,person|book,0.482,1.68,32.89,0.0,32.89,1111.682,3.6188,4.471753,45.0,1111.682,185.28,0.87,5.4,0.436,33.8,7.64,6.72,13.77,0.29,5.24,yolo,28.6,0.0,0,73.1,0.0,434.8,0.0,1,100.0
2026-05-21 14:40:03,12750,depth,6,person|book,0.487,1.68,22.09,0.0,22.09,760.117,2.4743,4.481029,45.0,760.117,126.686,1.26,7.9,0.431,34.41,8.36,6.59,13.93,0.26,5.12,yolo,27.9,2.66,0,49.1,0.0,434.8,0.0,1,100.0
2026-05-21 14:40:04,12780,depth,6,person|book|clock|person|book,0.496,1.7,32.4,0.0,32.4,1109.376,3.6113,4.487438,45.0,1109.376,184.896,0.89,5.4,0.424,34.24,8.02,6.68,14.14,0.26,5.0,yolo,28.8,0.22,0,72.0,0.0,434.8,0.0,1,100.0
2026-05-21 14:40:05,12810,depth,4,person|book,0.492,1.69,31.72,0.0,31.72,1068.33,3.4776,4.496561,45.0,1068.33,267.082,0.84,3.7,0.285,33.68,7.21,6.88,14.05,0.27,5.12,yolo,26.8,0.68,0,70.5,0.0,434.8,0.0,1,100.0
2026-05-21 14:40:06,12840,depth,8,person|person|book|person|clock,0.574,1.89,33.98,0.0,33.98,1147.505,3.7354,4.505527,45.0,1147.505,143.438,0.85,7.0,0.567,33.77,7.23,6.85,14.11,0.27,5.16,yolo,28.9,0.78,0,75.5,0.0,434.8,0.0,1,100.0
2026-05-21 14:40:07,12870,depth,8,person|book,0.584,1.97,31.09,0.0,31.09,1067.32,3.4743,4.515187,45.0,1067.32,133.415,0.86,7.5,0.556,34.33,7.26,7.01,14.4,0.33,5.19,yolo,26.7,0.97,0,69.1,0.0,434.8,0.0,1,100.0
2026-05-21 14:40:08,12900,depth,7,person|book,0.561,1.98,31.82,0.0,31.82,1086.335,3.5362,4.524028,45.0,1086.335,155.191,0.85,6.4,0.491,34.14,6.9,7.21,14.27,0.36,5.25,yolo,27.0,0.14,0,70.7,0.0,434.8,0.0,1,100.0
2026-05-21 14:40:09,12930,depth,7,person|book,0.579,1.65,31.91,0.0,31.91,1063.56,3.4621,4.532918,45.0,1063.56,151.937,0.9,6.6,0.501,33.33,6.66,7.02,13.96,0.32,5.21,yolo,28.8,0.87,0,70.9,0.0,434.8,0.0,1,100.0
2026-05-21 14:40:10,12960,depth,7,person|book,0.553,1.61,32.17,0.0,32.17,1079.303,3.5134,4.541841,45.0,1079.303,154.186,0.83,6.5,0.505,33.55,7.13,6.93,13.86,0.32,5.15,yolo,26.8,0.99,0,71.5,0.0,434.8,0.0,1,100.0
2026-05-21 14:40:11,12990,depth,8,person|book,0.548,1.7,31.63,0.0,31.63,1075.104,3.4997,4.550901,45.0,1075.104,134.388,0.91,7.4,0.577,33.99,7.47,7.01,13.86,0.32,5.18,yolo,28.8,1.0,0,70.3,0.0,434.8,0.0,1,100.0
2026-05-21 14:40:13,13020,depth,7,person|book,0.563,2.16,31.95,0.0,31.95,1078.952,3.5122,4.559821,45.0,1078.952,154.136,0.84,6.5,0.504,33.77,7.49,6.75,13.9,0.35,5.12,yolo,26.9,0.95,0,71.0,0.0,434.8,0.0,1,100.0
2026-05-21 14:40:14,13048,depth,5,person|person|book|person|book|cat|clock|person|book,0.534,2.16,31.95,0.0,31.95,1110.582,3.6152,4.56841,45.0,1110.582,222.116,0.4,4.5,0.347,34.76,7.92,6.84,14.42,0.3,5.13,yolo,12.9,0.0,0,71.0,0.0,434.8,0.0,1,80.0
2026-05-21 14:40:15,13077,depth,4,person|book|book|person|book|cat,0.458,1.66,22.32,0.0,22.32,775.397,2.5241,4.574755,45.0,775.397,193.849,1.21,5.2,0.28,34.74,8.04,6.88,14.29,0.19,5.2,yolo,27.0,0.15,0,49.6,0.0,434.8,0.0,1,100.0
2026-05-21 14:40:16,13106,depth,5,person|book,0.457,1.54,31.32,0.0,31.32,1050.473,3.4195,4.583167,45.0,1050.473,210.095,0.92,4.8,0.361,33.54,7.31,6.89,13.86,0.19,5.15,yolo,28.9,0.35,0,69.6,0.0,434.8,0.0,1,100.0
2026-05-21 14:40:17,13132,depth,1,person|person|book|book|cat|person|chair,0.506,1.38,32.04,0.0,32.04,1106.662,3.6024,4.59104,45.0,1106.662,1106.662,0.81,0.9,0.071,34.54,7.81,7.11,14.09,0.17,5.21,yolo,25.9,0.58,0,71.2,0.0,434.8,0.0,1,100.0
2026-05-21 14:40:18,13161,depth,2,person|cat|person|person|chair,0.578,1.25,33.44,0.0,33.44,1156.021,3.7631,4.600248,45.0,1156.021,578.01,0.82,1.7,0.14,34.57,7.72,6.97,14.31,0.13,5.27,yolo,27.5,0.29,0,74.3,0.0,434.8,0.0,1,100.0
2026-05-21 14:40:19,13190,depth,4,person|cat|book|cat|person|book|cat|person|book|book,0.509,0.92,35.33,0.0,35.33,1205.813,3.9252,4.609891,45.0,1205.813,301.453,0.81,3.3,0.277,34.13,7.26,6.87,14.46,0.16,5.23,yolo,28.7,0.22,0,78.5,0.0,434.8,0.0,1,100.0
2026-05-21 14:40:20,13215,depth,4,person|book|book,0.456,0.76,35.77,0.0,35.77,1280.208,4.1673,4.618647,45.0,1280.208,320.052,0.67,3.1,0.264,35.79,7.85,7.12,15.17,0.19,5.31,yolo,24.0,0.92,0,79.5,0.0,434.8,0.0,1,100.0
2026-05-21 14:40:21,13245,depth,5,person|book,0.44,0.56,36.86,0.0,36.86,1300.421,4.2331,4.629414,45.0,1300.421,260.084,0.78,3.8,0.337,35.28,7.84,7.03,14.84,0.19,5.23,yolo,28.9,1.22,0,81.9,0.0,434.8,0.0,1,100.0
2026-05-21 14:40:22,13274,depth,3,person|book|book,0.449,0.54,31.77,0.0,31.77,1065.566,3.4686,4.638854,45.0,1065.566,355.189,0.85,2.8,0.216,33.54,7.25,6.82,13.9,0.2,5.21,yolo,26.9,0.61,0,70.6,0.0,434.8,0.0,1,100.0
2026-05-21 14:40:23,13302,depth,1,person|person|book|book,0.496,0.54,35.41,0.0,35.41,1191.546,3.8787,4.647605,45.0,1191.546,1191.546,0.81,0.8,0.072,33.65,7.35,6.78,13.91,0.18,5.26,yolo,28.9,0.52,0,78.7,0.0,434.8,0.0,1,100.0
2026-05-21 14:40:25,13320,depth,3,person|person|book|person|chair,0.575,0.54,32.09,0.0,32.09,1076.94,3.5057,4.653537,45.0,1076.94,358.98,0.9,2.8,0.217,33.56,7.2,6.93,13.85,0.15,5.27,yolo,28.9,0.0,0,71.3,0.0,434.8,0.0,1,100.0
2026-05-21 14:40:26,13350,depth,1,person|person|book,0.623,0.38,22.95,0.0,22.95,788.332,2.5662,4.662615,45.0,788.332,788.332,1.21,1.3,0.07,34.35,7.64,6.81,14.29,0.11,5.35,yolo,27.9,2.46,0,51.0,0.0,434.8,0.0,1,100.0
2026-05-21 14:40:27,13380,depth,3,person|person|book,0.639,0.33,31.5,0.0,31.5,1079.505,3.514,4.669255,45.0,1079.505,359.835,0.92,2.8,0.208,34.27,7.82,6.59,14.4,0.11,5.19,yolo,28.9,0.25,0,70.0,0.0,434.8,0.0,1,100.0
2026-05-21 14:40:28,13410,depth,5,person|book|book|clock|person|book,0.491,0.54,33.03,0.0,33.03,1121.369,3.6503,4.678156,45.0,1121.369,224.274,0.81,4.5,0.361,33.95,8.06,6.62,13.85,0.15,5.13,yolo,26.7,0.75,0,73.4,0.0,434.8,0.0,1,100.0
2026-05-21 14:40:29,13439,depth,2,person|book|book,0.447,1.44,33.03,0.0,33.03,1159.683,3.775,4.68742,45.0,1159.683,579.841,0.78,1.7,0.141,35.11,8.09,7.16,14.23,0.18,5.3,yolo,25.9,0.32,0,73.4,0.0,434.8,0.0,1,100.0
2026-05-21 14:40:30,13467,depth,3,person|person|book,0.523,1.64,36.95,0.0,36.95,1284.013,4.1797,4.697424,45.0,1284.013,428.004,0.78,2.3,0.209,34.75,7.65,7.13,14.34,0.19,5.28,yolo,28.8,1.11,0,82.1,0.0,434.8,0.0,1,100.0
2026-05-21 14:40:31,13496,depth,3,person|book,0.529,1.56,32.17,0.0,32.17,1079.303,3.5134,4.706311,45.0,1079.303,359.768,0.84,2.8,0.219,33.55,7.64,6.74,13.68,0.18,5.16,yolo,27.1,0.69,0,71.5,0.0,434.8,0.0,1,66.7
2026-05-21 14:40:32,13523,depth,1,person|chair|book|person|chair|person|refrigerator|person|person|book,0.527,1.53,32.09,0.0,32.09,1099.403,3.5788,4.71448,45.0,1099.403,1099.403,0.86,0.9,0.071,34.26,7.27,7.29,14.13,0.16,5.26,yolo,27.7,0.23,0,71.3,0.0,434.8,0.0,1,100.0
2026-05-21 14:40:33,13549,depth,2,person|person|book|book,0.538,1.36,38.12,0.0,38.12,1328.482,4.3245,4.723663,45.0,1328.482,664.241,0.67,1.5,0.135,34.85,6.83,7.59,14.85,0.14,5.28,yolo,25.6,0.83,0,84.7,0.0,434.8,0.0,1,100.0
2026-05-21 14:40:34,13577,depth,1,person|book,0.54,1.33,40.27,0.0,40.27,1406.631,4.5789,4.734462,45.0,1406.631,1406.631,0.66,0.7,0.064,34.93,6.16,7.52,15.62,0.12,5.32,yolo,26.8,0.49,0,89.5,0.0,434.8,0.0,1,100.0
2026-05-21 14:40:35,13599,depth,1,person,0.591,1.33,39.6,0.0,39.6,1476.684,4.8069,4.743203,45.0,1476.684,1476.684,0.59,0.7,0.057,37.29,5.99,7.73,17.58,0.11,5.67,yolo,23.3,1.35,0,88.0,0.0,434.8,0.0,1,100.0
2026-05-21 14:40:37,13620,depth,2,person|book,0.654,1.23,37.48,0.0,37.48,1546.05,5.0327,4.752292,45.0,1546.05,773.025,0.58,1.3,0.101,41.25,5.82,8.65,19.76,0.12,6.66,yolo,21.9,0.49,0,83.3,0.0,434.8,0.0,1,50.0
2026-05-21 14:40:38,13641,depth,2,person|book|book,0.578,1.36,37.48,0.0,37.48,1785.547,5.8123,4.762053,45.0,1785.547,892.774,0.13,1.1,0.087,47.64,6.64,9.98,22.93,0.19,7.66,yolo,5.0,4.96,0,83.3,0.0,434.8,0.0,1,100.0
2026-05-21 14:40:39,13662,depth,4,person|person|book,0.522,1.55,29.25,0.0,29.25,1430.033,4.6551,4.771219,45.0,1430.033,357.508,0.68,2.8,0.174,48.89,6.93,10.4,22.98,0.21,8.13,yolo,19.9,4.37,0,65.0,0.0,434.8,0.0,1,100.0
2026-05-21 14:40:40,13682,depth,3,person|book|book,0.575,1.38,36.77,0.0,36.77,1826.734,5.9464,4.779535,45.0,1826.734,608.911,0.53,1.6,0.13,49.68,7.47,10.51,23.08,0.27,8.12,yolo,19.6,0.09,0,81.7,0.0,434.9,0.0,1,100.0
2026-05-21 14:40:41,13703,depth,1,person|book|book,0.573,1.22,36.77,0.0,36.77,1788.125,5.8207,4.790034,45.0,1788.125,1788.125,0.54,0.6,0.044,48.63,6.99,10.32,22.68,0.24,8.17,yolo,19.8,0.06,0,81.7,0.0,434.9,0.0,1,100.0
2026-05-21 14:40:42,13722,depth,3,person|book,0.554,1.06,36.32,0.0,36.32,1768.784,5.7578,4.799356,45.0,1768.784,589.595,0.57,1.7,0.131,48.7,6.87,10.21,22.96,0.24,8.19,yolo,20.5,0.21,0,80.7,0.0,434.9,0.0,1,100.0
2026-05-21 14:40:43,13743,depth,3,person|book,0.598,0.92,34.24,0.0,34.24,1667.83,5.4291,4.809585,45.0,1667.83,555.943,0.54,1.8,0.131,48.71,6.96,9.99,22.94,0.23,8.37,yolo,18.5,0.59,0,76.1,0.0,431.0,0.0,1,100.0
2026-05-21 14:40:44,13764,depth,3,person|book|book,0.649,0.66,34.24,0.0,34.24,1659.955,5.4035,4.819318,45.0,1659.955,553.318,0.57,1.8,0.133,48.48,7.01,9.99,22.6,0.24,8.42,yolo,19.4,0.26,0,76.1,0.0,431.0,0.0,1,100.0
2026-05-21 14:40:45,13784,depth,4,person|book|book,0.578,0.72,32.98,0.0,32.98,1615.031,5.2573,4.828353,45.0,1615.031,403.758,0.63,2.5,0.179,48.97,7.36,10.29,22.32,0.3,8.49,yolo,20.8,0.42,0,73.3,0.0,431.0,0.0,1,100.0
2026-05-21 14:40:46,13803,depth,4,person|book,0.595,1.28,32.27,0.0,32.27,1579.294,5.1409,4.836838,45.0,1579.294,394.824,0.61,2.5,0.18,48.94,7.03,10.67,22.25,0.33,8.44,yolo,19.5,0.4,0,71.7,0.0,431.0,0.0,1,100.0
2026-05-21 14:40:47,13824,depth,5,person|book,0.656,1.5,32.27,0.0,32.27,1608.014,5.2344,4.846121,45.0,1608.014,321.603,0.56,3.1,0.223,49.83,7.37,10.93,22.46,0.38,8.46,yolo,18.1,0.41,0,71.7,0.0,431.0,0.0,1,100.0
2026-05-21 14:40:48,13830,depth,5,person|book,0.652,1.55,33.71,0.0,33.71,1686.511,5.4899,4.848826,45.0,1686.511,337.302,0.59,3.0,0.222,50.03,7.28,11.11,22.5,0.38,8.52,yolo,19.9,0.85,0,74.9,0.0,431.0,0.0,1,100.0
2026-05-21 14:40:49,13851,depth,4,person|book,0.649,1.64,33.71,0.0,33.71,1693.928,5.5141,4.858641,45.0,1693.928,423.482,0.17,2.4,0.175,50.25,7.61,10.8,22.85,0.35,8.41,yolo,5.8,4.14,0,74.9,0.0,431.0,0.0,1,100.0
2026-05-21 14:40:50,13871,depth,4,person|book,0.646,1.74,26.82,0.0,26.82,1347.973,4.3879,4.866879,45.0,1347.973,336.993,0.73,3.0,0.174,50.26,7.51,10.75,23.03,0.34,8.42,yolo,19.6,4.14,0,59.6,0.0,431.4,0.0,1,100.0
2026-05-21 14:40:51,13890,depth,1,person|person|book,0.622,1.7,36.95,0.0,36.95,1865.975,6.0741,4.874164,45.0,1865.975,1865.975,0.54,0.5,0.043,50.5,7.41,10.75,23.21,0.32,8.58,yolo,19.8,0.06,0,82.1,0.0,431.4,0.0,1,100.0
2026-05-21 14:40:52,13911,depth,2,person|person|book,0.624,1.43,36.95,0.0,36.95,1860.063,6.0549,4.885102,45.0,1860.063,930.032,0.48,1.1,0.088,50.34,7.36,10.9,22.82,0.29,8.73,yolo,17.6,0.65,0,82.1,0.0,431.4,0.0,1,50.0
2026-05-21 14:40:54,13931,depth,1,person|person|book,0.624,1.14,33.03,0.0,33.03,1663.391,5.4147,4.894822,45.0,1663.391,1663.391,0.6,0.6,0.044,50.36,7.62,10.99,22.48,0.24,8.78,yolo,19.7,0.63,0,73.4,0.0,431.4,0.0,1,100.0
2026-05-21 14:40:55,13950,depth,1,person|person|book,0.61,0.82,32.27,0.0,32.27,1597.042,5.1987,4.903505,45.0,1597.042,1597.042,0.59,0.6,0.045,49.49,7.39,10.74,22.24,0.2,8.67,yolo,19.2,0.18,0,71.7,0.0,431.4,0.0,1,100.0
2026-05-21 14:40:56,13971,depth,2,person|person|book,0.609,0.6,32.27,0.0,32.27,1587.039,5.1661,4.912787,45.0,1587.039,793.519,0.6,1.3,0.09,49.18,7.28,10.76,22.12,0.17,8.58,yolo,19.3,0.04,0,71.7,0.0,431.4,0.0,1,100.0
2026-05-21 14:40:57,13991,depth,1,person|person|book,0.607,0.5,33.21,0.0,33.21,1627.954,5.2993,4.921728,45.0,1627.954,1627.954,0.6,0.6,0.045,49.02,7.14,10.67,22.18,0.18,8.58,yolo,20.1,0.35,0,73.8,0.0,431.4,0.0,1,100.0
2026-05-21 14:40:58,14010,depth,2,person|person|book,0.608,0.54,33.88,0.0,33.88,1668.251,5.4305,4.930381,45.0,1668.251,834.125,0.59,1.2,0.091,49.24,7.44,10.78,22.06,0.18,8.52,yolo,19.9,0.09,0,75.3,0.0,431.4,0.0,1,100.0
2026-05-21 14:40:59,14032,depth,1,person|person|book,0.575,0.57,33.88,0.0,33.88,1635.049,5.3224,4.94048,45.0,1635.049,1635.049,0.55,0.6,0.045,48.26,6.84,10.55,22.09,0.18,8.34,yolo,18.6,0.54,0,75.3,0.0,431.4,0.0,1,100.0
2026-05-21 14:41:00,14040,depth,1,person,0.607,0.55,36.18,0.0,36.18,1760.881,5.732,4.944151,45.0,1760.881,1760.881,0.57,0.6,0.044,48.67,7.12,10.33,22.56,0.17,8.23,yolo,20.7,1.05,0,80.4,0.0,431.4,0.0,1,100.0
2026-05-21 14:41:01,14062,depth,1,person,0.64,0.52,36.18,0.0,36.18,1727.595,5.6237,4.954831,45.0,1727.595,1727.595,0.16,0.6,0.044,47.75,6.88,9.99,22.59,0.15,7.9,yolo,5.9,4.25,0,80.4,0.0,431.4,0.0,1,100.0
2026-05-21 14:41:02,14082,depth,1,person,0.687,0.43,27.59,0.0,27.59,1319.078,4.2939,4.962943,45.0,1319.078,1319.078,0.79,0.8,0.044,47.81,7.13,9.89,22.53,0.13,7.89,yolo,21.8,4.77,0,61.3,0.0,431.4,0.0,1,100.0
