timestamp,frame_num,mode,obj_count,obj_classes,avg_confidence,avg_depth_m,cpu_power_w,gpu_power_w,inst_power_w,frame_power_mj,pixel_power_uj,total_energy_wh,peak_power_w,energy_per_frame_mj,energy_per_object_mj,fps_per_watt,objects_per_joule,yolo_efficiency,frame_latency_ms,capture_ms,preprocess_ms,yolo_ms,track_ms,render_ms,bottleneck_stage,fps,fps_stability_std,dropped_frames,cpu_pct,gpu_pct,ram_mb,gpu_mb,motion_detected,tracking_stability_pct
2026-05-21 14:57:07,1,rgb,0,—,0,0,0.0,0.0,0.0,0.0,0.0,0.0,0.0,0.0,0.0,0.0,0.0,0.0,37.88,28.87,3.77,0.0,0.0,5.08,capture,0.0,0.0,0,0.0,0.0,0.0,0.0,0,100.0
2026-05-21 14:57:08,18,rgb,11,book|chair,0.448,0,0.0,0.0,0.0,0.0,0.0,0.0,0.0,0.0,0.0,1720.94,11000.0,0.315,58.13,12.75,3.58,34.87,0.37,6.44,yolo,17.2,4.05,0,0.0,0.0,0.0,0.0,0,100.0
2026-05-21 14:57:10,42,rgb,10,book|chair,0.442,0,0.0,0.0,0.0,0.0,0.0,0.0,0.0,0.0,0.0,2274.08,10000.0,0.387,48.27,12.35,3.34,25.82,0.44,6.21,yolo,22.7,1.1,0,0.0,0.0,427.2,19.0,0,100.0
2026-05-21 14:57:11,69,rgb,11,person|book|chair|book|chair,0.443,0,34.65,0.0,34.65,1361.052,4.4305,0.003987,34.65,1361.052,123.732,0.74,8.1,0.589,39.28,10.74,3.23,18.67,0.46,6.08,yolo,25.8,0.59,0,77.0,0.0,427.3,19.0,0,90.9
2026-05-21 14:57:12,90,rgb,12,person|book|chair|book|chair|cell phone|book|chair,0.427,0,41.31,0.0,41.31,1668.511,5.4314,0.012077,41.31,1668.511,139.043,0.62,7.2,0.632,40.39,11.45,3.21,18.99,0.48,6.14,yolo,25.8,0.0,0,91.8,0.0,427.4,19.0,1,100.0
2026-05-21 14:57:13,115,rgb,10,person|book|chair|book|chair,0.455,0,41.31,0.0,41.31,1727.171,5.6223,0.023872,41.31,1727.171,172.717,0.5,5.8,0.515,41.81,11.95,3.41,19.42,0.49,6.43,yolo,20.8,0.0,0,91.8,0.0,427.4,19.0,0,100.0
2026-05-21 14:57:14,142,rgb,13,book|chair,0.454,0,40.37,0.0,40.37,1556.263,5.066,0.036246,41.31,1556.263,119.713,0.61,8.4,0.721,38.55,10.33,3.29,18.03,0.49,6.3,yolo,24.8,0.0,0,89.7,0.0,427.9,19.0,0,100.0
2026-05-21 14:57:15,166,rgb,11,book|chair,0.446,0,36.18,0.0,36.18,1312.249,4.2716,0.045475,41.31,1312.249,119.295,0.74,8.4,0.661,36.27,9.89,3.1,16.64,0.48,6.08,yolo,26.7,0.0,0,80.4,0.0,427.9,19.0,0,90.9
2026-05-21 14:57:16,195,rgb,11,book|chair,0.454,0,36.72,0.0,36.72,1298.786,4.2278,0.05594,41.31,1298.786,118.071,0.73,8.5,0.681,35.37,9.7,3.02,16.15,0.45,5.97,yolo,26.9,0.57,0,81.6,0.0,428.0,19.0,0,90.9
2026-05-21 14:57:17,224,rgb,12,book|chair,0.447,0,33.39,0.0,33.39,1123.573,3.6575,0.065793,41.31,1123.573,93.631,0.86,10.7,0.785,33.65,9.08,2.96,15.29,0.41,5.82,yolo,28.9,0.36,0,74.2,0.0,428.0,19.0,0,91.7
2026-05-21 14:57:18,251,rgb,12,book|chair,0.439,0,34.2,0.0,34.2,1170.666,3.8108,0.074352,41.31,1170.666,97.555,0.78,10.3,0.768,34.23,9.28,2.97,15.63,0.45,5.81,yolo,26.8,0.4,0,76.0,0.0,428.0,19.0,0,91.7
2026-05-21 14:57:19,270,rgb,13,book|chair,0.442,0,34.69,0.0,34.69,1212.762,3.9478,0.080605,41.31,1212.762,93.289,0.77,10.7,0.807,34.96,9.27,3.0,16.1,0.47,6.03,yolo,26.8,0.0,0,77.1,0.0,428.0,0.0,0,92.3
2026-05-21 14:57:20,297,rgb,13,book|chair,0.448,0,34.69,0.0,34.69,1301.569,4.2369,0.089924,41.31,1301.569,100.121,0.71,10.0,0.765,37.52,9.84,2.98,17.0,1.55,6.07,yolo,24.6,2.13,0,77.1,0.0,428.0,0.0,0,92.3
2026-05-21 14:57:21,324,rgb,11,book|chair,0.45,0,25.07,0.0,25.07,935.863,3.0464,0.097139,41.31,935.863,85.078,1.04,11.8,0.66,37.33,10.3,2.92,16.66,1.5,5.85,yolo,26.0,0.26,0,55.7,0.0,428.1,0.0,0,100.0
2026-05-21 14:57:22,354,rgb,11,book|chair,0.45,0,34.11,0.0,34.11,1219.774,3.9706,0.107087,41.31,1219.774,110.889,0.82,9.0,0.708,35.76,10.04,2.84,15.54,1.49,5.77,yolo,27.9,0.34,0,75.8,0.0,428.1,0.0,0,100.0
2026-05-21 14:57:23,383,rgb,12,book|chair,0.454,0,32.62,0.0,32.62,1098.642,3.5763,0.116179,41.31,1098.642,91.553,0.88,10.9,0.792,33.68,9.43,2.81,15.15,0.41,5.79,yolo,28.7,0.15,0,72.5,0.0,428.1,0.0,0,100.0
2026-05-21 14:57:24,408,rgb,11,book|chair,0.447,0,34.69,0.0,34.69,1199.58,3.9049,0.124373,41.31,1199.58,109.053,0.72,9.2,0.707,34.58,9.63,2.94,15.56,0.43,5.93,yolo,24.8,0.76,0,77.1,0.0,428.1,0.0,0,100.0
2026-05-21 14:57:25,438,rgb,12,book|chair,0.466,0,32.71,0.0,32.71,1132.42,3.6863,0.134015,41.31,1132.42,94.368,0.85,10.6,0.773,34.62,9.52,3.04,15.52,0.43,6.02,yolo,28.0,0.57,0,72.7,0.0,428.1,0.0,0,100.0
2026-05-21 14:57:27,465,rgb,10,book|chair,0.452,0,32.04,0.0,32.04,1079.107,3.5127,0.142222,41.31,1079.107,107.911,0.83,9.3,0.659,33.68,9.13,2.91,15.17,0.44,5.94,yolo,26.7,0.25,0,71.2,0.0,428.2,0.0,0,100.0
2026-05-21 14:57:28,494,rgb,12,book|chair,0.457,0,33.79,0.0,33.79,1134.668,3.6936,0.151134,41.31,1134.668,94.556,0.86,10.6,0.784,33.58,9.15,2.8,15.3,0.43,5.82,yolo,29.0,0.42,0,75.1,0.0,428.2,0.0,0,100.0
2026-05-21 14:57:29,522,rgb,12,book|chair,0.442,0,32.53,0.0,32.53,1094.309,3.5622,0.159811,41.31,1094.309,91.192,0.82,11.0,0.792,33.64,9.31,2.79,15.16,0.42,5.87,yolo,26.7,0.43,0,72.3,0.0,428.2,0.0,0,91.7
2026-05-21 14:57:30,551,rgb,11,book|chair,0.443,0,32.31,0.0,32.31,1089.816,3.5476,0.168603,41.31,1089.816,99.074,0.89,10.1,0.728,33.73,9.32,2.84,15.1,0.43,5.95,yolo,28.9,0.4,0,71.8,0.0,428.2,0.0,0,100.0
2026-05-21 14:57:31,570,rgb,12,book|chair,0.444,0,32.49,0.0,32.49,1092.314,3.5557,0.174327,41.31,1092.314,91.026,0.89,11.0,0.801,33.62,9.39,2.86,14.98,0.43,5.87,yolo,28.9,0.0,0,72.2,0.0,428.2,0.0,0,100.0
2026-05-21 14:57:32,599,rgb,12,book|chair,0.455,0,32.49,0.0,32.49,1125.454,3.6636,0.183375,41.31,1125.454,93.788,0.86,10.7,0.779,34.64,10.01,2.89,15.4,0.43,5.82,yolo,28.0,2.52,0,72.2,0.0,428.2,0.0,0,100.0
2026-05-21 14:57:33,627,rgb,10,book|chair,0.452,0,23.76,0.0,23.76,828.511,2.697,0.1898,41.31,828.511,82.851,1.12,12.1,0.643,34.87,10.29,2.81,15.56,0.42,5.69,yolo,26.5,0.28,0,52.8,0.0,429.1,0.0,0,100.0
2026-05-21 14:57:34,657,rgb,11,book|chair,0.453,0,32.49,0.0,32.49,1092.314,3.5557,0.198813,41.31,1092.314,99.301,0.89,10.1,0.728,33.62,9.62,2.74,15.1,0.43,5.64,yolo,29.0,0.62,0,72.2,0.0,429.1,0.0,0,100.0
2026-05-21 14:57:35,686,rgb,14,person|book|chair|book|chair,0.46,0,32.13,0.0,32.13,1082.781,3.5247,0.207516,41.31,1082.781,77.341,0.83,12.9,0.922,33.7,9.42,2.79,15.18,0.45,5.74,yolo,26.7,0.7,0,71.4,0.0,429.1,0.0,1,92.9
2026-05-21 14:57:36,714,rgb,9,person|book|chair|book|chair,0.46,0,33.21,0.0,33.21,1110.874,3.6161,0.216149,41.31,1110.874,123.43,0.85,8.1,0.583,33.45,8.8,2.83,15.44,0.45,5.8,yolo,28.1,0.26,0,73.8,0.0,429.1,0.0,0,100.0
2026-05-21 14:57:37,743,rgb,12,book|chair,0.462,0,33.98,0.0,33.98,1140.709,3.7132,0.2253,41.31,1140.709,95.059,0.85,10.5,0.785,33.57,8.93,2.92,15.29,0.42,5.9,yolo,28.9,0.15,0,75.5,0.0,429.1,0.0,0,91.7
2026-05-21 14:57:38,770,rgb,10,book|chair,0.456,0,32.62,0.0,32.62,1112.342,3.6209,0.233629,41.31,1112.342,111.234,0.82,9.0,0.661,34.1,9.71,2.89,15.12,0.39,5.88,yolo,26.7,0.42,0,72.5,0.0,429.1,0.0,0,100.0
2026-05-21 14:57:39,798,rgb,11,book|chair,0.463,0,31.54,0.0,31.54,1073.622,3.4949,0.242088,41.31,1073.622,97.602,0.85,10.2,0.718,34.04,9.46,2.9,15.32,0.39,5.88,yolo,26.7,0.0,0,70.1,0.0,429.2,0.0,0,90.9
2026-05-21 14:57:40,825,rgb,10,book|chair,0.459,0,33.08,0.0,33.08,1121.081,3.6494,0.250409,41.31,1121.081,112.108,0.81,8.9,0.646,33.89,9.06,2.99,15.49,0.4,5.86,yolo,26.9,0.04,0,73.5,0.0,429.2,0.0,0,100.0
2026-05-21 14:57:41,855,rgb,11,book|chair,0.451,0,33.26,0.0,33.26,1130.175,3.679,0.259788,41.31,1130.175,102.743,0.83,9.7,0.702,33.98,9.0,2.96,15.68,0.41,5.83,yolo,27.7,0.14,0,73.9,0.0,429.2,0.0,0,100.0
2026-05-21 14:57:43,870,rgb,12,book|chair,0.459,0,32.94,0.0,32.94,1120.289,3.6468,0.264484,41.31,1120.289,93.357,0.84,10.7,0.767,34.01,9.15,2.92,15.64,0.43,5.79,yolo,27.7,0.0,0,73.2,0.0,429.2,0.0,0,100.0
2026-05-21 14:57:44,900,rgb,12,book|chair,0.453,0,23.85,0.0,23.85,824.017,2.6823,0.273842,41.31,824.017,68.668,1.16,14.6,0.767,34.55,9.7,2.86,15.64,0.42,5.84,yolo,27.7,2.71,0,53.0,0.0,429.2,0.0,0,91.7
2026-05-21 14:57:45,930,rgb,10,book|chair,0.461,0,32.89,0.0,32.89,1128.127,3.6723,0.280773,41.31,1128.127,112.813,0.88,8.9,0.65,34.3,9.74,2.89,15.39,0.39,5.8,yolo,28.9,0.3,0,73.1,0.0,429.2,0.0,0,100.0
2026-05-21 14:57:46,960,rgb,11,book|chair,0.466,0,31.86,0.0,31.86,1065.398,3.4681,0.289958,41.31,1065.398,96.854,0.84,10.3,0.725,33.44,9.06,2.9,15.18,0.4,5.82,yolo,26.7,0.75,0,70.8,0.0,429.2,0.0,0,100.0
2026-05-21 14:57:47,990,rgb,11,book|chair,0.455,0,32.04,0.0,32.04,1072.699,3.4919,0.298828,41.31,1072.699,97.518,0.9,10.3,0.721,33.48,8.99,2.83,15.26,0.42,5.88,yolo,28.9,0.82,0,71.2,0.0,429.2,0.0,0,100.0
2026-05-21 14:57:48,1020,rgb,12,book|chair,0.45,0,32.76,0.0,32.76,1103.029,3.5906,0.307789,41.31,1103.029,91.919,0.82,10.9,0.794,33.67,9.34,2.87,15.12,0.44,5.81,yolo,26.7,0.93,0,72.8,0.0,429.2,0.0,0,100.0
2026-05-21 14:57:49,1050,rgb,12,book|chair,0.44,0,32.81,0.0,32.81,1098.807,3.5768,0.316972,41.31,1098.807,91.567,0.88,10.9,0.791,33.49,8.97,2.98,15.17,0.44,5.84,yolo,29.0,1.02,0,72.9,0.0,429.3,0.0,0,100.0
2026-05-21 14:57:50,1080,rgb,9,book|chair,0.453,0,34.16,0.0,34.16,1152.558,3.7518,0.326201,41.31,1152.558,128.062,0.7,7.8,0.571,33.74,8.63,2.97,15.75,0.43,5.86,yolo,23.9,2.53,0,75.9,0.0,429.3,0.0,0,100.0
2026-05-21 14:57:51,1107,rgb,10,book|chair,0.469,0,34.16,0.0,34.16,1223.953,3.9842,0.33528,41.31,1223.953,122.395,0.7,8.2,0.603,35.83,9.81,3.0,16.58,0.41,5.94,yolo,23.8,0.05,0,75.9,0.0,429.3,0.0,0,100.0
2026-05-21 14:57:52,1136,rgb,10,book|chair,0.459,0,35.28,0.0,35.28,1253.498,4.0804,0.345365,41.31,1253.498,125.35,0.79,8.0,0.613,35.53,9.89,2.96,16.3,0.39,5.91,yolo,27.7,1.95,0,78.4,0.0,429.3,0.0,0,100.0
2026-05-21 14:57:53,1164,rgb,11,book|chair,0.46,0,33.34,0.0,33.34,1121.558,3.6509,0.354262,41.31,1121.558,101.96,0.84,9.8,0.708,33.64,8.93,2.9,15.54,0.39,5.8,yolo,28.0,0.15,0,74.1,0.0,429.3,0.0,0,100.0
2026-05-21 14:57:54,1171,rgb,12,book|chair,0.455,0,34.97,0.0,34.97,1196.324,3.8943,0.356497,41.31,1196.324,99.694,0.38,10.0,0.776,34.21,9.43,2.99,15.46,0.4,5.84,yolo,13.4,5.11,0,77.7,0.0,429.3,0.0,0,91.7
2026-05-21 14:57:55,1197,rgb,9,book|chair,0.449,0,34.97,0.0,34.97,1261.718,4.1072,0.365438,41.31,1261.718,140.191,0.74,7.1,0.545,36.08,9.94,3.09,16.5,0.44,6.02,yolo,25.8,2.38,0,77.7,0.0,429.3,0.0,0,100.0
2026-05-21 14:57:56,1227,rgb,12,book|chair,0.458,0,27.63,0.0,27.63,978.102,3.1839,0.37386,41.31,978.102,81.508,1.02,12.3,0.728,35.4,9.13,3.18,16.49,0.46,6.03,yolo,28.1,0.41,0,61.4,0.0,429.3,0.0,0,100.0
2026-05-21 14:57:57,1254,rgb,10,book|chair,0.444,0,34.11,0.0,34.11,1197.261,3.8973,0.382716,41.31,1197.261,119.726,0.76,8.4,0.615,35.1,9.33,3.08,16.25,0.44,5.9,yolo,25.9,0.42,0,75.8,0.0,429.2,0.0,0,100.0
2026-05-21 14:57:58,1281,rgb,12,book|chair,0.453,0,34.88,0.0,34.88,1229.869,4.0035,0.391799,41.31,1229.869,102.489,0.76,9.8,0.751,35.26,9.9,2.99,15.98,0.43,5.88,yolo,26.7,0.15,0,77.5,0.0,429.2,0.0,0,91.7
2026-05-21 14:57:59,1310,rgb,11,book|chair,0.444,0,33.39,0.0,33.39,1140.936,3.714,0.401264,41.31,1140.936,103.721,0.87,9.6,0.716,34.17,9.41,3.03,15.36,0.43,5.85,yolo,29.0,0.42,0,74.2,0.0,429.2,0.0,0,100.0
2026-05-21 14:58:00,1337,rgb,10,book|chair,0.453,0,34.47,0.0,34.47,1176.806,3.8307,0.410074,41.31,1176.806,117.681,0.77,8.5,0.635,34.14,8.88,3.08,15.76,0.43,5.9,yolo,26.7,0.43,0,76.6,0.0,429.2,0.0,0,100.0
2026-05-21 14:58:02,1365,rgb,8,book|chair,0.443,0,34.06,0.0,34.06,1151.909,3.7497,0.419089,41.31,1151.909,143.989,0.79,6.9,0.509,33.82,8.64,3.05,15.71,0.41,5.92,yolo,27.0,0.06,0,75.7,0.0,429.2,0.0,0,100.0
2026-05-21 14:58:03,1384,rgb,11,book|chair,0.47,0,35.23,0.0,35.23,1356.003,4.4141,0.425608,41.31,1356.003,123.273,0.54,8.1,0.596,38.49,8.92,3.55,18.45,0.48,6.99,yolo,19.0,1.79,0,78.3,0.0,429.2,0.0,0,100.0
2026-05-21 14:58:04,1404,rgb,10,book|chair,0.467,0,35.23,0.0,35.23,1563.86,5.0907,0.433736,41.31,1563.86,156.386,0.54,6.4,0.459,44.39,9.59,4.07,21.81,0.55,8.23,yolo,19.1,0.02,0,78.3,0.0,429.2,0.0,0,90.0
2026-05-21 14:58:05,1424,rgb,13,person|book|chair|book|chair,0.478,0,36.54,0.0,36.54,1802.884,5.8688,0.443215,41.31,1802.884,138.683,0.54,7.2,0.521,49.34,9.76,4.57,24.95,0.64,9.25,yolo,19.7,0.13,0,81.2,0.0,429.2,0.0,1,100.0
2026-05-21 14:58:06,1440,rgb,12,person|book|chair,0.479,0,36.45,0.0,36.45,1819.949,5.9243,0.45136,41.31,1819.949,151.662,0.54,6.6,0.471,49.93,9.33,4.63,25.46,0.7,9.61,yolo,19.7,0.0,0,81.0,0.0,429.2,0.0,1,100.0
2026-05-21 14:58:07,1461,rgb,10,person|book|chair,0.528,0,36.45,0.0,36.45,1814.846,5.9077,0.461954,41.31,1814.846,181.485,0.52,5.5,0.393,49.79,9.22,4.58,25.44,0.71,9.57,yolo,19.0,1.83,0,81.0,0.0,429.2,0.0,1,100.0
2026-05-21 14:58:08,1478,rgb,10,person|book|chair|tv|person|book|chair,0.516,0,29.48,0.0,29.48,1545.931,5.0323,0.469837,41.31,1545.931,154.593,0.56,6.5,0.358,52.44,9.4,4.59,27.91,0.72,9.51,yolo,16.5,0.59,0,65.5,0.0,429.7,0.0,1,100.0
2026-05-21 14:58:09,1497,rgb,12,tv|person|book|chair|handbag|book|tv|laptop|chair|person|handbag|book|tv|chair|person,0.509,0,29.48,0.0,29.48,1563.324,5.0889,0.478034,41.31,1563.324,130.277,0.63,7.7,0.43,53.03,9.79,4.67,27.92,0.72,9.56,yolo,18.7,0.49,0,65.5,0.0,429.7,0.0,1,100.0
2026-05-21 14:58:10,1517,rgb,11,handbag|book|tv|chair|backpack|person|book|tv|chair|backpack|person|tv|person|book|chair|handbag|book|tv|chair|person,0.494,0,35.46,0.0,35.46,1864.841,6.0704,0.488248,41.31,1864.841,169.531,0.55,5.9,0.398,52.59,9.59,4.71,27.61,0.75,9.55,yolo,19.6,0.2,0,78.8,0.0,429.8,0.0,1,100.0
2026-05-21 14:58:11,1536,rgb,14,book|tv|chair|backpack|person|tv|person|book|chair,0.464,0,32.17,0.0,32.17,1625.228,5.2905,0.497623,41.31,1625.228,116.088,0.54,8.6,0.559,50.52,9.68,4.78,25.03,0.78,9.9,yolo,17.2,0.54,0,71.5,0.0,429.8,0.0,1,100.0
2026-05-21 14:58:12,1554,rgb,9,tv|person|book|chair|person|book|handbag|person|book|chair|book|tv|chair|backpack|person|backpack|person|book,0.536,0,32.17,0.0,32.17,1677.344,5.4601,0.505859,41.31,1677.344,186.372,0.55,5.4,0.344,52.14,10.18,4.77,26.18,0.74,9.91,yolo,17.8,0.14,0,71.5,0.0,429.8,0.0,1,100.0
2026-05-21 14:58:13,1574,rgb,2,backpack|handbag|person|book|person|book|handbag|tv|person|chair|backpack|person|book|person,0.6,0,32.94,0.0,32.94,1704.645,5.549,0.515329,41.31,1704.645,852.322,0.61,1.2,0.077,51.75,10.21,4.71,26.06,0.58,9.82,yolo,20.0,0.48,0,73.2,0.0,428.6,0.0,1,100.0
2026-05-21 14:58:15,1593,rgb,6,person|book|chair|person|chair|person|book|tv|person|chair,0.59,0,33.48,0.0,33.48,1720.202,5.5996,0.52433,41.31,1720.202,286.7,0.53,3.5,0.232,51.38,9.96,4.76,25.83,0.5,9.92,yolo,17.7,0.51,0,74.4,0.0,429.8,0.0,1,100.0
2026-05-21 14:58:16,1614,rgb,6,person|book|chair,0.575,0,33.48,0.0,33.48,1646.546,5.3599,0.534153,41.31,1646.546,274.424,0.6,3.6,0.245,49.18,9.2,4.71,24.48,0.44,9.91,yolo,20.0,0.49,0,74.4,0.0,429.8,0.0,1,100.0
2026-05-21 14:58:17,1634,rgb,4,person|book|chair|person|book|person|chair|person|tv|person|chair,0.663,0,33.44,0.0,33.44,1649.93,5.3709,0.543281,41.31,1649.93,412.483,0.59,2.4,0.164,49.34,9.39,4.8,24.36,0.46,9.91,yolo,19.8,0.04,0,74.3,0.0,430.3,0.0,1,100.0
2026-05-21 14:58:18,1650,rgb,4,person|person|book,0.793,0,33.84,0.0,33.84,1680.494,5.4704,0.550629,41.31,1680.494,420.123,0.59,2.4,0.164,49.66,9.62,4.78,24.46,0.44,9.93,yolo,19.8,0.0,0,75.2,0.0,430.3,0.0,1,100.0
2026-05-21 14:58:19,1671,rgb,6,tv|person|book|chair|person|person|book|person|chair,0.819,0,33.84,0.0,33.84,1690.985,5.5045,0.560498,41.31,1690.985,281.831,0.56,3.5,0.244,49.97,10.08,4.71,24.64,0.37,9.75,yolo,19.1,1.85,0,75.2,0.0,430.3,0.0,1,66.7
2026-05-21 14:58:20,1690,rgb,4,tv|person|book|chair|person|book|chair|person|book|person|chair|tv|person|chair,0.677,0,25.33,0.0,25.33,1279.165,4.1639,0.568128,41.31,1279.165,319.791,0.75,3.1,0.159,50.5,10.19,4.61,25.09,0.38,9.81,yolo,19.1,0.0,0,56.3,0.0,430.9,0.0,1,100.0
2026-05-21 14:58:21,1710,rgb,4,person|book,0.697,0,32.89,0.0,32.89,1640.882,5.3414,0.575315,41.31,1640.882,410.221,0.59,2.4,0.16,49.89,9.83,4.55,24.98,0.37,9.71,yolo,19.3,0.0,0,73.1,0.0,431.4,0.0,1,100.0
2026-05-21 14:58:22,1731,rgb,4,person|book|chair|person|person|book,0.738,0,32.89,0.0,32.89,1611.281,5.2451,0.584778,41.31,1611.281,402.82,0.57,2.5,0.163,48.99,9.11,4.69,24.51,0.37,9.82,yolo,18.7,0.0,0,73.1,0.0,431.4,0.0,1,100.0
2026-05-21 14:58:23,1751,rgb,4,person|book|chair|person|book,0.688,0,33.08,0.0,33.08,1612.981,5.2506,0.593797,41.31,1612.981,403.245,0.63,2.5,0.165,48.76,9.15,4.77,24.31,0.35,9.69,yolo,20.7,0.0,0,73.5,0.0,431.4,0.0,1,100.0
2026-05-21 14:58:24,1770,rgb,3,person|book|chair|person|person|book,0.699,0,32.89,0.0,32.89,1609.308,5.2386,0.602287,41.31,1609.308,536.436,0.56,1.9,0.123,48.93,9.22,4.83,24.32,0.36,9.73,yolo,18.3,0.0,0,73.1,0.0,431.4,0.0,1,100.0
2026-05-21 14:58:25,1791,rgb,3,person|person|book|person|chair,0.762,0,32.89,0.0,32.89,1629.371,5.3039,0.611732,41.31,1629.371,543.124,0.58,1.8,0.122,49.54,9.69,4.81,24.62,0.35,9.59,yolo,18.9,0.36,0,73.1,0.0,431.4,0.0,1,100.0
2026-05-21 14:58:26,1810,rgb,3,person|person|chair,0.792,0,34.47,0.0,34.47,1710.401,5.5677,0.620573,41.31,1710.401,570.134,0.55,1.8,0.122,49.62,9.75,4.83,24.52,0.35,9.7,yolo,19.0,0.02,0,76.6,0.0,431.4,0.0,1,100.0
2026-05-21 14:58:28,1830,rgb,3,person|person|book,0.844,0,35.19,0.0,35.19,1723.254,5.6096,0.630057,41.31,1723.254,574.418,0.54,1.7,0.123,48.97,9.37,4.81,24.35,0.34,9.62,yolo,19.0,0.0,0,78.2,0.0,431.4,0.0,1,100.0
2026-05-21 14:58:29,1851,rgb,3,person|book|chair|person|person|book,0.798,0,35.19,0.0,35.19,1716.568,5.5878,0.640118,41.31,1716.568,572.189,0.56,1.7,0.124,48.78,9.22,4.84,24.17,0.35,9.74,yolo,19.6,0.0,0,78.2,0.0,431.4,0.0,1,100.0
2026-05-21 14:58:30,1860,rgb,4,person|person|book,0.775,0,32.09,0.0,32.09,1566.313,5.0987,0.644365,41.31,1566.313,391.578,0.61,2.6,0.166,48.81,9.26,4.83,24.16,0.34,9.74,yolo,19.6,0.0,0,71.3,0.0,431.4,0.0,1,100.0
2026-05-21 14:58:31,1881,rgb,3,person|book|chair|person|person|book,0.784,0,32.09,0.0,32.09,1561.178,5.082,0.653488,41.31,1561.178,520.393,0.62,1.9,0.123,48.65,9.03,4.72,24.37,0.35,9.71,yolo,19.9,2.53,0,71.3,0.0,431.4,0.0,1,100.0
2026-05-21 14:58:32,1901,rgb,5,person|person|book|person|chair,0.783,0,25.25,0.0,25.25,1244.825,4.0522,0.661143,41.31,1244.825,248.965,0.77,4.0,0.205,49.3,9.69,4.69,24.34,0.35,9.76,yolo,19.5,0.09,0,56.1,0.0,431.4,0.0,1,40.0
2026-05-21 14:58:33,1920,rgb,6,person|book|chair|person|chair,0.665,0,32.17,0.0,32.17,1614.291,5.2549,0.667852,41.31,1614.291,269.048,0.57,3.7,0.237,50.18,9.71,4.6,25.3,0.36,9.74,yolo,18.2,0.29,0,71.5,0.0,431.4,0.0,1,83.3
2026-05-21 14:58:34,1941,rgb,6,person|book|chair|tv|person|book|chair|person|chair,0.634,0,32.17,0.0,32.17,1608.5,5.236,0.677273,41.31,1608.5,268.083,0.6,3.7,0.238,50.0,9.49,4.65,25.26,0.4,9.75,yolo,19.3,0.23,0,71.5,0.0,431.4,0.0,1,83.3
2026-05-21 14:58:35,1961,rgb,4,person|book|chair|person|chair|tv|person|book|chair|tv|person|chair,0.643,0,32.58,0.0,32.58,1624.765,5.2889,0.686268,41.31,1624.765,406.191,0.61,2.5,0.158,49.87,9.16,4.69,25.29,0.44,9.82,yolo,19.8,0.11,0,72.4,0.0,431.4,0.0,1,100.0
2026-05-21 14:58:36,1980,rgb,5,person|chair,0.706,0,33.44,0.0,33.44,1626.522,5.2947,0.694781,41.31,1626.522,325.304,0.59,3.1,0.204,48.64,8.71,4.76,24.55,0.48,9.7,yolo,19.8,0.0,0,74.3,0.0,431.4,0.0,1,100.0
2026-05-21 14:58:37,2001,rgb,5,person|book|chair|person|chair,0.714,0,33.44,0.0,33.44,1647.254,5.3622,0.704294,41.31,1647.254,329.451,0.58,3.0,0.203,49.26,9.13,4.75,24.64,0.46,9.79,yolo,19.4,0.17,0,74.3,0.0,431.4,0.0,1,100.0
2026-05-21 14:58:38,2020,rgb,5,person|chair,0.729,0,35.1,0.0,35.1,1746.927,5.6866,0.713234,41.31,1746.927,349.385,0.53,2.9,0.197,49.77,9.04,4.7,25.41,0.44,9.7,yolo,18.7,0.16,0,78.0,0.0,431.4,0.0,1,100.0
2026-05-21 14:58:39,2040,rgb,5,cell phone|person|chair|person|chair,0.701,0,32.45,0.0,32.45,1631.262,5.3101,0.722943,41.31,1631.262,326.252,0.6,3.1,0.197,50.27,9.45,4.73,25.32,0.43,9.85,yolo,19.3,0.13,0,72.1,0.0,431.4,0.0,1,100.0
2026-05-21 14:58:40,2061,rgb,6,tv|person|chair|tennis racket|person|chair|person|chair,0.676,0,32.45,0.0,32.45,1627.043,5.2964,0.732426,41.31,1627.043,271.174,0.61,3.7,0.237,50.14,9.34,4.76,25.32,0.44,9.78,yolo,19.9,0.18,0,72.1,0.0,431.4,0.0,1,83.3
2026-05-21 14:58:41,2070,rgb,7,tv|tennis racket|person|chair|tv|person|chair,0.656,0,33.84,0.0,33.84,1687.939,5.4946,0.736522,41.31,1687.939,241.134,0.59,4.1,0.279,49.88,9.13,4.8,25.11,0.45,9.89,yolo,19.9,0.0,0,75.2,0.0,432.3,0.0,1,100.0
2026-05-21 14:58:42,2094,rgb,4,person|chair|tv|tennis racket|person|chair,0.677,0,33.84,0.0,33.84,1577.959,5.1366,0.747522,41.31,1577.959,394.49,0.67,2.5,0.175,46.63,10.5,4.1,22.83,0.39,8.35,yolo,22.6,2.84,0,75.2,0.0,432.3,0.0,1,100.0
2026-05-21 14:58:43,2123,rgb,4,person|chair,0.751,0,27.72,0.0,27.72,1084.406,3.53,0.75749,41.31,1084.406,271.101,1.04,3.7,0.214,39.12,10.13,3.22,18.72,0.3,6.4,yolo,28.9,1.15,0,61.6,0.0,432.3,0.0,1,100.0
2026-05-21 14:58:45,2151,rgb,5,person|book|chair|tv|person|chair|person|chair,0.743,0,33.84,0.0,33.84,1130.933,3.6814,0.7665,41.31,1130.933,226.187,0.79,4.4,0.321,33.42,8.5,2.93,15.59,0.25,5.85,yolo,26.8,0.39,0,75.2,0.0,432.3,0.0,1,100.0
2026-05-21 14:58:46,2175,rgb,4,person|book|chair|tennis racket|person|book|chair|person|chair,0.721,0,33.93,0.0,33.93,1226.57,3.9927,0.774326,41.31,1226.57,306.642,0.68,3.3,0.242,36.15,10.06,3.05,16.55,0.26,5.92,yolo,22.9,0.78,0,75.4,0.0,432.3,0.0,1,100.0
2026-05-21 14:58:47,2202,rgb,5,tv|person|chair|tennis racket|person|chair|chair|person|tennis racket|person|chair,0.715,0,38.61,0.0,38.61,1466.408,4.7735,0.784403,41.31,1466.408,293.282,0.65,3.4,0.283,37.98,10.45,3.18,17.67,0.28,6.08,yolo,25.0,0.4,0,85.8,0.0,432.3,0.0,1,80.0
2026-05-21 14:58:48,2226,rgb,4,tv|person|chair|person|chair,0.673,0,37.8,0.0,37.8,1468.908,4.7816,0.794405,41.31,1468.908,367.227,0.61,2.7,0.218,38.86,10.6,3.25,18.34,0.27,6.1,yolo,23.2,0.36,0,84.0,0.0,432.3,0.0,1,100.0
2026-05-21 14:58:49,2253,rgb,5,tennis racket|person|chair|tv|tennis racket|person|chair|person|chair,0.687,0,34.42,0.0,34.42,1286.275,4.1871,0.805008,41.31,1286.275,257.255,0.78,3.9,0.288,37.37,10.52,3.08,17.38,0.26,5.85,yolo,26.8,0.68,0,76.5,0.0,432.3,0.0,1,100.0
2026-05-21 14:58:50,2282,rgb,6,tennis racket|person|book|chair|tennis racket|person|chair|chair|person|tennis racket|tv|tennis racket|person|chair|person|chair,0.682,0,32.71,0.0,32.71,1116.719,3.6352,0.814897,41.31,1116.719,186.12,0.88,5.4,0.383,34.14,9.27,2.9,15.68,0.26,5.75,yolo,28.9,0.38,0,72.7,0.0,432.3,0.0,1,83.3
2026-05-21 14:58:51,2310,rgb,5,tennis racket|person|book|chair|tv|person|book|tennis racket|tv|person|book|chair|person|book|chair|tennis racket|person|chair|person|chair|person,0.62,0,33.84,0.0,33.84,1129.918,3.6781,0.823467,41.31,1129.918,225.984,0.86,4.4,0.319,33.39,8.47,2.86,15.67,0.28,5.82,yolo,28.9,0.0,0,75.2,0.0,432.3,0.0,1,100.0
2026-05-21 14:58:52,2340,rgb,9,tv|person|tennis racket|tennis racket|person|book|chair|person|book|chair|tennis racket|person|chair|tv|tennis racket|person|chair|person|chair|tv|person|chair,0.601,0,34.2,0.0,34.2,1140.228,3.7117,0.832863,41.31,1140.228,126.692,0.8,7.9,0.581,33.34,8.56,2.87,15.48,0.31,5.8,yolo,27.4,0.0,0,76.0,0.0,432.3,0.0,1,100.0
2026-05-21 14:58:53,2370,rgb,9,person|book|chair,0.497,0,33.71,0.0,33.71,1124.903,3.6618,0.842365,41.31,1124.903,124.989,0.83,8.0,0.586,33.37,8.63,2.95,15.35,0.33,5.79,yolo,27.9,0.0,0,74.9,0.0,432.3,0.0,1,88.9
2026-05-21 14:58:54,2400,rgb,6,person|book|chair,0.491,0,32.58,0.0,32.58,1085.24,3.5327,0.851713,41.31,1085.24,180.873,0.86,5.5,0.39,33.31,8.51,2.89,15.37,0.32,5.91,yolo,27.9,0.0,0,72.4,0.0,432.3,0.0,1,100.0
2026-05-21 14:58:55,2430,rgb,6,person|book|chair,0.491,0,33.71,0.0,33.71,1124.566,3.6607,0.860774,41.31,1124.566,187.428,0.83,5.3,0.393,33.36,8.82,2.9,15.25,0.29,5.82,yolo,28.0,0.0,0,74.9,0.0,432.3,0.0,1,100.0
2026-05-21 14:58:56,2460,rgb,8,person|book|chair,0.482,0,33.48,0.0,33.48,1113.88,3.6259,0.870123,41.31,1113.88,139.235,0.83,7.2,0.525,33.27,8.84,2.9,15.24,0.27,5.75,yolo,27.8,0.0,0,74.4,0.0,432.3,0.0,1,87.5
2026-05-21 14:58:58,2490,rgb,7,person|book|chair,0.483,0,33.88,0.0,33.88,1131.253,3.6825,0.879432,41.31,1131.253,161.608,0.85,6.2,0.459,33.39,8.91,2.87,15.24,0.28,5.82,yolo,28.9,0.13,0,75.3,0.0,432.3,0.0,1,100.0
2026-05-21 14:58:59,2520,rgb,7,person|book|chair,0.492,0,25.07,0.0,25.07,853.633,2.7788,0.888875,41.31,853.633,121.948,0.35,8.2,0.447,34.05,9.1,2.98,15.65,0.28,5.8,yolo,8.7,8.93,0,55.7,0.0,432.3,0.0,1,85.7
2026-05-21 14:59:00,2550,rgb,6,person|book|chair,0.484,0,33.21,0.0,33.21,1121.834,3.6518,0.896027,41.31,1121.834,186.972,0.8,5.3,0.379,33.78,8.71,2.98,15.84,0.29,5.74,yolo,26.7,6.71,0,73.8,0.0,432.3,0.0,1,100.0
2026-05-21 14:59:01,2580,rgb,8,person|book|chair,0.488,0,33.75,0.0,33.75,1127.925,3.6716,0.905343,41.31,1127.925,140.991,0.83,7.1,0.511,33.42,8.71,2.86,15.65,0.29,5.7,yolo,28.0,0.48,0,75.0,0.0,432.3,0.0,1,100.0
2026-05-21 14:59:02,2610,rgb,8,person|book|chair|person|book,0.481,0,33.39,0.0,33.39,1119.567,3.6444,0.914763,41.31,1119.567,139.946,0.87,7.1,0.52,33.53,8.97,2.87,15.39,0.28,5.83,yolo,29.0,0.34,0,74.2,0.0,432.3,0.0,1,100.0
2026-05-21 14:59:03,2640,rgb,7,person|book|chair,0.502,0,33.3,0.0,33.3,1114.884,3.6292,0.924095,41.31,1114.884,159.269,0.8,6.3,0.459,33.48,8.88,2.94,15.25,0.3,5.88,yolo,26.7,0.57,0,74.0,0.0,432.4,0.0,1,100.0
2026-05-21 14:59:04,2670,rgb,7,person|book|chair,0.545,0,33.66,0.0,33.66,1129.966,3.6783,0.933402,41.31,1129.966,161.424,0.83,6.2,0.457,33.57,8.95,2.95,15.33,0.3,5.81,yolo,27.9,0.3,0,74.8,0.0,432.4,0.0,1,85.7
2026-05-21 14:59:05,2700,rgb,8,person|book|chair,0.542,0,32.62,0.0,32.62,1088.856,3.5445,0.942759,41.31,1088.856,136.107,0.89,7.3,0.526,33.38,8.97,2.89,15.22,0.31,5.82,yolo,28.9,0.18,0,72.5,0.0,432.4,0.0,1,100.0
2026-05-21 14:59:06,2730,rgb,8,person|book|chair,0.529,0,32.89,0.0,32.89,1101.157,3.5845,0.951846,41.31,1101.157,137.645,0.87,7.3,0.524,33.48,9.09,2.88,15.26,0.31,5.79,yolo,28.8,0.2,0,73.1,0.0,432.4,0.0,1,100.0
2026-05-21 14:59:08,2760,rgb,7,person|book|chair,0.536,0,33.39,0.0,33.39,1120.568,3.6477,0.961057,41.31,1120.568,160.081,0.84,6.2,0.455,33.56,9.07,2.89,15.37,0.3,5.78,yolo,28.1,0.13,0,74.2,0.0,432.4,0.0,1,100.0
2026-05-21 14:59:09,2790,rgb,6,person|book|chair,0.525,0,33.48,0.0,33.48,1140.664,3.7131,0.97047,41.31,1140.664,190.111,0.8,5.3,0.383,34.07,9.27,2.88,15.65,0.31,5.79,yolo,26.7,0.48,0,74.4,0.0,432.4,0.0,1,100.0
2026-05-21 14:59:10,2820,rgb,8,person|book|chair,0.527,0,23.27,0.0,23.27,814.683,2.652,0.980101,41.31,814.683,101.835,0.3,9.8,0.506,35.01,10.02,2.86,15.82,0.3,5.79,yolo,7.0,5.91,0,51.7,0.0,433.2,0.0,0,100.0
2026-05-21 14:59:12,2850,rgb,2,person|book|chair|person|chair,0.545,0,32.94,0.0,32.94,1130.83,3.6811,0.986925,41.31,1130.83,565.415,0.82,1.8,0.132,34.33,10.0,2.86,15.16,0.27,5.81,yolo,27.2,5.04,0,73.2,0.0,433.2,0.0,1,100.0
2026-05-21 14:59:13,2880,rgb,4,person|book|chair|person|chair,0.594,0,33.16,0.0,33.16,1110.528,3.615,0.996131,41.31,1110.528,277.632,0.87,3.6,0.266,33.49,9.33,2.89,15.02,0.21,5.79,yolo,28.8,0.29,0,73.7,0.0,433.2,0.0,1,100.0
2026-05-21 14:59:14,2910,rgb,6,person|book|chair|person|book,0.53,0,34.02,0.0,34.02,1140.01,3.711,1.005386,41.31,1140.01,190.002,0.8,5.3,0.389,33.51,8.88,2.91,15.41,0.21,5.84,yolo,27.2,0.0,0,75.6,0.0,433.2,0.0,1,100.0
2026-05-21 14:59:15,2940,rgb,1,person|book|chair|person|person|book,0.449,0,33.34,0.0,33.34,1116.557,3.6346,1.014865,41.31,1116.557,1116.557,0.84,0.9,0.065,33.49,8.94,2.89,15.41,0.21,5.76,yolo,27.9,0.0,0,74.1,0.0,433.2,0.0,1,0.0
2026-05-21 14:59:16,2970,rgb,9,book|person|book|chair|person|book|person|cup|person,0.479,0,33.75,0.0,33.75,1150.875,3.7463,1.024277,41.31,1150.875,127.875,0.83,7.8,0.583,34.1,9.53,2.87,15.44,0.21,5.69,yolo,28.1,0.02,0,75.0,0.0,433.6,0.0,1,100.0
2026-05-21 14:59:17,3000,rgb,0,person|person|book,0.434,0,33.66,0.0,33.66,1143.43,3.7221,1.033857,41.31,1143.43,1143.43,0.83,0.0,0.0,33.97,9.6,2.9,15.12,0.16,5.81,yolo,28.0,0.02,0,74.8,0.0,433.6,0.0,1,100.0
2026-05-21 14:59:18,3030,rgb,0,—,0.438,0,32.27,0.0,32.27,1074.591,3.498,1.043251,41.31,1074.591,1074.591,0.87,0.0,0.0,33.3,9.62,2.9,14.6,0.04,5.86,yolo,28.0,0.0,0,71.7,0.0,433.6,0.0,1,100.0
2026-05-21 14:59:19,3060,rgb,0,—,0.438,0,33.62,0.0,33.62,1124.253,3.6597,1.052247,41.31,1124.253,1124.253,0.86,0.0,0.0,33.44,9.87,2.88,14.74,0.0,5.71,yolo,29.0,0.25,0,74.7,0.0,433.6,0.0,1,100.0
2026-05-21 14:59:21,3090,rgb,0,—,0.438,0,32.94,0.0,32.94,1106.125,3.6007,1.061642,41.31,1106.125,1106.125,0.81,0.0,0.0,33.58,9.88,2.88,14.99,0.0,5.59,yolo,26.7,0.78,0,73.2,0.0,433.6,0.0,1,100.0
2026-05-21 14:59:22,3120,rgb,0,cat|book,0.447,0,23.89,0.0,23.89,807.243,2.6277,1.070835,41.31,807.243,807.243,0.33,0.0,0.0,33.79,10.02,2.83,15.17,0.01,5.5,yolo,8.0,6.36,0,53.1,0.0,433.6,0.0,1,100.0
2026-05-21 14:59:23,3150,rgb,0,book|chair,0.446,0,32.89,0.0,32.89,1108.393,3.6081,1.077628,41.31,1108.393,1108.393,0.81,0.0,0.0,33.7,10.31,2.81,14.87,0.02,5.42,yolo,26.8,4.69,0,73.1,0.0,433.6,0.0,1,100.0
2026-05-21 14:59:24,3180,rgb,0,—,0.441,0,33.44,0.0,33.44,1124.587,3.6608,1.086839,41.31,1124.587,1124.587,0.86,0.0,0.0,33.63,10.41,2.9,14.56,0.01,5.49,yolo,28.8,0.36,0,74.3,0.0,433.6,0.0,1,100.0
2026-05-21 14:59:25,3210,rgb,1,dining table|book,0.442,0,32.27,0.0,32.27,1082.981,3.5253,1.096193,41.31,1082.981,1082.981,0.86,0.9,0.067,33.56,9.85,2.94,14.92,0.03,5.56,yolo,27.9,0.16,0,71.7,0.0,433.6,0.0,1,100.0
2026-05-21 14:59:26,3240,rgb,2,dining table|book|book,0.44,0,32.4,0.0,32.4,1081.188,3.5195,1.105179,41.31,1081.188,540.594,0.86,1.8,0.134,33.37,9.49,2.9,14.96,0.06,5.7,yolo,27.9,0.0,0,72.0,0.0,433.6,0.0,1,50.0
2026-05-21 14:59:27,3270,rgb,0,book,0.426,0,33.44,0.0,33.44,1114.221,3.627,1.114195,41.31,1114.221,1114.221,0.84,0.0,0.0,33.32,9.44,2.92,14.95,0.06,5.67,yolo,28.1,0.04,0,74.3,0.0,433.7,0.0,1,100.0
2026-05-21 14:59:28,3300,rgb,1,book,0.424,0,33.26,0.0,33.26,1105.562,3.5988,1.123468,41.31,1105.562,1105.562,0.87,0.9,0.067,33.24,9.47,2.93,15.0,0.04,5.56,yolo,28.8,0.17,0,73.9,0.0,433.7,0.0,1,100.0
2026-05-21 14:59:30,3330,rgb,0,book,0.422,0,33.62,0.0,33.62,1126.27,3.6662,1.132724,41.31,1126.27,1126.27,0.8,0.0,0.0,33.5,9.8,2.92,14.94,0.01,5.62,yolo,26.7,0.71,0,74.7,0.0,433.7,0.0,1,100.0
2026-05-21 14:59:31,3360,rgb,2,mouse|laptop|suitcase|scissors|mouse|person|mouse|person|mouse|laptop|keyboard,0.468,0,33.52,0.0,33.52,1148.395,3.7383,1.142246,41.31,1148.395,574.197,0.8,1.7,0.131,34.26,9.92,2.94,15.32,0.06,5.79,yolo,26.8,0.04,0,74.5,0.0,433.7,0.0,1,100.0
2026-05-21 14:59:32,3390,rgb,2,mouse|laptop|keyboard|mouse|laptop,0.679,0,33.12,0.0,33.12,1131.379,3.6829,1.151808,41.31,1131.379,565.689,0.84,1.8,0.131,34.16,9.7,2.87,15.3,0.13,5.88,yolo,27.9,0.47,0,73.6,0.0,433.7,0.0,1,100.0
2026-05-21 14:59:34,3420,rgb,2,mouse|laptop|keyboard|mouse|laptop,0.795,0,24.84,0.0,24.84,850.522,2.7686,1.161211,41.31,850.522,425.261,0.34,2.4,0.127,34.24,9.18,2.91,15.72,0.16,5.99,yolo,8.4,4.86,0,55.2,0.0,433.7,0.0,1,100.0
2026-05-21 14:59:35,3450,rgb,2,mouse|laptop|keyboard|mouse|laptop,0.769,0,34.11,0.0,34.11,1161.445,3.7807,1.168342,41.31,1161.445,580.722,0.82,1.7,0.127,34.05,8.74,3.01,15.75,0.18,6.09,yolo,27.9,0.0,0,75.8,0.0,433.7,0.0,1,100.0
2026-05-21 14:59:36,3480,rgb,2,mouse|laptop,0.781,0,32.81,0.0,32.81,1091.917,3.5544,1.177821,41.31,1091.917,545.958,0.86,1.8,0.131,33.28,8.55,2.96,15.25,0.16,6.07,yolo,28.2,0.0,0,72.9,0.0,433.7,0.0,1,100.0
2026-05-21 14:59:37,3510,rgb,3,mouse|laptop|keyboard|mouse|laptop,0.833,0,33.88,0.0,33.88,1127.865,3.6714,1.186946,41.31,1127.865,375.955,0.82,2.7,0.197,33.29,8.75,2.89,15.21,0.15,6.01,yolo,27.8,0.0,0,75.3,0.0,433.6,0.0,1,100.0
2026-05-21 14:59:38,3540,rgb,2,mouse|laptop|keyboard|mouse|laptop,0.816,0,33.52,0.0,33.52,1117.557,3.6379,1.19634,41.31,1117.557,558.779,0.83,1.8,0.132,33.34,8.98,2.86,15.16,0.15,5.93,yolo,28.0,0.0,0,74.5,0.0,433.7,0.0,1,100.0
2026-05-21 14:59:39,3567,rgb,2,mouse|laptop|keyboard|mouse|laptop,0.827,0,33.52,0.0,33.52,1177.222,3.8321,1.20496,41.31,1177.222,588.611,0.77,1.7,0.12,35.12,9.31,2.83,16.69,0.16,5.89,yolo,25.9,0.42,0,74.5,0.0,433.7,0.0,1,100.0
2026-05-21 14:59:40,3597,rgb,0,mouse|person|mouse|laptop|keyboard|mouse|laptop,0.804,0,32.94,0.0,32.94,1158.17,3.7701,1.214623,41.31,1158.17,1158.17,0.85,0.0,0.0,35.16,9.38,2.86,16.64,0.14,5.9,yolo,27.9,0.36,0,73.2,0.0,433.7,0.0,1,100.0
2026-05-21 14:59:41,3627,rgb,0,cat|person,0.765,0,32.81,0.0,32.81,1097.495,3.5726,1.22401,41.31,1097.495,1097.495,0.85,0.0,0.0,33.45,9.39,2.89,14.98,0.07,5.89,yolo,27.9,0.0,0,72.9,0.0,433.7,0.0,1,100.0
2026-05-21 14:59:42,3657,rgb,1,tv|person,0.734,0,33.44,0.0,33.44,1120.24,3.6466,1.233317,41.31,1120.24,1120.24,0.83,0.9,0.067,33.5,9.65,2.85,14.96,0.02,5.79,yolo,27.8,0.02,0,74.3,0.0,433.7,0.0,1,0.0
2026-05-21 14:59:43,3687,rgb,2,laptop|chair|tv|laptop|tv|laptop,0.687,0,32.81,0.0,32.81,1096.838,3.5704,1.242479,41.31,1096.838,548.419,0.85,1.8,0.134,33.43,9.68,2.84,14.91,0.03,5.69,yolo,28.0,0.04,0,72.9,0.0,433.7,0.0,1,50.0
2026-05-21 14:59:44,3695,rgb,0,chair|laptop|keyboard|laptop|chair,0.593,0,33.93,0.0,33.93,1153.959,3.7564,1.244991,41.31,1153.959,1153.959,0.83,0.0,0.0,34.01,10.0,2.87,15.18,0.04,5.61,yolo,28.0,0.0,0,75.4,0.0,433.7,0.0,1,100.0
2026-05-21 14:59:45,3723,rgb,2,laptop|laptop|chair|chair|laptop|keyboard|tv|laptop|keyboard|laptop|keyboard,0.47,0,24.03,0.0,24.03,817.02,2.6596,1.253605,41.31,817.02,408.51,0.35,2.4,0.131,34.0,9.7,2.9,15.23,0.09,5.72,yolo,8.3,0.0,0,53.4,0.0,433.7,0.0,1,100.0
2026-05-21 14:59:46,3753,rgb,0,tv|tv|laptop|chair|laptop|laptop|keyboard|chair|chair|person,0.442,0,34.38,0.0,34.38,1157.231,3.767,1.26079,41.31,1157.231,1157.231,0.82,0.0,0.0,33.66,9.7,2.93,14.85,0.1,5.71,yolo,28.1,4.94,0,76.4,0.0,433.7,0.0,1,100.0
2026-05-21 14:59:47,3783,rgb,3,refrigerator|bed|cat|person|cat|person,0.428,0,33.26,0.0,33.26,1113.877,3.6259,1.270328,41.31,1113.877,371.292,0.8,2.7,0.201,33.49,9.64,2.94,14.9,0.07,5.6,yolo,26.7,0.42,0,73.9,0.0,433.7,0.0,1,66.7
2026-05-21 14:59:48,3813,rgb,4,cat|person|book|tv|person|person|person|book,0.608,0,32.13,0.0,32.13,1076.355,3.5038,1.279586,41.31,1076.355,269.089,0.87,3.7,0.265,33.5,9.47,2.93,15.1,0.12,5.59,yolo,27.8,0.2,0,71.4,0.0,433.7,0.0,1,75.0
2026-05-21 14:59:49,3840,rgb,2,person|cat|person|book,0.769,0,33.48,0.0,33.48,1142.338,3.7185,1.287785,41.31,1142.338,571.169,0.83,1.8,0.131,34.12,9.88,2.91,15.23,0.16,5.67,yolo,27.8,0.0,0,74.4,0.0,433.7,0.0,1,100.0
2026-05-21 14:59:50,3870,rgb,2,person,0.849,0,33.44,0.0,33.44,1136.291,3.6989,1.297257,41.31,1136.291,568.145,0.81,1.8,0.13,33.98,9.59,2.92,15.36,0.16,5.66,yolo,27.2,0.0,0,74.3,0.0,433.7,0.0,1,100.0
2026-05-21 14:59:52,3900,rgb,2,person,0.891,0,34.02,0.0,34.02,1131.505,3.6833,1.306588,41.31,1131.505,565.753,0.83,1.8,0.131,33.26,8.89,2.96,15.32,0.15,5.62,yolo,28.2,0.0,0,75.6,0.0,433.7,0.0,1,100.0
2026-05-21 14:59:53,3930,rgb,2,person,0.893,0,33.16,0.0,33.16,1107.544,3.6053,1.316041,41.31,1107.544,553.772,0.84,1.8,0.131,33.4,9.01,2.95,15.25,0.16,5.69,yolo,27.9,0.0,0,73.7,0.0,433.7,0.0,1,100.0
2026-05-21 14:59:54,3960,rgb,2,tv|person|person,0.857,0,34.24,0.0,34.24,1148.752,3.7394,1.325296,41.31,1148.752,574.376,0.84,1.7,0.132,33.55,9.24,2.96,15.12,0.17,5.69,yolo,28.9,0.16,0,76.1,0.0,433.7,0.0,1,100.0
2026-05-21 14:59:55,3990,rgb,2,cell phone|person|person,0.825,0,34.2,0.0,34.2,1146.384,3.7317,1.334868,41.31,1146.384,573.192,0.82,1.7,0.132,33.52,9.26,2.94,15.11,0.17,5.67,yolo,28.0,0.16,0,76.0,0.0,433.7,0.0,1,100.0
2026-05-21 14:59:57,4020,rgb,3,bed|cat|person|oven|person|bed|person|person,0.713,0,24.35,0.0,24.35,822.543,2.6775,1.344409,41.31,822.543,274.181,0.33,3.6,0.194,33.78,9.3,2.85,15.46,0.16,5.66,yolo,8.0,8.46,0,54.1,0.0,433.8,0.0,1,100.0
2026-05-21 14:59:58,4050,rgb,4,bottle|tv|person|dining table|bottle|person|bed|person|bed|bottle|person|person|cat|person,0.614,0,34.34,0.0,34.34,1160.005,3.7761,1.351346,41.31,1160.005,290.001,0.78,3.4,0.257,33.78,9.17,2.94,15.58,0.16,5.61,yolo,26.7,6.97,0,76.3,0.0,433.8,0.0,1,50.0
2026-05-21 14:59:59,4080,rgb,2,suitcase|person|bottle|tv|person|person|bottle|person,0.621,0,33.12,0.0,33.12,1106.208,3.6009,1.360917,41.31,1106.208,553.104,0.84,1.8,0.13,33.4,8.86,3.01,15.44,0.15,5.6,yolo,27.8,0.41,0,73.6,0.0,433.8,0.0,1,100.0
2026-05-21 15:00:00,4110,rgb,2,person|surfboard|person,0.763,0,34.29,0.0,34.29,1142.886,3.7203,1.370153,41.31,1142.886,571.443,0.82,1.7,0.13,33.33,8.94,2.93,15.39,0.15,5.56,yolo,28.0,0.07,0,76.2,0.0,433.8,0.0,1,100.0
2026-05-21 15:00:01,4140,rgb,2,person|surfboard|person,0.855,0,34.38,0.0,34.38,1144.166,3.7245,1.37965,41.31,1144.166,572.083,0.84,1.7,0.131,33.28,9.08,2.91,15.27,0.15,5.53,yolo,29.0,0.34,0,76.4,0.0,433.7,0.0,1,100.0
2026-05-21 15:00:02,4170,rgb,2,remote|person|person|surfboard|person,0.852,0,32.62,0.0,32.62,1087.551,3.5402,1.389163,41.31,1087.551,543.775,0.82,1.8,0.132,33.34,9.35,2.83,15.19,0.15,5.51,yolo,26.7,0.57,0,72.5,0.0,433.7,0.0,1,100.0
2026-05-21 15:00:03,4200,rgb,6,bottle|mouse|person|bed|cat|bottle|microwave|person|cat|person|chair|mouse|bottle|microwave|person|sink|person|chair|bottle|microwave|person|person|surfboard|person,0.782,0,33.66,0.0,33.66,1128.62,3.6739,1.398281,41.31,1128.62,188.103,0.83,5.3,0.398,33.53,9.59,2.8,15.06,0.17,5.59,yolo,27.9,0.3,0,74.8,0.0,433.8,0.0,1,66.7
2026-05-21 15:00:04,4230,rgb,5,sink|bottle|microwave|person|cup|person|chair|bed|microwave|person|dining table|microwave|person|knife|sink|bottle|microwave|cup|person|person|dining table|bottle|microwave|person|bottle|microwave|person|mouse|bottle|microwave|person,0.572,0,33.93,0.0,33.93,1139.03,3.7078,1.407712,41.31,1139.03,227.806,0.82,4.4,0.332,33.57,9.34,2.91,15.07,0.18,5.73,yolo,28.0,0.02,0,75.4,0.0,433.8,0.0,1,40.0
2026-05-21 15:00:05,4260,rgb,4,cup|person|chair|bottle|person|chair|bed|oven|microwave|person|bottle|microwave|person|person|chair|person|bottle|person,0.547,0,33.57,0.0,33.57,1123.588,3.6575,1.417165,41.31,1123.588,280.897,0.86,3.6,0.265,33.47,9.27,2.89,15.12,0.19,5.68,yolo,29.0,0.18,0,74.6,0.0,433.8,0.0,1,100.0
2026-05-21 15:00:07,4290,rgb,2,bed|oven|microwave|person|dining table|person|refrigerator|microwave|person|person|laptop|bed|bottle|person,0.595,0,36.27,0.0,36.27,1209.605,3.9375,1.426538,41.31,1209.605,604.803,0.75,1.7,0.129,33.35,8.58,2.95,15.47,0.17,5.82,yolo,27.2,0.0,0,80.6,0.0,433.8,0.0,1,100.0
2026-05-21 15:00:08,4320,rgb,2,laptop|cup|microwave|laptop|laptop|cat|laptop|person|laptop,0.687,0,23.94,0.0,23.94,821.142,2.673,1.436755,41.31,821.142,410.571,1.15,2.4,0.127,34.3,9.11,2.99,15.74,0.14,5.92,yolo,27.5,1.87,0,53.2,0.0,433.8,0.0,1,100.0
2026-05-21 15:00:09,4350,rgb,3,person|laptop|cup|laptop|cup|microwave|laptop|bottle|person|laptop|laptop|cat|laptop|bottle|person|laptop|cup|tv|person|laptop,0.616,0,33.08,0.0,33.08,1153.83,3.756,1.443772,41.31,1153.83,384.61,0.81,2.6,0.191,34.88,10.0,2.88,15.7,0.13,5.77,yolo,26.9,0.2,0,73.5,0.0,433.8,0.0,1,66.7
2026-05-21 15:00:10,4380,rgb,2,microwave|laptop|cup|tv|laptop|bottle|tv|tv|laptop|tv|person|laptop|tv|cup|bottle|laptop,0.504,0,33.39,0.0,33.39,1132.923,3.6879,1.453176,41.31,1132.923,566.462,0.87,1.8,0.131,33.93,9.5,2.89,15.26,0.13,5.72,yolo,28.9,0.75,0,74.2,0.0,433.8,0.0,1,50.0
2026-05-21 15:00:11,4410,rgb,2,laptop|cup|bottle|laptop|cup|bottle|laptop,0.55,0,33.52,0.0,33.52,1125.937,3.6652,1.462539,41.31,1125.937,562.968,0.8,1.8,0.133,33.59,9.3,2.98,15.08,0.13,5.68,yolo,26.7,0.93,0,74.5,0.0,433.8,0.0,1,100.0
2026-05-21 15:00:12,4440,rgb,2,person|laptop|cup|laptop|cup|laptop|bottle|laptop|cup|bottle|laptop,0.614,0,33.16,0.0,33.16,1112.518,3.6215,1.471908,41.31,1112.518,556.259,0.87,1.8,0.133,33.55,9.21,2.99,15.0,0.13,5.79,yolo,28.9,0.97,0,73.7,0.0,433.8,0.0,1,100.0
2026-05-21 15:00:13,4470,rgb,3,person|laptop|cup|microwave|laptop|cup|laptop|cup|bottle|mouse|laptop|cup|laptop|bottle|laptop|cup|person|laptop|bottle|person|laptop|cup,0.562,0,33.66,0.0,33.66,1126.937,3.6684,1.481166,41.31,1126.937,375.646,0.79,2.7,0.201,33.48,9.11,2.94,14.96,0.13,5.9,yolo,26.6,1.08,0,74.8,0.0,433.8,0.0,1,66.7
2026-05-21 15:00:15,4500,rgb,3,laptop|cup|microwave|laptop|cup|bottle|laptop|cup|bottle|microwave|laptop|cup,0.572,0,33.44,0.0,33.44,1115.224,3.6303,1.490538,41.31,1115.224,371.741,0.84,2.7,0.197,33.35,8.79,2.93,15.25,0.15,5.8,yolo,28.0,0.66,0,74.3,0.0,433.8,0.0,1,100.0
2026-05-21 15:00:16,4530,rgb,0,laptop|cup|bottle|laptop|cup|microwave|bottle|laptop|chair|person,0.55,0,33.93,0.0,33.93,1134.28,3.6923,1.499871,41.31,1134.28,1134.28,0.85,0.0,0.0,33.43,8.96,2.86,15.33,0.12,5.74,yolo,28.9,0.43,0,75.4,0.0,433.8,0.0,1,100.0
2026-05-21 15:00:17,4560,rgb,0,horse|cat,0.523,0,33.75,0.0,33.75,1133.662,3.6903,1.509327,41.31,1133.662,1133.662,0.79,0.0,0.0,33.59,9.55,2.87,15.11,0.06,5.64,yolo,26.7,1.09,0,75.0,0.0,433.8,0.0,1,100.0
2026-05-21 15:00:18,4590,rgb,0,—,0.513,0,32.67,0.0,32.67,1089.871,3.5478,1.51869,41.31,1089.871,1089.871,0.86,0.0,0.0,33.36,9.78,2.84,15.01,0.02,5.41,yolo,28.0,0.64,0,72.6,0.0,433.8,0.0,1,100.0
2026-05-21 15:00:20,4620,rgb,0,dog|cat|cell phone|cat|chair,0.483,0,23.85,0.0,23.85,807.561,2.6288,1.527816,41.31,807.561,807.561,1.18,0.0,0.0,33.86,10.06,2.84,15.2,0.03,5.44,yolo,28.2,3.03,0,53.0,0.0,433.8,0.0,1,100.0
2026-05-21 15:00:21,4650,rgb,1,cat|chair,0.473,0,33.39,0.0,33.39,1134.592,3.6933,1.534652,41.31,1134.592,1134.592,0.84,0.9,0.066,33.98,10.1,2.96,15.14,0.03,5.49,yolo,27.9,0.05,0,74.2,0.0,433.8,0.0,1,0.0
2026-05-21 15:00:22,4680,rgb,3,cat|toilet|chair,0.466,0,32.58,0.0,32.58,1090.778,3.5507,1.543987,41.31,1090.778,363.593,0.86,2.8,0.2,33.48,9.9,2.92,15.0,0.04,5.38,yolo,28.0,0.02,0,72.4,0.0,433.8,0.0,1,100.0
2026-05-21 15:00:23,4710,rgb,3,tv|chair|chair,0.592,0,33.93,0.0,33.93,1137.334,3.7023,1.55311,41.31,1137.334,379.111,0.82,2.6,0.199,33.52,9.67,2.91,15.08,0.1,5.55,yolo,27.8,0.04,0,75.4,0.0,433.8,0.0,1,66.7
2026-05-21 15:00:24,4740,rgb,3,couch|tv|chair|tv|chair,0.63,0,32.94,0.0,32.94,1104.808,3.5964,1.562599,41.31,1104.808,368.269,0.88,2.7,0.198,33.54,9.46,2.92,15.12,0.16,5.66,yolo,29.0,0.3,0,73.2,0.0,433.8,0.0,1,100.0
2026-05-21 15:00:25,4770,rgb,4,couch|tv|chair|tv|chair,0.625,0,32.85,0.0,32.85,1102.117,3.5876,1.571807,41.31,1102.117,275.529,0.82,3.6,0.267,33.55,9.8,2.83,15.0,0.18,5.53,yolo,26.8,0.75,0,73.0,0.0,433.8,0.0,1,100.0
2026-05-21 15:00:26,4800,rgb,4,couch|tv|chair|tv|chair,0.602,0,33.39,0.0,33.39,1115.226,3.6303,1.580943,41.31,1115.226,278.807,0.83,3.6,0.268,33.4,9.68,2.82,14.94,0.18,5.56,yolo,27.8,0.34,0,74.2,0.0,433.7,0.0,1,100.0
2026-05-21 15:00:27,4830,rgb,3,couch|tv|chair|tv|chair,0.61,0,34.24,0.0,34.24,1141.904,3.7171,1.590239,41.31,1141.904,380.635,0.84,2.6,0.196,33.35,9.0,2.89,15.3,0.19,5.72,yolo,28.9,0.41,0,76.1,0.0,433.7,0.0,1,100.0
2026-05-21 15:00:28,4860,rgb,4,couch|tv|chair|tv|chair,0.58,0,32.94,0.0,32.94,1097.89,3.5739,1.599746,41.31,1097.89,274.473,0.81,3.6,0.259,33.33,8.76,2.92,15.47,0.2,5.71,yolo,26.8,0.89,0,73.2,0.0,433.7,0.0,1,75.0
2026-05-21 15:00:30,4890,rgb,4,couch|tv|chair|tv|chair,0.583,0,33.84,0.0,33.84,1131.271,3.6825,1.608931,41.31,1131.271,282.818,0.82,3.5,0.261,33.43,8.96,2.96,15.3,0.2,5.74,yolo,27.9,0.47,0,75.2,0.0,433.7,0.0,1,100.0
2026-05-21 15:00:31,4920,rgb,4,couch|tv|chair|tv|chair,0.579,0,26.05,0.0,26.05,890.129,2.8976,1.618457,41.31,890.129,222.532,0.32,4.5,0.255,34.17,9.22,2.98,15.7,0.2,5.81,yolo,8.4,4.86,0,57.9,0.0,433.7,0.0,1,100.0
2026-05-21 15:00:32,4950,rgb,3,couch|tv|chair|tv|chair,0.603,0,36.23,0.0,36.23,1255.007,4.0853,1.626053,41.31,1255.007,418.336,0.76,2.4,0.188,34.64,9.52,2.94,16.0,0.19,5.78,yolo,27.5,3.68,0,80.5,0.0,433.8,0.0,1,100.0
2026-05-21 15:00:33,4980,rgb,3,couch|tv|chair|tv|chair,0.596,0,32.4,0.0,32.4,1100.304,3.5817,1.636298,41.31,1100.304,366.768,0.86,2.7,0.196,33.96,9.82,2.81,15.31,0.18,5.7,yolo,27.9,0.07,0,72.0,0.0,433.8,0.0,0,100.0
2026-05-21 15:00:34,5010,rgb,3,couch|tv|chair|tv|chair,0.593,0,31.99,0.0,31.99,1070.705,3.4854,1.645349,41.31,1070.705,356.902,0.9,2.8,0.205,33.47,9.96,2.83,14.66,0.18,5.73,yolo,28.9,0.25,0,71.1,0.0,433.8,0.0,0,100.0
2026-05-21 15:00:35,5040,rgb,4,couch|tv|chair|tv|chair,0.604,0,31.72,0.0,31.72,1066.109,3.4704,1.6543,41.31,1066.109,266.527,0.84,3.8,0.272,33.61,10.0,2.88,14.7,0.18,5.77,yolo,26.7,0.75,0,70.5,0.0,433.8,0.0,0,75.0
2026-05-21 15:00:36,5070,rgb,4,couch|tv|chair|tv|chair,0.595,0,32.4,0.0,32.4,1086.372,3.5364,1.663186,41.31,1086.372,271.593,0.89,3.7,0.271,33.53,9.92,2.87,14.77,0.17,5.71,yolo,28.9,0.82,0,72.0,0.0,433.8,0.0,0,100.0
2026-05-21 15:00:37,5100,rgb,4,couch|tv|chair|tv|chair,0.579,0,32.67,0.0,32.67,1095.752,3.5669,1.672243,41.31,1095.752,273.938,0.82,3.7,0.276,33.54,10.18,2.86,14.51,0.17,5.74,yolo,26.8,0.89,0,72.6,0.0,433.8,0.0,0,100.0
2026-05-21 15:00:39,5130,rgb,4,couch|tv|chair|tv|chair,0.579,0,31.72,0.0,31.72,1081.335,3.52,1.681382,41.31,1081.335,270.334,0.89,3.7,0.275,34.09,10.82,2.8,14.54,0.17,5.68,yolo,28.1,0.57,0,70.5,0.0,433.8,0.0,0,100.0
2026-05-21 15:00:40,5160,rgb,4,couch|tv|chair|tv|chair,0.614,0,33.26,0.0,33.26,1129.177,3.6757,1.690378,41.31,1129.177,282.294,0.8,3.5,0.273,33.95,10.52,2.83,14.66,0.17,5.68,yolo,26.6,0.71,0,73.9,0.0,433.8,0.0,0,75.0
2026-05-21 15:00:41,5190,rgb,4,couch|tv|chair|tv|chair,0.614,0,32.67,0.0,32.67,1091.831,3.5541,1.699745,41.31,1091.831,272.958,0.89,3.7,0.273,33.42,9.88,2.89,14.67,0.17,5.74,yolo,29.0,1.16,0,72.6,0.0,433.8,0.0,0,100.0
2026-05-21 15:00:43,5220,rgb,4,couch|tv|chair|tv|chair,0.616,0,23.4,0.0,23.4,804.024,2.6173,1.708976,41.31,804.024,201.006,1.18,5.0,0.264,34.36,10.31,2.89,15.17,0.17,5.72,yolo,27.6,3.23,0,52.0,0.0,433.8,0.0,0,75.0
2026-05-21 15:00:44,5250,rgb,4,couch|tv|chair|tv|chair,0.622,0,32.45,0.0,32.45,1115.956,3.6327,1.715777,41.31,1115.956,278.989,0.86,3.6,0.262,34.39,10.32,2.83,15.25,0.16,5.74,yolo,28.0,0.07,0,72.1,0.0,433.8,0.0,0,75.0
2026-05-21 15:00:45,5280,rgb,4,couch|tv|chair|tv|chair,0.606,0,32.27,0.0,32.27,1104.602,3.5957,1.724942,41.31,1104.602,276.151,0.83,3.6,0.266,34.23,10.41,2.82,15.03,0.16,5.73,yolo,26.8,0.41,0,71.7,0.0,433.8,0.0,0,100.0
2026-05-21 15:00:46,5310,rgb,3,couch|tv|chair|tv|chair,0.6,0,31.82,0.0,31.82,1091.108,3.5518,1.734132,41.31,1091.108,363.703,0.88,2.7,0.2,34.29,10.46,2.84,14.98,0.17,5.75,yolo,28.0,0.41,0,70.7,0.0,433.8,0.0,0,100.0
2026-05-21 15:00:47,5340,rgb,4,couch|tv|chair|tv|chair,0.619,0,32.17,0.0,32.17,1076.087,3.5029,1.743127,41.31,1076.087,269.022,0.9,3.7,0.27,33.45,9.87,2.79,14.8,0.17,5.75,yolo,28.8,0.3,0,71.5,0.0,433.8,0.0,0,100.0
2026-05-21 15:00:48,5370,rgb,4,couch|tv|chair|tv|chair,0.6,0,31.99,0.0,31.99,1066.867,3.4729,1.752108,41.31,1066.867,266.717,0.84,3.7,0.271,33.35,9.91,2.83,14.74,0.17,5.62,yolo,26.7,0.89,0,71.1,0.0,433.8,0.0,0,100.0
2026-05-21 15:00:49,5400,rgb,3,couch|tv|chair|tv|chair,0.592,0,32.04,0.0,32.04,1074.942,3.4992,1.761041,41.31,1074.942,358.314,0.87,2.8,0.204,33.55,10.14,2.86,14.7,0.18,5.6,yolo,27.9,0.51,0,71.2,0.0,433.8,0.0,0,100.0
2026-05-21 15:00:50,5430,rgb,3,couch|tv|chair|tv|chair,0.611,0,32.31,0.0,32.31,1081.416,3.5202,1.769957,41.31,1081.416,360.472,0.87,2.8,0.205,33.47,10.11,2.77,14.64,0.18,5.69,yolo,28.1,0.08,0,71.8,0.0,433.8,0.0,0,100.0
2026-05-21 15:00:51,5460,rgb,4,couch|tv|chair|tv|chair,0.628,0,32.17,0.0,32.17,1078.66,3.5113,1.778974,41.31,1078.66,269.665,0.9,3.7,0.272,33.53,10.16,2.74,14.68,0.17,5.69,yolo,28.9,0.35,0,71.5,0.0,433.8,0.0,0,100.0
2026-05-21 15:00:53,5490,rgb,3,couch|tv|chair|tv|chair,0.615,0,32.67,0.0,32.67,1095.752,3.5669,1.787949,41.31,1095.752,365.251,0.82,2.7,0.202,33.54,9.84,2.85,14.88,0.16,5.72,yolo,26.8,0.99,0,72.6,0.0,433.8,0.0,0,100.0
2026-05-21 15:00:54,5520,rgb,3,couch|tv|chair|tv|chair,0.613,0,23.62,0.0,23.62,794.813,2.5873,1.797043,41.31,794.813,264.938,1.21,3.8,0.196,33.65,9.45,2.86,15.27,0.18,5.81,yolo,28.6,3.46,0,52.5,0.0,433.8,0.0,0,100.0
2026-05-21 15:00:55,5550,rgb,4,couch|tv|chair|tv|chair,0.593,0,32.4,0.0,32.4,1092.852,3.5575,1.803773,41.31,1092.852,273.213,0.86,3.7,0.266,33.73,9.76,2.86,15.04,0.19,5.79,yolo,27.9,0.13,0,72.0,0.0,433.8,0.0,0,100.0
2026-05-21 15:00:56,5580,rgb,4,couch|tv|chair|tv|chair,0.61,0,32.36,0.0,32.36,1085.678,3.5341,1.812829,41.31,1085.678,271.42,0.86,3.7,0.273,33.55,10.03,2.93,14.64,0.17,5.68,yolo,28.0,0.02,0,71.9,0.0,433.8,0.0,0,75.0
2026-05-21 15:00:57,5610,rgb,3,couch|tv|chair|tv|chair,0.611,0,32.4,0.0,32.4,1090.584,3.5501,1.821904,41.31,1090.584,363.528,0.89,2.8,0.202,33.66,10.0,2.9,14.85,0.18,5.65,yolo,28.9,0.22,0,72.0,0.0,433.8,0.0,0,100.0
2026-05-21 15:00:58,5640,rgb,3,couch|tv|chair|tv|chair,0.622,0,32.62,0.0,32.62,1098.315,3.5752,1.830978,41.31,1098.315,366.105,0.82,2.7,0.204,33.67,10.36,2.78,14.68,0.17,5.6,yolo,26.7,0.75,0,72.5,0.0,433.8,0.0,0,100.0
2026-05-21 15:00:59,5670,rgb,3,couch|tv|chair|tv|chair,0.634,0,32.58,0.0,32.58,1092.082,3.555,1.840105,41.31,1092.082,364.027,0.89,2.7,0.207,33.52,10.33,2.8,14.51,0.16,5.63,yolo,28.9,0.82,0,72.4,0.0,433.8,0.0,0,100.0
2026-05-21 15:01:01,5700,rgb,4,couch|tv|chair|tv|chair,0.633,0,33.79,0.0,33.79,1150.212,3.7442,1.849291,41.31,1150.212,287.553,0.79,3.5,0.267,34.04,10.12,2.94,14.96,0.17,5.76,yolo,26.7,0.97,0,75.1,0.0,433.8,0.0,0,100.0
2026-05-21 15:01:02,5730,rgb,3,couch|tv|chair|tv|chair,0.602,0,32.17,0.0,32.17,1097.319,3.572,1.858866,41.31,1097.319,365.773,0.83,2.7,0.2,34.11,10.34,2.9,15.0,0.16,5.63,yolo,26.8,0.05,0,71.5,0.0,433.8,0.0,0,100.0
2026-05-21 15:01:03,5760,rgb,4,couch|tv|chair|tv|chair,0.608,0,32.4,0.0,32.4,1086.048,3.5353,1.867939,41.31,1086.048,271.512,0.89,3.7,0.271,33.52,10.12,2.87,14.78,0.17,5.5,yolo,28.9,1.01,0,72.0,0.0,433.8,0.0,0,100.0
2026-05-21 15:01:04,5790,rgb,5,couch|tv|chair|tv|chair,0.594,0,32.36,0.0,32.36,1083.089,3.5257,1.876988,41.31,1083.089,216.618,0.83,4.6,0.339,33.47,9.95,2.87,14.77,0.17,5.63,yolo,26.7,1.09,0,71.9,0.0,433.8,0.0,0,100.0
2026-05-21 15:01:06,5820,rgb,3,couch|tv|chair|tv|chair,0.615,0,23.13,0.0,23.13,771.386,2.511,1.885898,41.31,771.386,257.129,0.48,3.9,0.201,33.35,9.74,2.79,14.91,0.16,5.66,yolo,11.2,0.0,0,51.4,0.0,433.8,0.0,0,100.0
2026-05-21 15:01:07,5850,rgb,4,couch|tv|chair|tv|chair,0.6,0,32.22,0.0,32.22,1076.792,3.5052,1.892408,41.31,1076.792,269.198,0.9,3.7,0.264,33.42,9.56,2.79,15.17,0.17,5.64,yolo,29.0,0.18,0,71.6,0.0,433.8,0.0,0,100.0
2026-05-21 15:01:08,5880,rgb,3,couch|tv|chair|tv|chair,0.593,0,32.4,0.0,32.4,1094.472,3.5627,1.901482,41.31,1094.472,364.824,0.83,2.7,0.202,33.78,10.1,2.84,14.88,0.18,5.7,yolo,26.9,0.71,0,72.0,0.0,433.8,0.0,0,100.0
2026-05-21 15:01:09,5910,rgb,4,couch|tv|chair|tv|chair,0.593,0,32.17,0.0,32.17,1086.059,3.5353,1.910632,41.31,1086.059,271.515,0.87,3.7,0.27,33.76,10.07,2.87,14.83,0.18,5.74,yolo,27.9,0.34,0,71.5,0.0,433.8,0.0,0,100.0
2026-05-21 15:01:10,5940,rgb,4,couch|tv|chair|tv|chair,0.574,0,33.12,0.0,33.12,1115.482,3.6311,1.919657,41.31,1115.482,278.87,0.87,3.6,0.266,33.68,9.78,2.84,15.02,0.19,5.76,yolo,29.0,0.41,0,73.6,0.0,433.8,0.0,0,100.0
2026-05-21 15:01:11,5970,rgb,4,couch|tv|chair|tv|chair,0.593,0,33.21,0.0,33.21,1122.166,3.6529,1.928955,41.31,1122.166,280.541,0.8,3.6,0.267,33.79,9.96,2.86,14.96,0.19,5.74,yolo,26.6,1.02,0,73.8,0.0,433.8,0.0,0,75.0
2026-05-21 15:01:12,6000,rgb,3,couch|tv|chair|tv|chair,0.612,0,31.86,0.0,31.86,1072.726,3.4919,1.938274,41.31,1072.726,357.575,0.88,2.8,0.202,33.67,9.86,2.93,14.82,0.18,5.79,yolo,28.1,0.63,0,70.8,0.0,433.8,0.0,0,100.0
2026-05-21 15:01:13,6030,rgb,4,couch|tv|chair|tv|chair,0.615,0,32.09,0.0,32.09,1075.978,3.5025,1.947203,41.31,1075.978,268.995,0.9,3.7,0.272,33.53,9.9,2.89,14.71,0.17,5.78,yolo,28.8,0.31,0,71.3,0.0,433.8,0.0,0,100.0
2026-05-21 15:01:14,6060,rgb,4,couch|tv|chair|tv|chair,0.623,0,31.46,0.0,31.46,1055.483,3.4358,1.956159,41.31,1055.483,263.871,0.85,3.8,0.271,33.55,10.04,2.84,14.77,0.16,5.65,yolo,26.8,0.94,0,69.9,0.0,433.8,0.0,0,100.0
2026-05-21 15:01:16,6090,rgb,4,couch|tv|chair|tv|chair,0.586,0,33.03,0.0,33.03,1104.523,3.5955,1.964951,41.31,1104.523,276.131,0.87,3.6,0.27,33.44,9.8,2.84,14.82,0.17,5.73,yolo,28.8,0.96,0,73.4,0.0,433.8,0.0,0,100.0
2026-05-21 15:01:17,6120,rgb,4,couch|tv|chair|tv|chair,0.596,0,23.04,0.0,23.04,769.766,2.5057,1.974075,41.31,769.766,192.441,0.41,5.2,0.269,33.41,9.63,2.88,14.86,0.17,5.78,yolo,9.6,0.0,0,51.2,0.0,433.8,0.0,0,100.0
2026-05-21 15:01:18,6150,rgb,3,couch|tv|chair|tv|chair,0.602,0,35.05,0.0,35.05,1178.031,3.8347,1.980632,41.31,1178.031,392.677,0.82,2.5,0.2,33.61,9.65,2.94,15.03,0.17,5.72,yolo,28.9,0.16,0,77.9,0.0,433.8,0.0,0,100.0
2026-05-21 15:01:19,6178,rgb,4,couch|tv|chair|tv|chair,0.593,0,35.05,0.0,35.05,1221.843,3.9774,1.98993,41.31,1221.843,305.461,0.73,3.3,0.251,34.86,9.52,3.13,15.96,0.19,5.96,yolo,25.6,0.85,0,77.9,0.0,433.8,0.0,0,100.0
2026-05-21 15:01:20,6207,rgb,3,couch|tv|chair|tv|chair,0.596,0,38.21,0.0,38.21,1328.18,4.3235,2.000591,41.31,1328.18,442.727,0.73,2.3,0.184,34.76,9.06,3.14,16.29,0.2,5.96,yolo,28.1,0.46,0,84.9,0.0,433.8,0.0,0,100.0
2026-05-21 15:01:21,6234,rgb,3,couch|tv|chair|tv|chair,0.594,0,36.18,0.0,36.18,1223.969,3.9843,2.010056,41.31,1223.969,407.99,0.74,2.5,0.186,33.83,8.5,3.05,16.15,0.19,5.85,yolo,26.8,0.25,0,80.4,0.0,433.8,0.0,0,100.0
2026-05-21 15:01:22,6261,rgb,3,couch|tv|chair|tv|chair,0.611,0,36.45,0.0,36.45,1250.235,4.0698,2.019322,41.31,1250.235,416.745,0.74,2.4,0.186,34.3,9.0,3.01,16.1,0.19,5.92,yolo,26.8,0.0,0,81.0,0.0,433.8,0.0,0,100.0
2026-05-21 15:01:23,6291,rgb,4,couch|tv|chair|tv|chair,0.608,0,35.59,0.0,35.59,1211.84,3.9448,2.029499,41.31,1211.84,302.96,0.79,3.3,0.266,34.05,10.07,2.93,15.06,0.18,5.72,yolo,28.0,0.22,0,79.1,0.0,433.8,0.0,0,75.0
2026-05-21 15:01:24,6321,rgb,3,couch|tv|chair|tv|chair,0.593,0,33.21,0.0,33.21,1116.852,3.6356,2.039091,41.31,1116.852,372.284,0.84,2.7,0.213,33.63,10.97,2.8,14.09,0.17,5.51,yolo,28.1,0.02,0,73.8,0.0,433.8,0.0,0,100.0
2026-05-21 15:01:25,6350,rgb,3,couch|tv|chair|tv|chair,0.59,0,31.91,0.0,31.91,1079.834,3.5151,2.047864,41.31,1079.834,359.945,0.9,2.8,0.215,33.84,11.43,2.76,13.95,0.17,5.44,yolo,28.8,0.13,0,70.9,0.0,433.8,0.0,0,100.0
2026-05-21 15:01:26,6378,rgb,4,couch|tv|chair|tv|chair,0.587,0,32.22,0.0,32.22,1092.902,3.5576,2.05632,41.31,1092.902,273.226,0.83,3.7,0.289,33.92,11.5,2.81,13.85,0.17,5.51,yolo,26.9,0.35,0,71.6,0.0,433.8,0.0,0,75.0
2026-05-21 15:01:27,6390,rgb,4,couch|tv|chair|tv|chair,0.607,0,32.53,0.0,32.53,1102.442,3.5887,2.059963,41.31,1102.442,275.611,0.83,3.6,0.289,33.89,11.42,2.78,13.83,0.17,5.6,yolo,26.9,0.0,0,72.3,0.0,433.8,0.0,0,100.0
2026-05-21 15:01:29,6420,rgb,4,couch|tv|chair|tv|chair,0.622,0,22.68,0.0,22.68,761.821,2.4799,2.068996,41.31,761.821,190.455,0.5,5.3,0.286,33.59,11.08,2.73,13.98,0.16,5.55,yolo,11.3,0.0,0,50.4,0.0,433.8,0.0,0,100.0
2026-05-21 15:01:30,6450,rgb,4,couch|tv|chair|tv|chair,0.602,0,31.82,0.0,31.82,1066.606,3.472,2.075422,41.31,1066.606,266.651,0.91,3.8,0.288,33.52,11.16,2.74,13.87,0.16,5.49,yolo,28.9,0.16,0,70.7,0.0,433.8,0.0,0,100.0
2026-05-21 15:01:31,6480,rgb,3,couch|tv|chair|tv|chair,0.59,0,36.04,0.0,36.04,1219.233,3.9689,2.084421,41.31,1219.233,406.411,0.8,2.5,0.211,33.83,10.92,2.86,14.19,0.18,5.6,yolo,28.8,0.02,0,80.1,0.0,433.8,0.0,0,100.0
2026-05-21 15:01:32,6510,rgb,3,couch|tv|chair|tv|chair,0.601,0,34.24,0.0,34.24,1160.394,3.7773,2.094594,41.31,1160.394,386.798,0.78,2.6,0.204,33.89,10.16,3.02,14.7,0.18,5.72,yolo,26.7,0.71,0,76.1,0.0,433.8,0.0,0,100.0
2026-05-21 15:01:33,6540,rgb,3,couch|tv|chair|tv|chair,0.607,0,31.99,0.0,31.99,1081.582,3.5208,2.104221,41.31,1081.582,360.527,0.87,2.8,0.211,33.81,10.8,2.91,14.24,0.17,5.6,yolo,27.9,0.41,0,71.1,0.0,433.8,0.0,0,100.0
2026-05-21 15:01:34,6570,rgb,3,couch|tv|chair|tv|chair,0.611,0,32.45,0.0,32.45,1100.38,3.582,2.113247,41.31,1100.38,366.793,0.86,2.7,0.216,33.91,11.6,2.7,13.89,0.16,5.49,yolo,28.1,0.07,0,72.1,0.0,433.9,0.0,0,100.0
2026-05-21 15:01:35,6600,rgb,3,couch|tv|chair|tv|chair,0.629,0,32.04,0.0,32.04,1086.797,3.5377,2.122402,41.31,1086.797,362.266,0.9,2.8,0.215,33.92,11.47,2.73,13.95,0.17,5.53,yolo,28.9,0.3,0,71.2,0.0,433.9,0.0,0,100.0
2026-05-21 15:01:36,6630,rgb,5,couch|tv|chair|tv|chair,0.632,0,33.66,0.0,33.66,1141.411,3.7155,2.13146,41.31,1141.411,228.282,0.79,4.4,0.353,33.91,11.03,2.83,14.16,0.18,5.62,yolo,26.5,1.02,0,74.8,0.0,433.9,0.0,0,80.0
2026-05-21 15:01:37,6660,rgb,4,couch|tv|chair|tv|chair,0.603,0,34.92,0.0,34.92,1176.106,3.8285,2.140942,41.31,1176.106,294.026,0.8,3.4,0.281,33.68,10.6,2.88,14.21,0.17,5.72,yolo,28.0,0.63,0,77.6,0.0,433.9,0.0,0,100.0
2026-05-21 15:01:39,6690,rgb,4,couch|tv|chair|tv|chair,0.575,0,32.71,0.0,32.71,1103.635,3.5926,2.150745,41.31,1103.635,275.909,0.88,3.6,0.282,33.74,10.69,2.86,14.19,0.18,5.74,yolo,28.9,0.4,0,72.7,0.0,433.9,0.0,0,100.0
2026-05-21 15:01:40,6720,rgb,4,couch|tv|chair|tv|chair,0.598,0,23.0,0.0,23.0,788.67,2.5673,2.159969,41.31,788.67,197.167,1.22,5.1,0.273,34.29,10.84,2.83,14.63,0.17,5.72,yolo,28.1,3.64,0,51.1,0.0,433.9,0.0,0,100.0
2026-05-21 15:01:41,6750,rgb,3,couch|tv|chair|tv|chair,0.615,0,31.99,0.0,31.99,1088.94,3.5447,2.166581,41.31,1088.94,362.98,0.87,2.8,0.208,34.04,10.92,2.8,14.41,0.16,5.66,yolo,28.0,0.02,0,71.1,0.0,433.8,0.0,0,100.0
2026-05-21 15:01:42,6780,rgb,4,couch|tv|chair|tv|chair,0.612,0,31.91,0.0,31.91,1072.495,3.4912,2.175553,41.31,1072.495,268.124,0.91,3.7,0.287,33.61,11.08,2.78,13.93,0.16,5.58,yolo,28.9,0.22,0,70.9,0.0,433.8,0.0,0,100.0
2026-05-21 15:01:43,6810,rgb,3,couch|tv|chair|tv|chair,0.587,0,32.09,0.0,32.09,1083.038,3.5255,2.184527,41.31,1083.038,361.013,0.84,2.8,0.214,33.75,11.02,2.83,14.04,0.17,5.59,yolo,26.8,0.71,0,71.3,0.0,433.8,0.0,0,100.0
2026-05-21 15:01:44,6840,rgb,4,couch|tv|chair|tv|chair,0.606,0,32.94,0.0,32.94,1115.678,3.6318,2.1936,41.31,1115.678,278.92,0.88,3.6,0.285,33.87,11.07,2.86,14.05,0.17,5.64,yolo,28.9,0.78,0,73.2,0.0,433.8,0.0,0,100.0
2026-05-21 15:01:45,6870,rgb,4,couch|tv|chair|tv|chair,0.607,0,32.04,0.0,32.04,1086.156,3.5357,2.202891,41.31,1086.156,271.539,0.84,3.7,0.286,33.9,11.23,2.84,14.01,0.17,5.58,yolo,26.9,0.85,0,71.2,0.0,433.8,0.0,0,75.0
2026-05-21 15:01:46,6900,rgb,3,couch|tv|chair|tv|chair,0.605,0,32.13,0.0,32.13,1089.85,3.5477,2.21194,41.31,1089.85,363.283,0.9,2.8,0.214,33.92,11.39,2.79,13.99,0.17,5.5,yolo,28.8,0.84,0,71.4,0.0,433.8,0.0,0,100.0
2026-05-21 15:01:48,6930,rgb,3,couch|tv|chair|tv|chair,0.6,0,35.59,0.0,35.59,1206.145,3.9263,2.221045,41.31,1206.145,402.048,0.75,2.5,0.213,33.89,11.16,2.82,14.07,0.17,5.59,yolo,26.8,0.94,0,79.1,0.0,433.8,0.0,0,100.0
2026-05-21 15:01:49,6960,rgb,5,couch|tv|chair|tv|chair,0.622,0,32.04,0.0,32.04,1081.67,3.5211,2.231011,41.31,1081.67,216.334,0.9,4.6,0.354,33.76,10.89,2.87,14.13,0.17,5.61,yolo,28.8,0.96,0,71.2,0.0,433.8,0.0,0,80.0
2026-05-21 15:01:50,6990,rgb,5,couch|tv|chair|tv|chair,0.594,0,32.49,0.0,32.49,1095.888,3.5673,2.240031,41.31,1095.888,219.178,0.82,4.6,0.35,33.73,10.84,2.84,14.27,0.16,5.54,yolo,26.6,1.09,0,72.2,0.0,433.8,0.0,0,80.0
2026-05-21 15:01:51,7020,rgb,4,couch|tv|chair|tv|chair,0.607,0,23.09,0.0,23.09,792.68,2.5803,2.249259,41.31,792.68,198.17,1.21,5.0,0.267,34.33,10.66,2.8,14.98,0.16,5.63,yolo,27.9,2.96,0,51.3,0.0,433.8,0.0,0,100.0
2026-05-21 15:01:53,7050,rgb,4,couch|tv|chair|tv|chair,0.606,0,32.22,0.0,32.22,1109.979,3.6132,2.255982,41.31,1109.979,277.495,0.9,3.6,0.271,34.45,10.93,2.82,14.76,0.16,5.69,yolo,28.9,0.25,0,71.6,0.0,433.8,0.0,0,75.0
2026-05-21 15:01:54,7080,rgb,3,couch|tv|chair|tv|chair,0.594,0,31.37,0.0,31.37,1061.875,3.4566,2.26506,41.31,1061.875,353.958,0.85,2.8,0.216,33.85,11.3,2.82,13.87,0.16,5.61,yolo,26.7,0.75,0,69.7,0.0,433.8,0.0,0,100.0
2026-05-21 15:01:55,7110,rgb,4,couch|tv|chair|tv|chair,0.607,0,32.36,0.0,32.36,1092.474,3.5562,2.273902,41.31,1092.474,273.118,0.89,3.7,0.286,33.76,11.11,2.76,14.0,0.16,5.64,yolo,28.9,0.82,0,71.9,0.0,433.8,0.0,0,100.0
2026-05-21 15:01:56,7140,rgb,3,couch|tv|chair|tv|chair,0.621,0,31.95,0.0,31.95,1068.089,3.4769,2.282927,41.31,1068.089,356.03,0.87,2.8,0.212,33.43,10.68,2.71,14.14,0.16,5.66,yolo,27.7,0.51,0,71.0,0.0,433.8,0.0,0,100.0
2026-05-21 15:01:57,7170,rgb,4,couch|tv|chair|tv|chair,0.604,0,31.5,0.0,31.5,1056.195,3.4381,2.291829,41.31,1056.195,264.049,0.92,3.8,0.288,33.53,10.98,2.77,13.91,0.16,5.62,yolo,29.0,0.57,0,70.0,0.0,433.9,0.0,0,100.0
2026-05-21 15:01:58,7200,rgb,3,couch|tv|chair|tv|chair,0.596,0,31.5,0.0,31.5,1067.535,3.475,2.300713,41.31,1067.535,355.845,0.85,2.8,0.218,33.89,11.48,2.76,13.79,0.17,5.6,yolo,26.7,1.08,0,70.0,0.0,433.9,0.0,0,100.0
2026-05-21 15:01:59,7230,rgb,4,couch|tv|chair|tv|chair,0.598,0,31.54,0.0,31.54,1052.49,3.4261,2.309485,41.31,1052.49,263.123,0.92,3.8,0.288,33.37,11.04,2.67,13.91,0.16,5.5,yolo,28.9,1.04,0,70.1,0.0,433.9,0.0,0,100.0
2026-05-21 15:02:00,7260,rgb,3,couch|tv|chair|tv|chair,0.588,0,31.41,0.0,31.41,1049.094,3.415,2.318272,41.31,1049.094,349.698,0.92,2.9,0.216,33.4,10.98,2.72,13.92,0.17,5.54,yolo,28.8,0.05,0,69.8,0.0,433.9,0.0,0,100.0
2026-05-21 15:02:02,7290,rgb,4,couch|tv|chair|tv|chair,0.634,0,31.86,0.0,31.86,1064.443,3.465,2.327019,41.31,1064.443,266.111,0.87,3.8,0.288,33.41,10.89,2.78,13.91,0.17,5.58,yolo,27.7,0.55,0,70.8,0.0,433.9,0.0,0,100.0
2026-05-21 15:02:03,7320,rgb,3,couch|tv|chair|tv|chair,0.632,0,22.68,0.0,22.68,771.574,2.5116,2.335948,41.31,771.574,257.191,1.22,3.9,0.207,34.02,10.87,2.78,14.52,0.16,5.62,yolo,27.8,2.93,0,50.4,0.0,433.9,0.0,0,100.0
2026-05-21 15:02:04,7350,rgb,3,couch|tv|chair|tv|chair,0.619,0,32.81,0.0,32.81,1130.961,3.6815,2.342551,41.31,1130.961,376.987,0.88,2.7,0.208,34.47,11.57,2.72,14.4,0.16,5.55,yolo,29.0,0.3,0,72.9,0.0,433.9,0.0,0,100.0
2026-05-21 15:02:05,7380,rgb,3,couch|tv|chair|tv|chair,0.621,0,30.87,0.0,30.87,1045.258,3.4025,2.351808,41.31,1045.258,348.419,0.86,2.9,0.214,33.86,11.57,2.69,13.99,0.15,5.37,yolo,26.5,0.85,0,68.6,0.0,433.9,0.0,0,100.0
2026-05-21 15:02:06,7410,rgb,3,couch|tv|chair|tv|chair,0.584,0,32.45,0.0,32.45,1101.678,3.5862,2.360561,41.31,1101.678,367.226,0.87,2.7,0.215,33.95,11.56,2.71,13.97,0.17,5.46,yolo,28.1,0.54,0,72.1,0.0,433.9,0.0,0,100.0
2026-05-21 15:02:07,7440,rgb,3,couch|tv|chair|tv|chair,0.595,0,31.46,0.0,31.46,1068.696,3.4788,2.369713,41.31,1068.696,356.232,0.92,2.8,0.215,33.97,11.5,2.72,13.98,0.18,5.51,yolo,28.9,0.3,0,69.9,0.0,433.9,0.0,0,100.0
2026-05-21 15:02:08,7470,rgb,4,couch|tv|chair|tv|chair,0.61,0,32.17,0.0,32.17,1091.85,3.5542,2.378606,41.31,1091.85,272.962,0.83,3.7,0.287,33.94,11.58,2.67,13.95,0.16,5.49,yolo,26.9,0.85,0,71.5,0.0,433.9,0.0,0,100.0
2026-05-21 15:02:09,7500,rgb,3,couch|tv|chair|tv|chair,0.609,0,31.46,0.0,31.46,1082.224,3.5229,2.387709,41.31,1082.224,360.741,0.92,2.8,0.214,34.4,12.01,2.64,14.02,0.16,5.49,yolo,28.8,0.84,0,69.9,0.0,434.0,0.0,0,100.0
2026-05-21 15:02:10,7530,rgb,3,couch|tv|chair|tv|chair,0.626,0,32.13,0.0,32.13,1099.489,3.5791,2.396699,41.31,1099.489,366.496,0.83,2.7,0.213,34.22,11.52,2.8,14.11,0.16,5.54,yolo,26.8,0.96,0,71.4,0.0,433.9,0.0,0,100.0
2026-05-21 15:02:11,7560,rgb,4,couch|tv|chair|tv|chair,0.631,0,32.13,0.0,32.13,1079.568,3.5142,2.405833,41.31,1079.568,269.892,0.83,3.7,0.288,33.6,11.28,2.75,13.88,0.15,5.46,yolo,26.7,0.05,0,71.4,0.0,433.9,0.0,0,100.0
2026-05-21 15:02:13,7590,rgb,4,couch|tv|chair|tv|chair,0.591,0,32.62,0.0,32.62,1094.727,3.5636,2.41484,41.31,1094.727,273.682,0.86,3.7,0.288,33.56,11.31,2.71,13.87,0.14,5.44,yolo,27.9,0.59,0,72.5,0.0,433.9,0.0,0,100.0
2026-05-21 15:02:14,7620,rgb,3,couch|tv|chair|tv|chair,0.62,0,22.73,0.0,22.73,767.819,2.4994,2.423919,41.31,767.819,255.94,1.26,3.9,0.208,33.78,10.79,2.77,14.39,0.15,5.59,yolo,28.6,3.07,0,50.5,0.0,433.9,0.0,0,100.0
2026-05-21 15:02:15,7650,rgb,3,tv|chair,0.641,0,32.45,0.0,32.45,1101.678,3.5862,2.430429,41.31,1101.678,367.226,0.89,2.7,0.209,33.95,11.04,2.76,14.33,0.15,5.59,yolo,28.9,0.07,0,72.1,0.0,433.9,0.0,0,100.0
2026-05-21 15:02:16,7680,rgb,4,couch|tv|chair|tv|chair,0.637,0,31.99,0.0,31.99,1082.222,3.5229,2.439574,41.31,1082.222,270.555,0.83,3.7,0.286,33.83,11.27,2.76,14.01,0.14,5.57,yolo,26.7,0.75,0,71.1,0.0,433.9,0.0,0,75.0
2026-05-21 15:02:18,7710,rgb,4,couch|tv|chair|tv|chair,0.602,0,32.09,0.0,32.09,1080.47,3.5172,2.448549,41.31,1080.47,270.118,0.87,3.7,0.287,33.67,11.3,2.65,13.96,0.15,5.53,yolo,28.0,0.44,0,71.3,0.0,433.9,0.0,0,100.0
2026-05-21 15:02:19,7740,rgb,3,couch|tv|chair|tv|chair,0.588,0,31.86,0.0,31.86,1076.231,3.5034,2.457564,41.31,1076.231,358.744,0.9,2.8,0.215,33.78,11.36,2.69,13.93,0.16,5.56,yolo,28.8,0.3,0,70.8,0.0,433.9,0.0,0,100.0
2026-05-21 15:02:20,7770,rgb,4,couch|tv|chair|tv|chair,0.631,0,31.46,0.0,31.46,1064.921,3.4665,2.466545,41.31,1064.921,266.23,0.85,3.8,0.283,33.85,11.12,2.81,14.12,0.15,5.57,yolo,26.8,0.85,0,69.9,0.0,433.9,0.0,0,100.0
2026-05-21 15:02:21,7800,rgb,4,couch|tv|chair|tv|chair,0.61,0,32.17,0.0,32.17,1079.625,3.5144,2.475381,41.31,1079.625,269.906,0.9,3.7,0.288,33.56,11.18,2.75,13.87,0.15,5.52,yolo,28.9,0.93,0,71.5,0.0,433.9,0.0,0,100.0
2026-05-21 15:02:22,7830,rgb,4,couch|tv|chair|tv|chair,0.594,0,33.03,0.0,33.03,1115.093,3.6299,2.484412,41.31,1115.093,278.773,0.81,3.6,0.288,33.76,11.31,2.75,13.88,0.16,5.56,yolo,26.8,0.99,0,73.4,0.0,433.9,0.0,0,100.0
2026-05-21 15:02:23,7860,rgb,4,couch|tv|chair|tv|chair,0.594,0,32.76,0.0,32.76,1106.633,3.6023,2.493681,41.31,1106.633,276.658,0.88,3.6,0.288,33.78,11.41,2.76,13.87,0.17,5.49,yolo,29.0,1.06,0,72.8,0.0,433.9,0.0,0,75.0
2026-05-21 15:02:25,7890,rgb,3,couch|tv|chair|tv|chair,0.613,0,31.68,0.0,31.68,1067.299,3.4743,2.502893,41.31,1067.299,355.766,0.85,2.8,0.22,33.69,11.65,2.73,13.66,0.15,5.41,yolo,26.8,1.09,0,70.4,0.0,433.9,0.0,0,100.0
2026-05-21 15:02:26,7920,rgb,4,couch|tv|chair|tv|chair,0.615,0,23.62,0.0,23.62,794.104,2.585,2.511686,41.31,794.104,198.526,0.49,5.0,0.286,33.62,11.16,2.77,13.99,0.15,5.46,yolo,11.5,0.0,0,52.5,0.0,433.9,0.0,0,100.0
2026-05-21 15:02:27,7950,rgb,3,couch|tv|chair|tv|chair,0.591,0,31.91,0.0,31.91,1065.794,3.4694,2.518342,41.31,1065.794,355.265,0.88,2.8,0.212,33.4,10.7,2.77,14.14,0.17,5.54,yolo,28.2,0.0,0,70.9,0.0,433.9,0.0,0,100.0
2026-05-21 15:02:28,7980,rgb,5,couch|tv|chair|tv|chair,0.597,0,32.22,0.0,32.22,1081.948,3.522,2.527284,41.31,1081.948,216.39,0.9,4.6,0.36,33.58,11.25,2.7,13.9,0.16,5.49,yolo,28.9,0.16,0,71.6,0.0,433.9,0.0,0,80.0
2026-05-21 15:02:29,8010,rgb,4,couch|tv|chair|tv|chair,0.589,0,32.67,0.0,32.67,1101.959,3.5871,2.536347,41.31,1101.959,275.49,0.85,3.6,0.288,33.73,11.5,2.68,13.87,0.16,5.44,yolo,27.9,0.18,0,72.6,0.0,433.9,0.0,0,100.0
2026-05-21 15:02:30,8040,rgb,3,couch|tv|chair|tv|chair,0.587,0,31.91,0.0,31.91,1080.792,3.5182,2.545553,41.31,1080.792,360.264,0.91,2.8,0.216,33.87,11.55,2.76,13.87,0.16,5.44,yolo,28.9,0.25,0,70.9,0.0,433.9,0.0,0,100.0
2026-05-21 15:02:31,8070,rgb,3,couch|tv|chair|tv|chair,0.617,0,32.36,0.0,32.36,1096.357,3.5689,2.554562,41.31,1096.357,365.452,0.83,2.7,0.216,33.88,11.47,2.8,13.89,0.18,5.47,yolo,26.7,0.75,0,71.9,0.0,433.9,0.0,0,100.0
2026-05-21 15:02:32,8100,rgb,4,couch|tv|chair|tv|chair,0.597,0,31.32,0.0,31.32,1060.808,3.4532,2.563692,41.31,1060.808,265.202,0.92,3.8,0.285,33.87,11.22,2.77,14.05,0.18,5.56,yolo,28.9,0.82,0,69.6,0.0,433.9,0.0,0,100.0
2026-05-21 15:02:33,8130,rgb,3,couch|tv|chair|tv|chair,0.596,0,31.59,0.0,31.59,1070.901,3.486,2.572515,41.31,1070.901,356.967,0.85,2.8,0.212,33.9,11.13,2.77,14.14,0.17,5.6,yolo,26.8,0.89,0,70.2,0.0,433.9,0.0,0,100.0
2026-05-21 15:02:34,8160,rgb,3,couch|tv|chair|tv|chair,0.612,0,31.91,0.0,31.91,1078.239,3.5099,2.581413,41.31,1078.239,359.413,0.87,2.8,0.213,33.79,11.17,2.75,14.06,0.16,5.56,yolo,27.9,0.47,0,70.9,0.0,433.9,0.0,0,100.0
2026-05-21 15:02:36,8190,rgb,3,couch|tv|chair|tv|chair,0.624,0,32.13,0.0,32.13,1086.315,3.5362,2.590434,41.31,1086.315,362.105,0.87,2.8,0.216,33.81,11.5,2.66,13.92,0.15,5.49,yolo,28.1,0.08,0,71.4,0.0,433.9,0.0,0,100.0
2026-05-21 15:02:37,8220,rgb,5,couch|tv|chair|tv|chair,0.631,0,23.0,0.0,23.0,781.08,2.5426,2.59944,41.31,781.08,156.216,0.37,6.4,0.361,33.96,11.72,2.69,13.86,0.15,5.45,yolo,8.5,4.89,0,51.1,0.0,433.9,0.0,0,80.0
2026-05-21 15:02:38,8250,rgb,3,couch|tv|chair|tv|chair,0.601,0,32.45,0.0,32.45,1099.731,3.5799,2.606023,41.31,1099.731,366.577,0.86,2.7,0.216,33.89,11.53,2.75,13.87,0.16,5.49,yolo,28.0,4.86,0,72.1,0.0,433.9,0.0,0,100.0
2026-05-21 15:02:39,8280,rgb,4,couch|tv|chair|tv|chair,0.61,0,31.91,0.0,31.91,1094.513,3.5629,2.615145,41.31,1094.513,273.628,0.87,3.7,0.284,34.3,11.82,2.74,14.07,0.16,5.44,yolo,27.9,0.02,0,70.9,0.0,434.0,0.0,0,100.0
2026-05-21 15:02:40,8310,rgb,3,couch|tv|chair|tv|chair,0.604,0,31.95,0.0,31.95,1094.288,3.5621,2.62425,41.31,1094.288,364.763,0.91,2.7,0.213,34.25,11.76,2.76,14.09,0.14,5.41,yolo,28.9,0.23,0,71.0,0.0,433.9,0.0,0,100.0
2026-05-21 15:02:41,8340,rgb,3,couch|tv|chair|tv|chair,0.614,0,31.95,0.0,31.95,1081.827,3.5216,2.633389,41.31,1081.827,360.609,0.91,2.8,0.213,33.86,11.31,2.77,14.07,0.15,5.47,yolo,28.9,0.0,0,71.0,0.0,433.9,0.0,0,100.0
2026-05-21 15:02:43,8370,rgb,3,couch|tv|chair|tv|chair,0.619,0,31.59,0.0,31.59,1069.953,3.4829,2.642403,41.31,1069.953,356.651,0.85,2.8,0.213,33.87,11.37,2.78,14.07,0.15,5.42,yolo,26.8,0.71,0,70.2,0.0,433.9,0.0,0,100.0
2026-05-21 15:02:44,8400,rgb,4,couch|tv|chair|tv|chair,0.619,0,31.41,0.0,31.41,1062.286,3.458,2.651319,41.31,1062.286,265.572,0.89,3.8,0.287,33.82,11.5,2.79,13.92,0.15,5.39,yolo,27.9,0.37,0,69.8,0.0,433.9,0.0,0,100.0
2026-05-21 15:02:45,8430,rgb,4,couch|tv|chair|tv|chair,0.606,0,31.63,0.0,31.63,1071.624,3.4884,2.660193,41.31,1071.624,267.906,0.91,3.7,0.29,33.88,11.55,2.83,13.81,0.15,5.46,yolo,28.9,0.37,0,70.3,0.0,433.9,0.0,0,75.0
2026-05-21 15:02:46,8460,rgb,4,couch|tv|chair|tv|chair,0.598,0,32.13,0.0,32.13,1086.315,3.5362,2.66912,41.31,1086.315,271.579,0.83,3.7,0.29,33.81,11.49,2.83,13.78,0.16,5.47,yolo,26.8,0.89,0,71.4,0.0,433.9,0.0,0,100.0
2026-05-21 15:02:47,8490,rgb,4,couch|tv|chair|tv|chair,0.577,0,32.53,0.0,32.53,1104.068,3.594,2.67821,41.31,1104.068,276.017,0.89,3.6,0.289,33.94,11.62,2.77,13.85,0.17,5.45,yolo,28.9,0.93,0,72.3,0.0,433.9,0.0,0,75.0
2026-05-21 15:02:49,8520,rgb,4,couch|tv|chair|tv|chair,0.593,0,23.4,0.0,23.4,808.47,2.6317,2.687453,41.31,808.47,202.118,1.19,4.9,0.28,34.55,11.68,2.81,14.28,0.17,5.52,yolo,27.8,3.57,0,52.0,0.0,433.9,0.0,0,100.0
2026-05-21 15:02:50,8550,rgb,4,couch|tv|chair|tv|chair,0.609,0,34.24,0.0,34.24,1174.432,3.823,2.694255,41.31,1174.432,293.608,0.82,3.4,0.275,34.3,11.05,2.87,14.53,0.17,5.59,yolo,28.1,0.05,0,76.1,0.0,433.9,0.0,0,100.0
2026-05-21 15:02:51,8580,rgb,4,couch|tv|chair|tv|chair,0.615,0,33.39,0.0,33.39,1143.274,3.7216,2.703907,41.31,1143.274,285.818,0.82,3.5,0.277,34.24,10.93,2.94,14.42,0.16,5.71,yolo,27.5,0.18,0,74.2,0.0,433.9,0.0,0,100.0
2026-05-21 15:02:52,8610,rgb,3,couch|tv|chair|tv|chair,0.628,0,31.05,0.0,31.05,1060.358,3.4517,2.7134,41.31,1060.358,353.453,0.88,2.8,0.214,34.15,11.33,2.91,14.01,0.15,5.66,yolo,27.2,0.1,0,69.0,0.0,433.9,0.0,0,100.0
2026-05-21 15:02:53,8640,rgb,3,couch|tv|chair|tv|chair,0.639,0,31.95,0.0,31.95,1060.74,3.4529,2.722139,41.31,1060.74,353.58,0.9,2.8,0.22,33.2,11.01,2.81,13.62,0.14,5.53,yolo,28.7,0.51,0,71.0,0.0,433.9,0.0,0,100.0
2026-05-21 15:02:54,8670,rgb,4,couch|tv|chair|tv|chair,0.614,0,32.62,0.0,32.62,1094.075,3.5614,2.73105,41.31,1094.075,273.519,0.89,3.7,0.287,33.54,11.09,2.73,13.96,0.16,5.52,yolo,28.9,0.07,0,72.5,0.0,433.9,0.0,0,100.0
2026-05-21 15:02:55,8700,rgb,4,couch|tv|chair|tv|chair,0.567,0,32.36,0.0,32.36,1100.24,3.5815,2.740279,41.31,1100.24,275.06,0.83,3.6,0.287,34.0,11.62,2.7,13.92,0.17,5.52,yolo,26.9,0.85,0,71.9,0.0,433.9,0.0,0,75.0
2026-05-21 15:02:56,8730,rgb,3,couch|tv|chair|tv|chair,0.615,0,32.81,0.0,32.81,1114.556,3.6281,2.749441,41.31,1114.556,371.519,0.88,2.7,0.214,33.97,11.46,2.72,14.05,0.16,5.5,yolo,28.8,0.84,0,72.9,0.0,433.9,0.0,0,100.0
2026-05-21 15:02:57,8760,rgb,4,couch|tv|chair|tv|chair,0.636,0,32.17,0.0,32.17,1092.493,3.5563,2.75872,41.31,1092.493,273.123,0.83,3.7,0.284,33.96,11.29,2.79,14.09,0.16,5.56,yolo,26.8,0.94,0,71.5,0.0,433.9,0.0,0,100.0
2026-05-21 15:02:59,8790,rgb,3,couch|tv|chair|tv|chair,0.616,0,31.54,0.0,31.54,1070.468,3.4846,2.767815,41.31,1070.468,356.823,0.92,2.8,0.218,33.94,11.61,2.79,13.75,0.15,5.56,yolo,29.0,1.06,0,70.1,0.0,433.9,0.0,0,100.0
2026-05-21 15:03:00,8820,rgb,4,couch|tv|chair|tv|chair,0.664,0,22.95,0.0,22.95,780.071,2.5393,2.776667,41.31,780.071,195.018,1.25,5.1,0.283,33.99,11.43,2.7,14.15,0.14,5.48,yolo,28.6,3.36,0,51.0,0.0,433.9,0.0,0,100.0
2026-05-21 15:03:01,8850,rgb,4,couch|tv|chair|tv|chair,0.632,0,32.22,0.0,32.22,1090.325,3.5492,2.783241,41.31,1090.325,272.581,0.87,3.7,0.279,33.84,10.97,2.75,14.34,0.15,5.55,yolo,28.1,0.09,0,71.6,0.0,433.9,0.0,0,100.0
2026-05-21 15:03:02,8880,rgb,3,couch|tv|chair|tv|chair,0.605,0,33.71,0.0,33.71,1122.88,3.6552,2.79222,41.31,1122.88,374.293,0.85,2.7,0.213,33.31,10.58,2.78,14.08,0.17,5.62,yolo,28.7,0.11,0,74.9,0.0,433.9,0.0,0,100.0
2026-05-21 15:03:03,8910,rgb,4,couch|tv|chair|tv|chair,0.62,0,31.72,0.0,31.72,1062.62,3.459,2.801592,41.31,1062.62,265.655,0.91,3.8,0.286,33.5,10.93,2.78,13.97,0.17,5.57,yolo,28.9,0.05,0,70.5,0.0,433.9,0.0,0,100.0
2026-05-21 15:03:04,8940,rgb,3,couch|tv|chair|tv|chair,0.592,0,32.85,0.0,32.85,1113.944,3.6261,2.810535,41.31,1113.944,371.315,0.81,2.7,0.215,33.91,11.5,2.76,13.93,0.17,5.47,yolo,26.7,0.75,0,73.0,0.0,433.9,0.0,0,100.0
2026-05-21 15:03:05,8970,rgb,3,couch|tv|chair|tv|chair,0.605,0,31.82,0.0,31.82,1074.561,3.4979,2.819767,41.31,1074.561,358.187,0.91,2.8,0.214,33.77,11.1,2.83,14.05,0.17,5.54,yolo,29.0,0.86,0,70.7,0.0,433.9,0.0,0,100.0
2026-05-21 15:03:06,9000,rgb,3,couch|tv|chair|tv|chair,0.618,0,31.32,0.0,31.32,1058.303,3.445,2.828748,41.31,1058.303,352.768,0.85,2.8,0.213,33.79,11.01,2.84,14.07,0.16,5.61,yolo,26.6,1.02,0,69.6,0.0,434.0,0.0,0,100.0
2026-05-21 15:03:07,9030,rgb,3,couch|tv|chair|tv|chair,0.616,0,31.54,0.0,31.54,1066.998,3.4733,2.837593,41.31,1066.998,355.666,0.89,2.8,0.214,33.83,11.16,2.81,14.03,0.16,5.58,yolo,28.0,0.59,0,70.1,0.0,434.0,0.0,0,100.0
2026-05-21 15:03:09,9060,rgb,4,couch|tv|chair|tv|chair,0.603,0,31.77,0.0,31.77,1060.165,3.4511,2.846373,41.31,1060.165,265.041,0.91,3.8,0.289,33.37,11.0,2.79,13.83,0.16,5.5,yolo,28.9,0.38,0,70.6,0.0,434.0,0.0,0,75.0
2026-05-21 15:03:10,9090,rgb,3,couch|tv|chair|tv|chair,0.641,0,32.49,0.0,32.49,1084.841,3.5314,2.855216,41.31,1084.841,361.614,0.89,2.8,0.214,33.39,10.89,2.76,14.04,0.15,5.45,yolo,28.9,0.0,0,72.2,0.0,434.0,0.0,0,100.0
2026-05-21 15:03:11,9120,rgb,4,tv|chair,0.648,0,23.22,0.0,23.22,799.697,2.6032,2.864437,41.31,799.697,199.924,1.19,5.0,0.276,34.44,11.42,2.78,14.48,0.15,5.52,yolo,27.7,3.55,0,51.6,0.0,434.0,0.0,0,75.0
2026-05-21 15:03:12,9150,rgb,3,couch|tv|chair|tv|chair,0.636,0,31.32,0.0,31.32,1083.359,3.5266,2.871191,41.31,1083.359,361.12,0.92,2.8,0.212,34.59,11.86,2.8,14.14,0.14,5.57,yolo,28.9,0.3,0,69.6,0.0,434.0,0.0,0,100.0
2026-05-21 15:03:14,9180,rgb,3,couch|tv|chair|tv|chair,0.616,0,31.37,0.0,31.37,1070.972,3.4862,2.880081,41.31,1070.972,356.991,0.85,2.8,0.216,34.14,11.72,2.81,13.89,0.14,5.5,yolo,26.7,0.75,0,69.7,0.0,434.0,0.0,0,100.0
2026-05-21 15:03:15,9210,rgb,3,couch|tv|chair|tv|chair,0.618,0,32.27,0.0,32.27,1099.439,3.5789,2.888992,41.31,1099.439,366.48,0.9,2.7,0.217,34.07,11.75,2.76,13.84,0.15,5.48,yolo,29.0,0.86,0,71.7,0.0,434.0,0.0,0,100.0
2026-05-21 15:03:16,9240,rgb,3,tv|chair,0.623,0,31.41,0.0,31.41,1060.088,3.4508,2.898095,41.31,1060.088,353.363,0.85,2.8,0.22,33.75,11.62,2.75,13.65,0.16,5.49,yolo,26.8,0.93,0,69.8,0.0,434.0,0.0,0,100.0
2026-05-21 15:03:17,9270,rgb,4,couch|tv|chair|tv|chair,0.609,0,32.31,0.0,32.31,1091.109,3.5518,2.906949,41.31,1091.109,272.777,0.89,3.7,0.292,33.77,11.59,2.79,13.68,0.16,5.46,yolo,28.9,0.93,0,71.8,0.0,434.0,0.0,0,100.0
2026-05-21 15:03:18,9300,rgb,3,couch|tv|chair|tv|chair,0.589,0,31.68,0.0,31.68,1074.902,3.499,2.916056,41.31,1074.902,358.301,0.85,2.8,0.219,33.93,11.74,2.76,13.71,0.16,5.48,yolo,26.8,0.99,0,70.4,0.0,434.0,0.0,0,100.0
2026-05-21 15:03:19,9330,rgb,3,couch|tv|chair|tv|chair,0.607,0,31.82,0.0,31.82,1078.062,3.5093,2.925008,41.31,1078.062,359.354,0.91,2.8,0.216,33.88,11.58,2.72,13.86,0.15,5.48,yolo,28.8,0.96,0,70.7,0.0,434.0,0.0,0,100.0
2026-05-21 15:03:20,9360,rgb,4,couch|tv|chair|tv|chair,0.612,0,31.5,0.0,31.5,1067.535,3.475,2.934012,41.31,1067.535,266.884,0.85,3.7,0.287,33.89,11.53,2.73,13.92,0.16,5.46,yolo,26.8,0.99,0,70.0,0.0,434.0,0.0,0,100.0
2026-05-21 15:03:22,9390,rgb,3,couch|tv|chair|tv|chair,0.614,0,32.04,0.0,32.04,1072.699,3.4919,2.94281,41.31,1072.699,357.566,0.9,2.8,0.218,33.48,11.26,2.79,13.74,0.15,5.46,yolo,28.7,0.94,0,71.2,0.0,434.0,0.0,0,100.0
2026-05-21 15:03:23,9420,rgb,3,couch|tv|chair|tv|chair,0.592,0,23.45,0.0,23.45,789.561,2.5702,2.951672,41.31,789.561,263.187,1.21,3.8,0.213,33.67,11.03,2.84,14.1,0.16,5.47,yolo,28.4,3.05,0,52.1,0.0,434.0,0.0,0,100.0
2026-05-21 15:03:24,9450,rgb,4,couch|tv|chair|tv|chair,0.595,0,31.72,0.0,31.72,1075.942,3.5024,2.958376,41.31,1075.942,268.986,0.89,3.7,0.283,33.92,11.27,2.81,14.12,0.16,5.49,yolo,28.1,0.05,0,70.5,0.0,434.0,0.0,0,100.0
2026-05-21 15:03:25,9480,rgb,3,couch|tv|chair|tv|chair,0.62,0,32.45,0.0,32.45,1096.161,3.5682,2.967346,41.31,1096.161,365.387,0.89,2.7,0.217,33.78,11.46,2.76,13.84,0.15,5.49,yolo,28.9,0.2,0,72.1,0.0,434.0,0.0,0,100.0
2026-05-21 15:03:26,9510,rgb,3,couch|tv|chair|tv|chair,0.612,0,32.04,0.0,32.04,1088.078,3.5419,2.976531,41.31,1088.078,362.693,0.84,2.8,0.215,33.96,11.54,2.75,13.95,0.16,5.48,yolo,26.8,0.71,0,71.2,0.0,434.0,0.0,0,100.0
2026-05-21 15:03:27,9540,rgb,4,couch|tv|chair|tv|chair,0.578,0,32.89,0.0,32.89,1115.3,3.6305,2.985609,41.31,1115.3,278.825,0.88,3.6,0.287,33.91,11.59,2.74,13.95,0.16,5.39,yolo,28.9,0.78,0,73.1,0.0,434.1,0.0,0,100.0
2026-05-21 15:03:28,9570,rgb,4,couch|tv|chair|tv|chair,0.579,0,32.85,0.0,32.85,1101.132,3.5844,2.994781,41.31,1101.132,275.283,0.84,3.6,0.283,33.52,10.96,2.75,14.14,0.17,5.43,yolo,27.6,0.55,0,73.0,0.0,434.1,0.0,0,75.0
2026-05-21 15:03:29,9600,rgb,3,couch|tv|chair|tv|chair,0.609,0,32.13,0.0,32.13,1074.427,3.4975,3.003905,41.31,1074.427,358.142,0.87,2.8,0.212,33.44,10.8,2.74,14.16,0.17,5.5,yolo,27.9,0.13,0,71.4,0.0,434.1,0.0,0,100.0
2026-05-21 15:03:30,9630,rgb,4,couch|tv|chair|tv|chair,0.604,0,32.04,0.0,32.04,1082.952,3.5252,3.012977,41.31,1082.952,270.738,0.9,3.7,0.284,33.8,11.31,2.7,14.09,0.16,5.47,yolo,28.9,0.44,0,71.2,0.0,434.1,0.0,0,100.0
2026-05-21 15:03:31,9660,rgb,4,couch|tv|chair|tv|chair,0.604,0,31.46,0.0,31.46,1065.865,3.4696,3.022012,41.31,1065.865,266.466,0.85,3.8,0.284,33.88,11.41,2.69,14.09,0.16,5.46,yolo,26.8,0.99,0,69.9,0.0,434.1,0.0,0,100.0
2026-05-21 15:03:33,9690,rgb,4,couch|tv|chair|tv|chair,0.608,0,32.94,0.0,32.94,1118.642,3.6414,3.030908,41.31,1118.642,279.661,0.88,3.6,0.285,33.96,11.57,2.67,14.02,0.16,5.45,yolo,28.9,1.01,0,73.2,0.0,434.1,0.0,0,100.0
2026-05-21 15:03:34,9720,rgb,3,couch|tv|chair|tv|chair,0.61,0,22.95,0.0,22.95,782.365,2.5468,3.040176,41.31,782.365,260.788,1.24,3.8,0.209,34.09,11.33,2.7,14.35,0.16,5.47,yolo,28.4,3.3,0,51.0,0.0,434.1,0.0,0,100.0
2026-05-21 15:03:35,9750,rgb,3,couch|tv|chair|tv|chair,0.625,0,33.16,0.0,33.16,1128.435,3.6733,3.04679,41.31,1128.435,376.145,0.87,2.7,0.212,34.03,11.36,2.77,14.17,0.16,5.47,yolo,29.0,0.15,0,73.7,0.0,434.1,0.0,0,100.0
2026-05-21 15:03:36,9780,rgb,4,couch|tv|chair|tv|chair,0.628,0,31.99,0.0,31.99,1081.582,3.5208,3.056141,41.31,1081.582,270.396,0.84,3.7,0.29,33.81,11.35,2.84,13.78,0.16,5.59,yolo,26.7,0.78,0,71.1,0.0,434.0,0.0,0,100.0
2026-05-21 15:03:37,9810,rgb,3,couch|tv|chair|tv|chair,0.608,0,32.58,0.0,32.58,1100.227,3.5815,3.065155,41.31,1100.227,366.742,0.89,2.7,0.214,33.77,11.19,2.84,13.99,0.15,5.52,yolo,29.0,0.86,0,72.4,0.0,434.0,0.0,0,100.0
2026-05-21 15:03:38,9840,rgb,4,couch|tv|chair|tv|chair,0.622,0,31.63,0.0,31.63,1070.675,3.4853,3.074316,41.31,1070.675,267.669,0.84,3.7,0.286,33.85,11.47,2.76,13.99,0.15,5.38,yolo,26.7,0.97,0,70.3,0.0,434.0,0.0,0,100.0
2026-05-21 15:03:40,9870,rgb,4,couch|tv|chair|tv|chair,0.596,0,31.18,0.0,31.18,1049.519,3.4164,3.083193,41.31,1049.519,262.38,0.92,3.8,0.289,33.66,11.4,2.77,13.82,0.16,5.43,yolo,28.7,0.88,0,69.3,0.0,434.0,0.0,0,100.0
2026-05-21 15:03:41,9900,rgb,4,couch|tv|chair|tv|chair,0.606,0,31.54,0.0,31.54,1061.636,3.4558,3.091955,41.31,1061.636,265.409,0.85,3.8,0.29,33.66,11.36,2.81,13.77,0.16,5.47,yolo,26.8,0.9,0,70.1,0.0,434.0,0.0,0,100.0
2026-05-21 15:03:42,9930,rgb,4,couch|tv|chair|tv|chair,0.592,0,31.63,0.0,31.63,1072.573,3.4914,3.100849,41.31,1072.573,268.143,0.92,3.7,0.288,33.91,11.32,2.85,13.88,0.17,5.6,yolo,29.0,1.06,0,70.3,0.0,434.0,0.0,0,100.0
2026-05-21 15:03:43,9960,rgb,3,couch|tv|chair|tv|chair,0.61,0,31.68,0.0,31.68,1072.368,3.4908,3.109777,41.31,1072.368,357.456,0.85,2.8,0.217,33.85,11.36,2.8,13.81,0.17,5.62,yolo,26.9,1.04,0,70.4,0.0,434.0,0.0,0,100.0
2026-05-21 15:03:45,9990,rgb,3,couch|tv|chair|tv|chair,0.613,0,32.4,0.0,32.4,1097.388,3.5722,3.118723,41.31,1097.388,365.796,0.89,2.7,0.219,33.87,11.78,2.72,13.68,0.16,5.45,yolo,28.7,0.9,0,72.0,0.0,434.0,0.0,0,100.0
2026-05-21 15:03:46,10020,rgb,3,couch|tv|chair|tv|chair,0.604,0,24.3,0.0,24.3,814.05,2.6499,3.127697,41.31,814.05,271.35,0.48,3.7,0.214,33.5,11.03,2.76,14.01,0.16,5.45,yolo,11.6,0.0,0,54.0,0.0,434.0,0.0,0,100.0
2026-05-21 15:03:47,10050,rgb,3,couch|tv|chair|tv|chair,0.611,0,35.19,0.0,35.19,1170.419,3.81,3.134546,41.31,1170.419,390.14,0.8,2.6,0.211,33.26,10.29,2.87,14.25,0.16,5.6,yolo,28.3,0.0,0,78.2,0.0,434.0,0.0,0,100.0
2026-05-21 15:03:48,10080,rgb,4,couch|tv|chair|tv|chair,0.626,0,36.0,0.0,36.0,1211.4,3.9434,3.144403,41.31,1211.4,302.85,0.8,3.3,0.283,33.65,10.66,2.9,14.13,0.17,5.7,yolo,28.8,0.14,0,80.0,0.0,434.0,0.0,0,100.0
2026-05-21 15:03:49,10110,rgb,3,couch|tv|chair|tv|chair,0.608,0,36.23,0.0,36.23,1219.139,3.9686,3.154507,41.31,1219.139,406.38,0.8,2.5,0.21,33.65,10.48,2.93,14.27,0.17,5.71,yolo,28.9,0.02,0,80.5,0.0,434.0,0.0,0,100.0
2026-05-21 15:03:50,10140,rgb,4,tv|chair,0.634,0,35.96,0.0,35.96,1213.65,3.9507,3.164708,41.31,1213.65,303.413,0.75,3.3,0.278,33.75,10.53,2.92,14.38,0.17,5.66,yolo,26.8,0.71,0,79.9,0.0,434.0,0.0,0,75.0
2026-05-21 15:03:51,10170,rgb,3,couch|tv|chair|tv|chair,0.634,0,35.14,0.0,35.14,1194.057,3.8869,3.17481,41.31,1194.057,398.019,0.79,2.5,0.204,33.98,10.51,2.85,14.7,0.16,5.67,yolo,27.9,0.37,0,78.1,0.0,429.5,0.0,0,100.0
2026-05-21 15:03:52,10200,rgb,3,couch|tv|chair|tv|chair,0.637,0,35.73,0.0,35.73,1206.245,3.9266,3.184694,41.31,1206.245,402.082,0.81,2.5,0.202,33.76,10.1,2.84,14.86,0.16,5.72,yolo,29.0,0.41,0,79.4,0.0,429.8,0.0,0,100.0
2026-05-21 15:03:53,10230,rgb,3,couch|tv|chair|tv|chair,0.625,0,34.92,0.0,34.92,1173.312,3.8194,3.194748,41.31,1173.312,391.104,0.76,2.6,0.208,33.6,10.5,2.82,14.42,0.16,5.62,yolo,26.6,1.02,0,77.6,0.0,429.8,0.0,0,100.0
2026-05-21 15:03:54,10260,rgb,4,couch|tv|chair|tv|chair,0.623,0,32.62,0.0,32.62,1102.23,3.588,3.204552,41.31,1102.23,275.558,0.86,3.6,0.283,33.79,11.05,2.84,14.12,0.16,5.54,yolo,28.0,0.59,0,72.5,0.0,429.8,0.0,0,100.0
2026-05-21 15:03:56,10290,rgb,3,couch|tv|chair|tv|chair,0.606,0,32.45,0.0,32.45,1100.38,3.582,3.213754,41.31,1100.38,366.793,0.89,2.7,0.216,33.91,11.4,2.8,13.88,0.16,5.57,yolo,29.0,0.44,0,72.1,0.0,429.8,0.0,0,100.0
2026-05-21 15:03:57,10319,rgb,4,couch|tv|chair|tv|chair,0.625,0,32.45,0.0,32.45,1136.399,3.6992,3.22287,41.31,1136.399,284.1,0.86,3.5,0.274,35.02,11.8,2.78,14.61,0.16,5.6,yolo,27.9,3.65,0,72.1,0.0,429.8,0.0,0,75.0
2026-05-21 15:03:58,10347,rgb,3,couch|tv|chair|tv|chair,0.614,0,22.59,0.0,22.59,787.713,2.5642,3.229004,41.31,787.713,262.571,1.19,3.8,0.207,34.87,11.83,2.72,14.5,0.15,5.57,yolo,26.8,0.2,0,50.2,0.0,429.8,0.0,0,100.0
2026-05-21 15:03:59,10376,rgb,3,couch|tv|chair|tv|chair,0.598,0,31.77,0.0,31.77,1071.284,3.4873,3.23753,41.31,1071.284,357.095,0.91,2.8,0.219,33.72,11.45,2.74,13.72,0.16,5.56,yolo,28.8,0.36,0,70.6,0.0,429.8,0.0,0,100.0
2026-05-21 15:04:00,10404,rgb,3,couch|tv|chair|tv|chair,0.611,0,32.45,0.0,32.45,1094.863,3.564,3.246024,41.31,1094.863,364.954,0.83,2.7,0.216,33.74,11.34,2.74,13.86,0.16,5.56,yolo,26.8,0.37,0,72.1,0.0,429.8,0.0,0,100.0
2026-05-21 15:04:01,10433,rgb,4,couch|tv|chair|tv|chair,0.595,0,33.26,0.0,33.26,1125.518,3.6638,3.255034,41.31,1125.518,281.38,0.87,3.6,0.287,33.84,11.52,2.67,13.93,0.15,5.48,yolo,28.8,0.36,0,73.9,0.0,429.8,0.0,0,100.0
2026-05-21 15:04:02,10461,rgb,4,couch|tv|chair|tv|chair,0.618,0,32.53,0.0,32.53,1097.888,3.5739,3.263638,41.31,1097.888,274.472,0.83,3.6,0.287,33.75,11.29,2.73,13.96,0.16,5.54,yolo,26.9,0.35,0,72.3,0.0,430.4,0.0,0,100.0
2026-05-21 15:04:03,10490,rgb,3,couch|tv|chair|tv|chair,0.6,0,31.5,0.0,31.5,1063.125,3.4607,3.272286,41.31,1063.125,354.375,0.92,2.8,0.217,33.75,11.38,2.8,13.84,0.16,5.5,yolo,28.9,0.36,0,70.0,0.0,430.4,0.0,0,100.0
2026-05-21 15:04:04,10518,rgb,3,couch|tv|chair|tv|chair,0.593,0,32.17,0.0,32.17,1082.199,3.5228,3.280657,41.31,1082.199,360.733,0.83,2.8,0.22,33.64,11.5,2.79,13.65,0.16,5.47,yolo,26.7,0.41,0,71.5,0.0,430.4,0.0,0,100.0
2026-05-21 15:04:05,10547,rgb,4,couch|tv|chair|tv|chair,0.609,0,32.27,0.0,32.27,1086.531,3.5369,3.289401,41.31,1086.531,271.633,0.83,3.7,0.293,33.67,11.37,2.81,13.66,0.16,5.57,yolo,26.7,0.0,0,71.7,0.0,430.4,0.0,0,100.0
2026-05-21 15:04:06,10575,rgb,4,couch|tv|chair|tv|chair,0.602,0,31.68,0.0,31.68,1073.318,3.4939,3.297786,41.31,1073.318,268.329,0.88,3.7,0.293,33.88,11.67,2.76,13.67,0.16,5.54,yolo,27.9,0.0,0,70.4,0.0,430.3,0.0,0,100.0
2026-05-21 15:04:07,10590,rgb,4,couch|tv|chair|tv|chair,0.598,0,32.36,0.0,32.36,1096.357,3.5689,3.302261,41.31,1096.357,274.089,0.89,3.6,0.29,33.88,11.62,2.73,13.78,0.16,5.5,yolo,28.8,0.22,0,71.9,0.0,430.4,0.0,0,100.0
2026-05-21 15:04:08,10620,rgb,3,couch|tv|chair|tv|chair,0.598,0,23.49,0.0,23.49,788.794,2.5677,3.311241,41.31,788.794,262.931,0.5,3.8,0.21,33.58,10.7,2.78,14.3,0.17,5.54,yolo,11.7,0.0,0,52.2,0.0,430.4,0.0,0,100.0
2026-05-21 15:04:10,10650,rgb,4,couch|tv|chair|tv|chair,0.586,0,32.31,0.0,32.31,1086.262,3.536,3.317908,41.31,1086.262,271.565,0.88,3.7,0.278,33.62,10.54,2.81,14.4,0.16,5.62,yolo,28.6,0.0,0,71.8,0.0,430.4,0.0,0,100.0
2026-05-21 15:04:11,10680,rgb,4,couch|tv|chair|tv|chair,0.605,0,32.17,0.0,32.17,1094.102,3.5615,3.327049,41.31,1094.102,273.526,0.9,3.7,0.282,34.01,11.15,2.8,14.16,0.16,5.64,yolo,29.0,0.1,0,71.5,0.0,430.4,0.0,0,100.0
2026-05-21 15:04:12,10710,rgb,3,couch|tv|chair|tv|chair,0.601,0,31.37,0.0,31.37,1061.561,3.4556,3.33611,41.31,1061.561,353.854,0.85,2.8,0.215,33.84,11.16,2.82,13.95,0.17,5.66,yolo,26.8,0.75,0,69.7,0.0,430.4,0.0,0,100.0
2026-05-21 15:04:13,10740,rgb,3,couch|tv|chair|tv|chair,0.592,0,31.14,0.0,31.14,1052.532,3.4262,3.344946,41.31,1052.532,350.844,0.93,2.9,0.216,33.8,11.24,2.8,13.87,0.16,5.64,yolo,28.9,0.78,0,69.2,0.0,430.4,0.0,0,100.0
2026-05-21 15:04:14,10770,rgb,4,couch|tv|chair|tv|chair,0.621,0,31.95,0.0,31.95,1081.827,3.5216,3.353739,41.31,1081.827,270.457,0.84,3.7,0.292,33.86,11.74,2.73,13.69,0.15,5.47,yolo,26.8,0.89,0,71.0,0.0,430.4,0.0,0,100.0
2026-05-21 15:04:15,10800,rgb,4,couch|tv|chair|tv|chair,0.603,0,33.12,0.0,33.12,1122.437,3.6538,3.362771,41.31,1122.437,280.609,0.87,3.6,0.289,33.89,11.69,2.74,13.85,0.15,5.37,yolo,28.9,0.93,0,73.6,0.0,430.4,0.0,0,75.0
2026-05-21 15:04:16,10830,rgb,3,couch|tv|chair|tv|chair,0.614,0,32.27,0.0,32.27,1091.694,3.5537,3.372103,41.31,1091.694,363.898,0.82,2.7,0.213,33.83,11.19,2.82,14.11,0.15,5.47,yolo,26.5,1.13,0,71.7,0.0,430.4,0.0,0,100.0
2026-05-21 15:04:17,10860,rgb,4,couch|tv|chair|tv|chair,0.621,0,32.09,0.0,32.09,1084.0,3.5286,3.381191,41.31,1084.0,271.0,0.87,3.7,0.288,33.78,11.38,2.81,13.87,0.15,5.5,yolo,28.0,0.71,0,71.3,0.0,430.4,0.0,0,100.0
2026-05-21 15:04:19,10890,rgb,3,couch|tv|chair|tv|chair,0.606,0,32.22,0.0,32.22,1091.291,3.5524,3.390257,41.31,1091.291,363.764,0.9,2.7,0.218,33.87,11.68,2.75,13.76,0.15,5.45,yolo,29.0,0.48,0,71.6,0.0,430.4,0.0,0,100.0
2026-05-21 15:04:20,10920,rgb,4,couch|tv|chair|tv|chair,0.635,0,23.58,0.0,23.58,801.956,2.6105,3.399309,41.31,801.956,200.489,1.21,5.0,0.284,34.01,11.47,2.77,14.08,0.15,5.45,yolo,28.5,3.32,0,52.4,0.0,430.4,0.0,0,75.0
2026-05-21 15:04:21,10950,rgb,3,couch|tv|chair|tv|chair,0.628,0,32.36,0.0,32.36,1103.152,3.591,3.406082,41.31,1103.152,367.717,0.89,2.7,0.212,34.09,11.47,2.74,14.15,0.15,5.49,yolo,28.9,0.1,0,71.9,0.0,430.4,0.0,0,100.0
2026-05-21 15:04:22,10980,rgb,3,couch|tv|chair|tv|chair,0.623,0,32.76,0.0,32.76,1113.185,3.6236,3.415251,41.31,1113.185,371.062,0.82,2.7,0.217,33.98,11.64,2.76,13.84,0.15,5.51,yolo,26.7,0.75,0,72.8,0.0,430.4,0.0,0,100.0
2026-05-21 15:04:23,11010,rgb,3,couch|tv|chair|tv|chair,0.617,0,33.21,0.0,33.21,1124.491,3.6605,3.424496,41.31,1124.491,374.83,0.84,2.7,0.214,33.86,11.35,2.82,13.99,0.15,5.47,yolo,27.9,0.41,0,73.8,0.0,430.4,0.0,0,100.0
2026-05-21 15:04:24,11040,rgb,3,couch|tv|chair|tv|chair,0.61,0,31.86,0.0,31.86,1077.824,3.5085,3.433828,41.31,1077.824,359.275,0.88,2.8,0.215,33.83,11.42,2.76,13.98,0.15,5.45,yolo,28.1,0.07,0,70.8,0.0,430.4,0.0,0,100.0
2026-05-21 15:04:25,11070,rgb,4,couch|tv|chair|tv|chair,0.595,0,32.09,0.0,32.09,1086.247,3.536,3.442827,41.31,1086.247,271.562,0.9,3.7,0.289,33.85,11.62,2.73,13.86,0.15,5.4,yolo,28.8,0.26,0,71.3,0.0,430.4,0.0,0,100.0
2026-05-21 15:04:26,11100,rgb,3,couch|tv|chair|tv|chair,0.611,0,32.27,0.0,32.27,1091.694,3.5537,3.451898,41.31,1091.694,363.898,0.83,2.7,0.217,33.83,11.64,2.75,13.81,0.15,5.39,yolo,26.8,0.85,0,71.7,0.0,430.4,0.0,0,100.0
2026-05-21 15:04:27,11130,rgb,3,couch|tv|chair|tv|chair,0.607,0,31.82,0.0,31.82,1071.698,3.4886,3.460957,41.31,1071.698,357.233,0.91,2.8,0.217,33.68,11.47,2.74,13.84,0.15,5.41,yolo,28.8,0.88,0,70.7,0.0,430.4,0.0,0,100.0
2026-05-21 15:04:28,11160,rgb,4,couch|tv|chair|tv|chair,0.628,0,31.68,0.0,31.68,1062.23,3.4578,3.469858,41.31,1062.23,265.558,0.84,3.8,0.288,33.53,11.12,2.83,13.87,0.15,5.47,yolo,26.7,0.99,0,70.4,0.0,430.4,0.0,0,100.0
2026-05-21 15:04:30,11190,rgb,4,couch|tv|chair|tv|chair,0.595,0,32.04,0.0,32.04,1079.748,3.5148,3.478747,41.31,1079.748,269.937,0.91,3.7,0.287,33.7,11.09,2.88,13.92,0.16,5.57,yolo,29.0,1.11,0,71.2,0.0,430.4,0.0,0,100.0
2026-05-21 15:04:31,11220,rgb,4,couch|tv|chair|tv|chair,0.618,0,22.95,0.0,22.95,792.234,2.5789,3.487832,41.31,792.234,198.059,1.21,5.0,0.281,34.52,11.57,2.81,14.22,0.17,5.65,yolo,27.7,3.2,0,51.0,0.0,430.4,0.0,0,100.0
2026-05-21 15:04:32,11250,rgb,4,couch|tv|chair|tv|chair,0.59,0,31.54,0.0,31.54,1087.184,3.539,3.494513,41.31,1087.184,271.796,0.89,3.7,0.283,34.47,11.68,2.79,14.12,0.17,5.63,yolo,28.1,0.07,0,70.1,0.0,430.4,0.0,0,75.0
2026-05-21 15:04:33,11280,rgb,3,couch|tv|chair|tv|chair,0.6,0,31.82,0.0,31.82,1079.653,3.5145,3.503461,41.31,1079.653,359.884,0.91,2.8,0.214,33.93,11.37,2.75,14.01,0.17,5.55,yolo,28.8,0.17,0,70.7,0.0,430.4,0.0,0,100.0
2026-05-21 15:04:35,11310,rgb,4,couch|tv|chair|tv|chair,0.592,0,31.86,0.0,31.86,1081.328,3.5199,3.512463,41.31,1081.328,270.332,0.84,3.7,0.286,33.94,11.43,2.73,14.01,0.17,5.52,yolo,26.7,0.71,0,70.8,0.0,430.4,0.0,0,75.0
2026-05-21 15:04:36,11340,rgb,4,couch|tv|chair|tv|chair,0.612,0,32.04,0.0,32.04,1082.952,3.5252,3.521416,41.31,1082.952,270.738,0.9,3.7,0.29,33.8,11.43,2.75,13.78,0.16,5.59,yolo,29.0,0.86,0,71.2,0.0,430.3,0.0,0,100.0
2026-05-21 15:04:37,11370,rgb,3,couch|tv|chair|tv|chair,0.601,0,32.53,0.0,32.53,1099.189,3.5781,3.530431,41.31,1099.189,366.396,0.82,2.7,0.218,33.79,11.35,2.79,13.79,0.16,5.61,yolo,26.8,0.93,0,72.3,0.0,430.4,0.0,0,100.0
2026-05-21 15:04:38,11400,rgb,4,couch|tv|chair|tv|chair,0.607,0,31.27,0.0,31.27,1055.362,3.4354,3.539595,41.31,1055.362,263.841,0.92,3.8,0.29,33.75,11.44,2.8,13.78,0.16,5.49,yolo,28.9,0.93,0,69.5,0.0,430.4,0.0,0,100.0
2026-05-21 15:04:39,11430,rgb,3,couch|tv|chair|tv|chair,0.586,0,32.31,0.0,32.31,1090.786,3.5507,3.548403,41.31,1090.786,363.595,0.83,2.8,0.217,33.76,11.39,2.77,13.83,0.16,5.54,yolo,26.9,0.94,0,71.8,0.0,430.4,0.0,0,100.0
2026-05-21 15:04:40,11460,rgb,4,couch|tv|chair|tv|chair,0.603,0,32.45,0.0,32.45,1100.38,3.582,3.557529,41.31,1100.38,275.095,0.88,3.6,0.282,33.91,11.13,2.75,14.16,0.16,5.63,yolo,28.6,0.82,0,72.1,0.0,430.4,0.0,0,75.0
2026-05-21 15:04:42,11490,rgb,3,couch|tv|chair|tv|chair,0.603,0,32.49,0.0,32.49,1104.335,3.5948,3.566715,41.31,1104.335,368.112,0.83,2.7,0.212,33.99,11.3,2.75,14.14,0.16,5.56,yolo,26.8,0.89,0,72.2,0.0,430.4,0.0,0,100.0
2026-05-21 15:04:43,11520,rgb,4,couch|tv|chair|tv|chair,0.615,0,23.13,0.0,23.13,787.576,2.5637,3.575842,41.31,787.576,196.894,1.23,5.1,0.276,34.05,10.97,2.76,14.5,0.17,5.57,yolo,28.5,3.12,0,51.4,0.0,430.4,0.0,0,100.0
2026-05-21 15:04:44,11550,rgb,3,couch|tv|chair|tv|chair,0.619,0,31.63,0.0,31.63,1071.624,3.4884,3.582468,41.31,1071.624,357.208,0.92,2.8,0.209,33.88,10.95,2.72,14.36,0.16,5.61,yolo,29.0,0.12,0,70.3,0.0,430.4,0.0,0,100.0
2026-05-21 15:04:45,11580,rgb,4,couch|tv|chair|tv|chair,0.632,0,32.13,0.0,32.13,1080.532,3.5174,3.591332,41.31,1080.532,270.133,0.84,3.7,0.292,33.63,11.48,2.69,13.72,0.15,5.51,yolo,26.9,0.71,0,71.4,0.0,430.4,0.0,0,100.0
2026-05-21 15:04:46,11610,rgb,4,couch|tv|chair|tv|chair,0.622,0,31.46,0.0,31.46,1058.944,3.4471,3.60034,41.31,1058.944,264.736,0.92,3.8,0.29,33.66,11.41,2.75,13.8,0.15,5.46,yolo,28.8,0.71,0,69.9,0.0,430.3,0.0,0,100.0
2026-05-21 15:04:47,11640,rgb,4,couch|tv|chair|tv|chair,0.632,0,31.72,0.0,31.72,1071.184,3.4869,3.609207,41.31,1071.184,267.796,0.84,3.7,0.284,33.77,11.11,2.82,14.07,0.15,5.53,yolo,26.6,0.93,0,70.5,0.0,430.3,0.0,0,75.0
2026-05-21 15:04:48,11670,rgb,4,couch|tv|chair|tv|chair,0.617,0,31.59,0.0,31.59,1072.796,3.4922,3.618151,41.31,1072.796,268.199,0.89,3.7,0.285,33.96,11.3,2.83,14.03,0.15,5.56,yolo,28.0,0.59,0,70.2,0.0,430.3,0.0,0,75.0
2026-05-21 15:04:49,11700,rgb,4,couch|tv|chair|tv|chair,0.625,0,32.76,0.0,32.76,1108.598,3.6087,3.627078,41.31,1108.598,277.149,0.87,3.6,0.289,33.84,11.44,2.8,13.85,0.15,5.52,yolo,28.6,0.27,0,72.8,0.0,430.3,0.0,0,100.0
2026-05-21 15:04:50,11730,rgb,4,couch|tv|chair|tv|chair,0.588,0,32.09,0.0,32.09,1083.358,3.5266,3.636305,41.31,1083.358,270.839,0.84,3.7,0.287,33.76,11.17,2.82,13.94,0.16,5.59,yolo,26.8,0.85,0,71.3,0.0,430.3,0.0,0,100.0
2026-05-21 15:04:51,11760,rgb,3,couch|tv|chair|tv|chair,0.598,0,31.82,0.0,31.82,1072.334,3.4907,3.645317,41.31,1072.334,357.445,0.91,2.8,0.216,33.7,11.16,2.8,13.92,0.16,5.57,yolo,29.0,1.06,0,70.7,0.0,430.3,0.0,0,100.0
2026-05-21 15:04:53,11790,rgb,3,couch|tv|chair|tv|chair,0.594,0,32.49,0.0,32.49,1096.862,3.5705,3.654279,41.31,1096.862,365.621,0.82,2.7,0.217,33.76,11.33,2.78,13.85,0.16,5.55,yolo,26.8,1.09,0,72.2,0.0,430.3,0.0,0,100.0
2026-05-21 15:04:54,11820,rgb,3,couch|tv|chair|tv|chair,0.603,0,23.85,0.0,23.85,819.009,2.666,3.663483,41.31,819.009,273.003,1.18,3.7,0.212,34.34,11.51,2.82,14.14,0.16,5.61,yolo,28.1,3.02,0,53.0,0.0,430.3,0.0,0,100.0
2026-05-21 15:04:55,11850,rgb,4,couch|tv|chair|tv|chair,0.594,0,31.91,0.0,31.91,1090.046,3.5483,3.670358,41.31,1090.046,272.512,0.88,3.7,0.283,34.16,11.43,2.8,14.14,0.16,5.56,yolo,28.1,0.0,0,70.9,0.0,430.3,0.0,0,100.0
2026-05-21 15:04:56,11880,rgb,4,couch|tv|chair|tv|chair,0.594,0,31.37,0.0,31.37,1056.855,3.4403,3.679309,41.31,1056.855,264.214,0.91,3.8,0.289,33.69,11.39,2.7,13.85,0.17,5.5,yolo,28.6,0.12,0,69.7,0.0,430.3,0.0,0,100.0
2026-05-21 15:04:57,11910,rgb,3,couch|tv|chair|tv|chair,0.593,0,32.53,0.0,32.53,1102.767,3.5897,3.68816,41.31,1102.767,367.589,0.82,2.7,0.214,33.9,11.43,2.73,13.99,0.17,5.5,yolo,26.7,0.65,0,72.3,0.0,430.3,0.0,0,100.0
2026-05-21 15:04:59,11940,rgb,4,couch|tv|chair|tv|chair,0.611,0,32.31,0.0,32.31,1099.509,3.5791,3.697369,41.31,1099.509,274.877,0.86,3.6,0.283,34.03,11.34,2.81,14.15,0.17,5.48,yolo,27.9,0.41,0,71.8,0.0,430.3,0.0,0,100.0
2026-05-21 15:05:00,11970,rgb,3,couch|tv|chair|tv|chair,0.607,0,32.89,0.0,32.89,1113.984,3.6263,3.706491,41.31,1113.984,371.328,0.88,2.7,0.211,33.87,10.99,2.86,14.19,0.17,5.58,yolo,29.0,0.41,0,73.1,0.0,430.3,0.0,0,100.0
2026-05-21 15:05:01,12000,rgb,3,couch|tv|chair|tv|chair,0.606,0,32.13,0.0,32.13,1082.138,3.5226,3.715728,41.31,1082.138,360.713,0.84,2.8,0.216,33.68,11.12,2.83,13.87,0.16,5.61,yolo,26.8,0.93,0,71.4,0.0,430.3,0.0,0,100.0
2026-05-21 15:05:02,12030,rgb,4,couch|tv|chair|tv|chair,0.641,0,31.72,0.0,31.72,1061.986,3.457,3.724697,41.31,1061.986,265.497,0.91,3.8,0.294,33.48,11.41,2.75,13.6,0.16,5.47,yolo,28.9,0.93,0,70.5,0.0,430.3,0.0,0,100.0
2026-05-21 15:05:03,12060,rgb,4,couch|tv|chair|tv|chair,0.604,0,31.63,0.0,31.63,1064.033,3.4636,3.733596,41.31,1064.033,266.008,0.84,3.8,0.294,33.64,11.67,2.71,13.6,0.15,5.43,yolo,26.7,1.04,0,70.3,0.0,430.3,0.0,0,100.0
2026-05-21 15:05:05,12090,rgb,3,couch|tv|chair|tv|chair,0.609,0,31.82,0.0,31.82,1077.425,3.5072,3.742523,41.31,1077.425,359.142,0.91,2.8,0.219,33.86,11.63,2.76,13.71,0.16,5.52,yolo,28.9,1.06,0,70.7,0.0,430.3,0.0,0,100.0
2026-05-21 15:05:06,12120,rgb,4,couch|tv|chair|tv|chair,0.609,0,24.35,0.0,24.35,838.614,2.7299,3.751559,41.31,838.614,209.654,1.13,4.8,0.277,34.44,11.2,2.88,14.46,0.18,5.64,yolo,27.6,3.18,0,54.1,0.0,430.3,0.0,0,75.0
2026-05-21 15:05:07,12150,rgb,4,couch|tv|chair|tv|chair,0.604,0,31.54,0.0,31.54,1086.553,3.537,3.758619,41.31,1086.553,271.638,0.89,3.7,0.275,34.45,11.26,2.83,14.53,0.17,5.57,yolo,28.1,0.09,0,70.1,0.0,430.3,0.0,0,100.0
2026-05-21 15:05:08,12180,rgb,3,couch|tv|chair|tv|chair,0.622,0,31.5,0.0,31.5,1064.385,3.4648,3.767518,41.31,1064.385,354.795,0.92,2.8,0.216,33.79,11.37,2.82,13.89,0.15,5.46,yolo,28.9,0.2,0,70.0,0.0,430.3,0.0,0,100.0
2026-05-21 15:05:09,12210,rgb,4,couch|tv|chair|tv|chair,0.622,0,31.91,0.0,31.91,1082.706,3.5244,3.776409,41.31,1082.706,270.676,0.84,3.7,0.283,33.93,11.11,2.92,14.11,0.16,5.54,yolo,26.7,0.75,0,70.9,0.0,430.3,0.0,0,75.0
2026-05-21 15:05:10,12240,rgb,4,couch|tv|chair|tv|chair,0.616,0,31.95,0.0,31.95,1084.063,3.5289,3.785427,41.31,1084.063,271.016,0.91,3.7,0.277,33.93,10.8,2.86,14.46,0.16,5.57,yolo,29.0,0.86,0,71.0,0.0,430.3,0.0,0,100.0
2026-05-21 15:05:11,12270,rgb,3,couch|tv|chair|tv|chair,0.598,0,31.27,0.0,31.27,1058.802,3.4466,3.794457,41.31,1058.802,352.934,0.85,2.8,0.21,33.86,11.17,2.7,14.27,0.16,5.48,yolo,26.6,1.02,0,69.5,0.0,430.3,0.0,0,100.0
2026-05-21 15:05:12,12300,rgb,4,couch|tv|chair|tv|chair,0.625,0,32.09,0.0,32.09,1090.739,3.5506,3.803324,41.31,1090.739,272.685,0.87,3.7,0.289,33.99,11.84,2.68,13.85,0.15,5.39,yolo,28.1,0.63,0,71.3,0.0,430.3,0.0,0,100.0
2026-05-21 15:05:13,12330,rgb,3,couch|tv|chair|tv|chair,0.591,0,32.58,0.0,32.58,1105.439,3.5984,3.812397,41.31,1105.439,368.48,0.89,2.7,0.217,33.93,11.85,2.7,13.8,0.15,5.35,yolo,28.9,0.35,0,72.4,0.0,430.3,0.0,0,100.0
2026-05-21 15:05:14,12360,rgb,3,couch|tv|chair|tv|chair,0.586,0,31.82,0.0,31.82,1072.97,3.4927,3.821549,41.31,1072.97,357.657,0.84,2.8,0.217,33.72,11.76,2.61,13.8,0.16,5.31,yolo,26.7,1.04,0,70.7,0.0,430.3,0.0,0,100.0
2026-05-21 15:05:16,12390,rgb,1,couch|tv|chair|book|chair|chair|tv|chair,0.599,0,32.09,0.0,32.09,1084.0,3.5286,3.830514,41.31,1084.0,1084.0,0.9,0.9,0.073,33.78,11.9,2.58,13.74,0.15,5.29,yolo,28.9,1.06,0,71.3,0.0,430.3,0.0,1,100.0
2026-05-21 15:05:17,12420,rgb,0,person|chair,0.568,0,25.78,0.0,25.78,872.911,2.8415,3.83952,41.31,872.911,872.911,1.11,0.0,0.0,33.86,11.37,2.74,14.15,0.09,5.32,yolo,28.7,3.37,0,57.3,0.0,430.3,0.0,1,100.0
2026-05-21 15:05:18,12450,rgb,0,person|tv|chair|chair,0.509,0,33.84,0.0,33.84,1147.853,3.7365,3.846882,41.31,1147.853,1147.853,0.86,0.0,0.0,33.92,11.09,2.82,14.42,0.03,5.31,yolo,29.0,0.07,0,75.2,0.0,430.3,0.0,1,100.0
2026-05-21 15:05:19,12480,rgb,0,person|cat|person,0.501,0,33.62,0.0,33.62,1142.744,3.7199,3.856462,41.31,1142.744,1142.744,0.79,0.0,0.0,33.99,11.32,2.79,14.36,0.03,5.26,yolo,26.7,0.78,0,74.7,0.0,430.3,0.0,1,100.0
2026-05-21 15:05:20,12510,rgb,0,cell phone|laptop,0.497,0,33.34,0.0,33.34,1131.893,3.6845,3.86598,41.31,1131.893,1131.893,0.87,0.0,0.0,33.95,11.03,2.85,14.42,0.02,5.36,yolo,28.9,0.82,0,74.1,0.0,430.3,0.0,1,100.0
2026-05-21 15:05:21,12540,rgb,0,person|chair,0.475,0,33.84,0.0,33.84,1150.222,3.7442,3.875417,41.31,1150.222,1150.222,0.79,0.0,0.0,33.99,11.12,2.83,14.41,0.01,5.35,yolo,26.8,0.89,0,75.2,0.0,430.3,0.0,1,100.0
2026-05-21 15:05:22,12570,rgb,0,cat|person|book,0.464,0,33.3,0.0,33.3,1127.205,3.6693,3.884954,41.31,1127.205,1127.205,0.84,0.0,0.0,33.85,11.1,2.77,14.49,0.02,5.22,yolo,27.8,0.42,0,74.0,0.0,430.3,0.0,1,100.0
2026-05-21 15:05:24,12600,rgb,1,couch|microwave|chair|couch|chair|cat|microwave|chair|couch|tv|chair,0.469,0,33.48,0.0,33.48,1133.633,3.6902,3.89435,41.31,1133.633,1133.633,0.83,0.9,0.068,33.86,10.79,2.77,14.67,0.07,5.32,yolo,27.9,0.04,0,74.4,0.0,430.3,0.0,1,0.0
2026-05-21 15:05:25,12630,rgb,0,laptop|microwave|book,0.486,0,32.98,0.0,32.98,1121.98,3.6523,3.903824,41.31,1121.98,1121.98,0.85,0.0,0.0,34.02,10.94,2.75,14.58,0.07,5.43,yolo,27.9,0.0,0,73.3,0.0,430.3,0.0,1,100.0
2026-05-21 15:05:26,12660,rgb,0,couch|tv|chair|tv|chair|chair,0.502,0,34.2,0.0,34.2,1161.09,3.7796,3.913179,41.31,1161.09,1161.09,0.82,0.0,0.0,33.95,10.99,2.76,14.35,0.1,5.52,yolo,27.9,0.0,0,76.0,0.0,430.3,0.0,1,100.0
2026-05-21 15:05:27,12690,rgb,4,couch|tv|chair|couch|chair|tv|chair|chair,0.512,0,34.06,0.0,34.06,1155.996,3.763,3.922838,41.31,1155.996,288.999,0.82,3.5,0.279,33.94,10.95,2.76,14.35,0.14,5.51,yolo,27.9,0.0,0,75.7,0.0,430.3,0.0,1,75.0
2026-05-21 15:05:29,12720,rgb,4,couch|tv|chair|tv|chair,0.525,0,25.07,0.0,25.07,866.419,2.8204,3.932537,41.31,866.419,216.605,0.34,4.6,0.27,34.56,11.06,2.77,14.8,0.14,5.49,yolo,8.5,4.84,0,55.7,0.0,430.3,0.0,1,100.0
2026-05-21 15:05:30,12750,rgb,4,couch|tv|chair|tv|chair,0.532,0,33.57,0.0,33.57,1159.843,3.7755,3.939851,41.31,1159.843,289.961,0.85,3.4,0.268,34.55,10.88,2.81,14.9,0.17,5.49,yolo,28.6,3.61,0,74.6,0.0,430.3,0.0,1,100.0
2026-05-21 15:05:31,12780,rgb,4,couch|tv|chair|tv|chair,0.531,0,32.85,0.0,32.85,1114.929,3.6293,3.949353,41.31,1114.929,278.732,0.87,3.6,0.278,33.94,10.9,2.78,14.4,0.16,5.45,yolo,28.7,0.18,0,73.0,0.0,430.3,0.0,1,75.0
2026-05-21 15:05:32,12810,rgb,4,couch|tv|chair|tv|chair,0.536,0,34.02,0.0,34.02,1153.278,3.7542,3.958645,41.31,1153.278,288.32,0.85,3.5,0.278,33.9,10.92,2.76,14.37,0.16,5.46,yolo,28.9,0.05,0,75.6,0.0,430.3,0.0,1,100.0
2026-05-21 15:05:33,12840,rgb,4,couch|tv|chair|tv|chair,0.542,0,33.84,0.0,33.84,1145.146,3.7277,3.968257,41.31,1145.146,286.286,0.79,3.5,0.274,33.84,10.49,2.82,14.61,0.17,5.56,yolo,26.8,0.71,0,75.2,0.0,430.3,0.0,1,100.0
2026-05-21 15:05:34,12870,rgb,4,couch|tv|chair|tv|chair,0.562,0,33.39,0.0,33.39,1128.248,3.6727,3.977789,41.31,1128.248,282.062,0.83,3.5,0.275,33.79,10.71,2.75,14.52,0.18,5.47,yolo,27.8,0.34,0,74.2,0.0,430.3,0.0,1,100.0
2026-05-21 15:05:35,12900,rgb,4,couch|tv|chair|tv|chair,0.538,0,33.84,0.0,33.84,1147.514,3.7354,3.987206,41.31,1147.514,286.878,0.82,3.5,0.276,33.91,10.93,2.68,14.5,0.17,5.48,yolo,27.8,0.0,0,75.2,0.0,430.3,0.0,1,100.0
2026-05-21 15:05:36,12930,rgb,5,couch|tv|chair|tv|chair,0.542,0,31.86,0.0,31.86,1080.054,3.5158,3.996735,41.31,1080.054,216.011,0.88,4.6,0.348,33.9,10.9,2.8,14.35,0.16,5.55,yolo,28.0,0.07,0,70.8,0.0,430.3,0.0,0,80.0
2026-05-21 15:05:37,12960,rgb,4,couch|tv|chair|tv|chair,0.53,0,31.5,0.0,31.5,1066.905,3.473,4.005735,41.31,1066.905,266.726,0.92,3.7,0.283,33.87,11.17,2.82,14.15,0.16,5.45,yolo,29.0,0.37,0,70.0,0.0,430.3,0.0,0,100.0
2026-05-21 15:05:39,12990,rgb,4,couch|tv|chair|chair|tv|chair,0.521,0,32.17,0.0,32.17,1092.172,3.5552,4.014652,41.31,1092.172,273.043,0.83,3.7,0.284,33.95,11.28,2.8,14.1,0.16,5.5,yolo,26.8,0.93,0,71.5,0.0,430.3,0.0,0,100.0
2026-05-21 15:05:40,13020,rgb,4,couch|tv|chair|couch|chair|tv|chair,0.52,0,23.18,0.0,23.18,799.246,2.6017,4.023798,41.31,799.246,199.811,0.37,5.0,0.277,34.48,11.44,2.79,14.42,0.17,5.57,yolo,8.5,4.56,0,51.5,0.0,430.3,0.0,0,100.0
2026-05-21 15:05:41,13050,rgb,5,couch|tv|chair|couch|chair|chair|tv|chair,0.528,0,31.23,0.0,31.23,1080.246,3.5164,4.030533,41.31,1080.246,216.049,0.91,4.6,0.347,34.59,11.62,2.75,14.39,0.18,5.55,yolo,28.5,3.59,0,69.4,0.0,430.3,0.0,1,80.0
2026-05-21 15:05:42,13080,rgb,5,couch|tv|chair|couch|chair|tv|chair,0.511,0,32.53,0.0,32.53,1102.442,3.5887,4.039374,41.31,1102.442,220.488,0.89,4.5,0.356,33.89,11.19,2.81,14.05,0.17,5.55,yolo,28.8,0.23,0,72.3,0.0,430.3,0.0,0,80.0
2026-05-21 15:05:43,13110,rgb,4,couch|tv|chair|chair|tv|chair,0.501,0,31.05,0.0,31.05,1047.316,3.4092,4.048544,41.31,1047.316,261.829,0.9,3.8,0.286,33.73,11.2,2.8,13.97,0.17,5.47,yolo,28.0,0.14,0,69.0,0.0,430.3,0.0,0,100.0
2026-05-21 15:05:44,13140,rgb,5,couch|tv|chair|couch|chair|tv|chair,0.521,0,32.09,0.0,32.09,1087.53,3.5401,4.057323,41.31,1087.53,217.506,0.9,4.6,0.361,33.89,11.46,2.81,13.86,0.16,5.5,yolo,28.9,0.22,0,71.3,0.0,430.3,0.0,0,100.0
2026-05-21 15:05:45,13170,rgb,4,couch|tv|chair|tv|chair,0.515,0,31.86,0.0,31.86,1078.461,3.5106,4.06638,41.31,1078.461,269.615,0.84,3.7,0.291,33.85,11.53,2.81,13.75,0.16,5.52,yolo,26.7,0.75,0,70.8,0.0,430.3,0.0,0,100.0
2026-05-21 15:05:46,13200,rgb,1,couch|tv|chair|couch|chair|chair|tv|chair,0.517,0,31.54,0.0,31.54,1064.79,3.4661,4.075347,41.31,1064.79,1064.79,0.92,0.9,0.073,33.76,11.41,2.81,13.79,0.16,5.51,yolo,29.0,0.86,0,70.1,0.0,430.3,0.0,1,100.0
2026-05-21 15:05:48,13230,rgb,3,couch|chair|chair,0.497,0,33.57,0.0,33.57,1139.03,3.7078,4.084261,41.31,1139.03,379.677,0.8,2.6,0.208,33.93,10.86,2.83,14.43,0.13,5.48,yolo,26.7,0.97,0,74.6,0.0,430.3,0.0,1,66.7
2026-05-21 15:05:49,13260,rgb,0,couch|tv|chair|tv|chair|chair,0.488,0,33.39,0.0,33.39,1136.929,3.7009,4.09375,41.31,1136.929,1136.929,0.87,0.0,0.0,34.05,10.79,2.78,14.74,0.09,5.38,yolo,28.9,0.97,0,74.2,0.0,430.3,0.0,1,100.0
2026-05-21 15:05:50,13290,rgb,3,couch|keyboard|chair|couch|chair|book|keyboard,0.477,0,35.1,0.0,35.1,1190.592,3.8756,4.103215,41.31,1190.592,396.864,0.76,2.5,0.207,33.92,10.86,2.83,14.51,0.07,5.39,yolo,26.7,1.04,0,78.0,0.0,430.3,0.0,1,100.0
2026-05-21 15:05:51,13320,rgb,2,couch|chair|chair,0.462,0,24.98,0.0,24.98,846.073,2.7541,4.113037,41.31,846.073,423.036,1.14,2.4,0.137,33.87,10.71,2.85,14.57,0.09,5.41,yolo,28.6,3.41,0,55.5,0.0,430.3,0.0,1,100.0
2026-05-21 15:05:53,13350,rgb,2,couch|chair,0.562,0,33.16,0.0,33.16,1123.792,3.6582,4.120164,41.31,1123.792,561.896,0.84,1.8,0.136,33.89,10.71,2.8,14.66,0.11,5.38,yolo,28.0,0.11,0,73.7,0.0,430.3,0.0,1,100.0
2026-05-21 15:05:54,13380,rgb,1,couch|chair|chair,0.602,0,33.98,0.0,33.98,1148.864,3.7398,4.129531,41.31,1148.864,1148.864,0.85,0.9,0.068,33.81,10.61,2.79,14.66,0.11,5.4,yolo,29.0,0.25,0,75.5,0.0,430.3,0.0,1,100.0
2026-05-21 15:05:55,13410,rgb,0,toilet|couch|chair|cat|chair|person|chair,0.6,0,33.62,0.0,33.62,1130.641,3.6805,4.139061,41.31,1130.641,1130.641,0.79,0.0,0.0,33.63,10.28,2.85,14.63,0.1,5.5,yolo,26.6,0.82,0,74.7,0.0,430.3,0.0,1,100.0
2026-05-21 15:05:56,13440,rgb,0,person|chair,0.561,0,33.71,0.0,33.71,1135.353,3.6958,4.148509,41.31,1135.353,1135.353,0.83,0.0,0.0,33.68,10.47,2.84,14.5,0.06,5.51,yolo,28.0,0.48,0,74.9,0.0,430.3,0.0,1,100.0
2026-05-21 15:05:57,13470,rgb,0,person,0.549,0,33.26,0.0,33.26,1126.516,3.667,4.158027,41.31,1126.516,1126.516,0.84,0.0,0.0,33.87,11.0,2.79,14.32,0.02,5.44,yolo,27.9,0.03,0,73.9,0.0,430.4,0.0,1,100.0
2026-05-21 15:05:58,13500,rgb,1,cat|person|cat|person,0.529,0,33.48,0.0,33.48,1134.302,3.6924,4.167413,41.31,1134.302,1134.302,0.86,0.9,0.07,33.88,10.96,2.82,14.32,0.03,5.43,yolo,28.9,0.37,0,74.4,0.0,430.4,0.0,1,100.0
2026-05-21 15:05:59,13530,rgb,1,person|cup|person,0.589,0,33.48,0.0,33.48,1134.972,3.6946,4.176861,41.31,1134.972,1134.972,0.8,0.9,0.07,33.9,11.0,2.81,14.37,0.07,5.33,yolo,26.7,0.93,0,74.4,0.0,430.4,0.0,1,100.0
2026-05-21 15:06:00,13560,rgb,1,person|cup|person,0.683,0,33.52,0.0,33.52,1136.998,3.7012,4.186324,41.31,1136.998,1136.998,0.86,0.9,0.069,33.92,10.71,2.82,14.51,0.09,5.46,yolo,28.9,0.97,0,74.5,0.0,430.4,0.0,1,0.0
2026-05-21 15:06:02,13590,rgb,2,bottle|person|traffic light|person|person|cat|person,0.726,0,34.88,0.0,34.88,1182.781,3.8502,4.195813,41.31,1182.781,591.39,0.77,1.7,0.136,33.91,10.36,2.84,14.76,0.09,5.53,yolo,26.9,0.94,0,77.5,0.0,430.4,0.0,1,50.0
2026-05-21 15:06:03,13620,rgb,2,bottle|person|laptop|traffic light|person|person|bottle|person,0.645,0,24.43,0.0,24.43,836.239,2.7221,4.205643,41.31,836.239,418.12,1.15,2.4,0.132,34.23,10.46,2.82,15.13,0.12,5.41,yolo,28.1,3.34,0,54.3,0.0,430.4,0.0,1,100.0
2026-05-21 15:06:04,13650,rgb,3,bottle|person|cup|bottle|person|laptop|cell phone|person|bottle|person|couch|cell phone|person|bottle|cell phone|person|cat|person,0.623,0,33.71,0.0,33.71,1149.848,3.743,4.212673,41.31,1149.848,383.283,0.83,2.6,0.198,34.11,10.27,2.84,15.12,0.16,5.44,yolo,27.9,0.04,0,74.9,0.0,430.4,0.0,1,100.0
2026-05-21 15:06:05,13680,rgb,2,bottle|person|cup|cell phone|person|couch|person|person|bottle|person,0.625,0,33.26,0.0,33.26,1123.855,3.6584,4.222174,41.31,1123.855,561.928,0.84,1.8,0.136,33.79,10.37,2.82,14.76,0.15,5.36,yolo,27.9,0.0,0,73.9,0.0,430.4,0.0,1,100.0
2026-05-21 15:06:06,13710,rgb,1,bottle|cell phone|person|cell phone|person|person|bottle|person,0.659,0,33.52,0.0,33.52,1135.993,3.6979,4.231571,41.31,1135.993,1135.993,0.83,0.9,0.069,33.89,10.89,2.77,14.48,0.13,5.29,yolo,28.0,0.02,0,74.5,0.0,430.3,0.0,1,100.0
2026-05-21 15:06:07,13740,rgb,1,dog|person|cell phone|person|person|toothbrush,0.659,0,33.98,0.0,33.98,1145.466,3.7287,4.241001,41.31,1145.466,1145.466,0.85,0.9,0.069,33.71,10.53,2.85,14.49,0.09,5.44,yolo,28.9,0.22,0,75.5,0.0,430.3,0.0,1,100.0
2026-05-21 15:06:08,13770,rgb,3,bottle|microwave|person|bottle|chair|cup,0.618,0,33.66,0.0,33.66,1131.986,3.6848,4.250526,41.31,1131.986,377.329,0.79,2.7,0.206,33.63,10.19,2.89,14.56,0.05,5.65,yolo,26.7,0.75,0,74.8,0.0,430.3,0.0,1,0.0
2026-05-21 15:06:09,13800,rgb,0,remote|cell phone|bottle|chair|cup|bottle|oven|cell phone|person,0.539,0,33.44,0.0,33.44,1131.944,3.6847,4.260009,41.31,1131.944,1131.944,0.87,0.0,0.0,33.85,10.63,2.81,14.33,0.05,5.73,yolo,28.9,0.82,0,74.3,0.0,430.3,0.0,1,100.0
2026-05-21 15:06:10,13830,rgb,4,knife|refrigerator|mouse|sink|bottle|microwave|knife|bottle|sink|cup|knife|bottle|microwave|cup|refrigerator|chair|knife|sink|microwave|sink|bottle|microwave|cup|chair|bottle|sink|knife|sink|microwave|cup,0.461,0,33.52,0.0,33.52,1153.758,3.7557,4.269578,41.31,1153.758,288.44,0.8,3.5,0.273,34.42,10.89,2.81,14.65,0.09,5.65,yolo,26.9,0.88,0,74.5,0.0,430.4,0.0,1,75.0
2026-05-21 15:06:12,13860,rgb,2,couch|bottle|knife|bottle|microwave|cup|microwave|mouse|chair|book|chair|mouse|microwave|chair,0.501,0,33.71,0.0,33.71,1155.242,3.7606,4.279154,41.31,1155.242,577.621,0.79,1.7,0.135,34.27,10.68,2.76,14.85,0.09,5.55,yolo,26.6,0.14,0,74.9,0.0,430.4,0.0,1,0.0
2026-05-21 15:06:13,13890,rgb,2,book|bottle|cup|book|chair|bottle|chair|bottle|bottle|book|chair|remote|person|bottle|book|chair,0.477,0,33.79,0.0,33.79,1143.116,3.7211,4.28868,41.31,1143.116,571.558,0.85,1.7,0.138,33.83,10.5,2.77,14.53,0.06,5.62,yolo,28.9,1.11,0,75.1,0.0,430.4,0.0,1,100.0
2026-05-21 15:06:14,13920,rgb,3,bottle|chair|chair,0.453,0,25.07,0.0,25.07,856.642,2.7885,4.298221,41.31,856.642,285.547,1.13,3.5,0.201,34.17,10.12,2.81,14.95,0.11,5.83,yolo,28.3,3.34,0,55.7,0.0,430.4,0.0,1,100.0
2026-05-21 15:06:15,13950,rgb,2,cup|chair|bottle|chair|chair,0.495,0,34.42,0.0,34.42,1175.099,3.8252,4.305447,41.31,1175.099,587.549,0.84,1.7,0.134,34.14,9.95,2.8,14.91,0.14,5.96,yolo,29.0,0.17,0,76.5,0.0,430.4,0.0,1,100.0
2026-05-21 15:06:17,13980,rgb,4,bottle|chair|bottle|book|chair|chair,0.522,0,33.71,0.0,33.71,1141.421,3.7156,4.315165,41.31,1141.421,285.355,0.79,3.5,0.276,33.86,10.09,2.83,14.5,0.15,5.92,yolo,26.7,0.78,0,74.9,0.0,430.4,0.0,1,75.0
2026-05-21 15:06:18,14010,rgb,3,bottle|remote|chair|couch|knife|chair|book|chair|bottle|chair|chair|bottle|book|chair,0.459,0,33.62,0.0,33.62,1135.011,3.6947,4.324654,41.31,1135.011,378.337,0.83,2.6,0.205,33.76,9.91,2.84,14.6,0.16,5.91,yolo,28.0,0.44,0,74.7,0.0,430.4,0.0,1,100.0
2026-05-21 15:06:19,14040,rgb,0,knife|bottle|book|chair|book|chair|bottle|chair|knife|book|chair|chair,0.434,0,33.93,0.0,33.93,1146.834,3.7332,4.334134,41.31,1146.834,1146.834,0.85,0.0,0.0,33.8,9.87,2.82,14.67,0.14,5.97,yolo,28.8,0.3,0,75.4,0.0,430.4,0.0,1,100.0
2026-05-21 15:06:20,14070,rgb,0,cat|person,0.442,0,33.03,0.0,33.03,1117.075,3.6363,4.343671,41.31,1117.075,1117.075,0.81,0.0,0.0,33.82,10.42,2.83,14.51,0.08,5.71,yolo,26.8,0.85,0,73.4,0.0,430.4,0.0,1,100.0
2026-05-21 15:06:21,14100,rgb,1,person|person|book|cat|person,0.475,0,34.69,0.0,34.69,1174.256,3.8224,4.352998,41.31,1174.256,1174.256,0.83,0.9,0.069,33.85,10.55,2.79,14.47,0.08,5.65,yolo,28.9,0.93,0,77.1,0.0,430.4,0.0,1,100.0
2026-05-21 15:06:22,14130,rgb,14,person|book,0.471,0,33.84,0.0,33.84,1151.914,3.7497,4.362839,41.31,1151.914,82.28,0.79,12.2,0.94,34.04,9.64,2.81,14.9,0.31,5.96,yolo,26.8,0.99,0,75.2,0.0,430.4,0.0,1,92.9
2026-05-21 15:06:23,14160,rgb,16,cake|book|book,0.459,0,34.97,0.0,34.97,1208.913,3.9353,4.372428,41.31,1208.913,75.557,0.83,13.2,1.048,34.57,9.41,2.82,15.27,0.54,6.06,yolo,29.0,1.06,0,77.7,0.0,430.4,0.0,1,93.8
2026-05-21 15:06:25,14190,rgb,17,book,0.448,0,34.2,0.0,34.2,1174.086,3.8219,4.382436,41.31,1174.086,69.064,0.76,14.5,1.11,34.33,9.01,2.82,15.32,0.61,6.11,yolo,26.0,1.5,0,76.0,0.0,430.4,0.0,1,100.0
2026-05-21 15:06:26,14220,rgb,16,book,0.433,0,25.56,0.0,25.56,865.973,2.8189,4.392175,41.31,865.973,54.123,1.12,18.5,1.055,33.88,8.65,2.89,15.17,0.6,6.09,yolo,28.6,2.93,0,56.8,0.0,430.4,0.0,1,87.5
2026-05-21 15:06:27,14250,rgb,13,book,0.437,0,33.44,0.0,33.44,1133.95,3.6912,4.399469,41.31,1133.95,87.227,0.84,11.5,0.868,33.91,8.96,2.89,14.98,0.55,6.04,yolo,27.9,0.13,0,74.3,0.0,430.4,0.0,1,100.0
2026-05-21 15:06:28,14280,rgb,15,book,0.474,0,34.42,0.0,34.42,1167.526,3.8005,4.408919,41.31,1167.526,77.835,0.84,12.8,1.012,33.92,9.24,2.83,14.82,0.53,6.02,yolo,29.0,0.27,0,76.5,0.0,430.4,0.0,1,93.3
2026-05-21 15:06:29,14310,rgb,0,person|person|book|book|cat|person,0.428,0,33.62,0.0,33.62,1139.046,3.7078,4.418635,41.31,1139.046,1139.046,0.8,0.0,0.0,33.88,9.77,2.87,14.58,0.31,5.93,yolo,26.8,0.75,0,74.7,0.0,430.4,0.0,1,100.0
2026-05-21 15:06:30,14340,rgb,3,cat|bottle|laptop|chair|laptop|chair|chair,0.434,0,33.21,0.0,33.21,1122.498,3.654,4.428112,41.31,1122.498,374.166,0.84,2.7,0.208,33.8,10.38,2.86,14.44,0.08,5.74,yolo,27.8,0.34,0,73.8,0.0,430.4,0.0,1,66.7
2026-05-21 15:06:31,14370,rgb,0,bottle|laptop|chair|train|chair,0.431,0,33.75,0.0,33.75,1147.163,3.7343,4.437509,41.31,1147.163,1147.163,0.86,0.0,0.0,33.99,10.7,2.86,14.55,0.03,5.57,yolo,28.9,0.41,0,75.0,0.0,430.4,0.0,1,100.0
2026-05-21 15:06:32,14400,rgb,0,cat|person,0.43,0,34.16,0.0,34.16,1156.999,3.7663,4.447035,41.31,1156.999,1156.999,0.79,0.0,0.0,33.87,10.63,2.9,14.49,0.02,5.55,yolo,26.8,0.89,0,75.9,0.0,430.4,0.0,1,100.0
2026-05-21 15:06:33,14430,rgb,0,—,0.429,0,32.98,0.0,32.98,1116.043,3.633,4.456647,41.31,1116.043,1116.043,0.85,0.0,0.0,33.84,10.93,2.84,14.39,0.01,5.41,yolo,28.0,0.51,0,73.3,0.0,430.4,0.0,1,100.0
2026-05-21 15:06:34,14460,rgb,0,—,0.429,0,33.12,0.0,33.12,1124.093,3.6592,4.465964,41.31,1124.093,1124.093,0.87,0.0,0.0,33.94,11.24,2.81,14.34,0.0,5.3,yolo,29.0,0.44,0,73.6,0.0,430.4,0.0,1,100.0
2026-05-21 15:06:36,14490,rgb,0,—,0.429,0,33.12,0.0,33.12,1123.762,3.6581,4.475326,41.31,1123.762,1123.762,0.8,0.0,0.0,33.93,11.12,2.77,14.4,0.0,5.41,yolo,26.6,1.13,0,73.6,0.0,430.4,0.0,1,100.0
2026-05-21 15:06:37,14520,rgb,0,—,0.429,0,24.57,0.0,24.57,835.626,2.7201,4.484639,41.31,835.626,835.626,1.16,0.0,0.0,34.01,10.87,2.77,14.73,0.0,5.41,yolo,28.4,3.36,0,54.6,0.0,430.4,0.0,1,100.0
2026-05-21 15:06:38,14550,rgb,0,—,0.429,0,33.66,0.0,33.66,1141.747,3.7166,4.491678,41.31,1141.747,1141.747,0.83,0.0,0.0,33.92,10.73,2.85,14.8,0.0,5.32,yolo,27.9,0.09,0,74.8,0.0,430.4,0.0,1,100.0
2026-05-21 15:06:39,14580,rgb,0,—,0.429,0,33.84,0.0,33.84,1147.853,3.7365,4.501182,41.31,1147.853,1147.853,0.82,0.0,0.0,33.92,10.77,2.89,14.64,0.0,5.41,yolo,27.9,0.0,0,75.2,0.0,430.4,0.0,1,100.0
2026-05-21 15:06:41,14610,rgb,0,—,0.429,0,33.79,0.0,33.79,1164.065,3.7893,4.51088,41.31,1164.065,1164.065,0.79,0.0,0.0,34.45,10.91,2.89,14.92,0.0,5.54,yolo,26.8,0.37,0,75.1,0.0,430.4,0.0,1,100.0
2026-05-21 15:06:42,14640,rgb,0,—,0.429,0,35.01,0.0,35.01,1205.044,3.9227,4.520592,41.31,1205.044,1205.044,0.8,0.0,0.0,34.42,10.83,2.93,14.97,0.0,5.53,yolo,28.0,0.41,0,77.8,0.0,430.4,0.0,1,100.0
2026-05-21 15:06:43,14670,rgb,0,—,0.429,0,34.29,0.0,34.29,1179.233,3.8386,4.530508,41.31,1179.233,1179.233,0.82,0.0,0.0,34.39,10.87,2.85,15.03,0.0,5.5,yolo,28.0,0.0,0,76.2,0.0,430.4,0.0,0,100.0
2026-05-21 15:06:44,14700,rgb,0,—,0.429,0,33.52,0.0,33.52,1152.082,3.7503,4.540314,41.31,1152.082,1152.082,0.83,0.0,0.0,34.37,11.28,2.8,14.74,0.0,5.42,yolo,27.8,0.09,0,74.5,0.0,430.4,0.0,0,100.0
2026-05-21 15:06:45,14730,rgb,0,—,0.429,0,33.88,0.0,33.88,1151.242,3.7475,4.54992,41.31,1151.242,1151.242,0.79,0.0,0.0,33.98,11.38,2.81,14.36,0.0,5.32,yolo,26.6,0.57,0,75.3,0.0,430.4,0.0,0,100.0
2026-05-21 15:06:46,14760,rgb,0,—,0.429,0,33.34,0.0,33.34,1131.56,3.6835,4.55951,41.31,1131.56,1131.56,0.84,0.0,0.0,33.94,11.34,2.79,14.38,0.0,5.34,yolo,27.9,0.61,0,74.1,0.0,430.4,0.0,0,100.0
2026-05-21 15:06:48,14790,rgb,0,—,0.429,0,33.71,0.0,33.71,1138.05,3.7046,4.568911,41.31,1138.05,1138.05,0.83,0.0,0.0,33.76,11.08,2.84,14.27,0.0,5.49,yolo,27.9,0.0,0,74.9,0.0,430.4,0.0,0,100.0
2026-05-21 15:06:49,14820,rgb,0,—,0.429,0,27.5,0.0,27.5,946.275,3.0803,4.57849,41.31,946.275,946.275,1.0,0.0,0.0,34.41,10.22,2.93,15.56,0.0,5.6,yolo,27.5,3.2,0,61.1,0.0,430.4,0.0,0,100.0
2026-05-21 15:06:50,14850,depth,0,—,0.429,0,34.29,0.0,34.29,1184.377,3.8554,4.586464,41.31,1184.377,1184.377,0.84,0.0,0.0,34.54,9.96,3.12,15.84,0.0,5.53,yolo,28.8,0.32,0,76.2,0.0,436.5,0.0,1,100.0
2026-05-21 15:06:51,14880,depth,0,—,0.429,0,34.52,0.0,34.52,1165.05,3.7925,4.596151,41.31,1165.05,1165.05,0.78,0.0,0.0,33.75,9.35,4.32,14.93,0.0,5.03,yolo,26.8,0.68,0,76.7,0.0,437.4,0.0,1,100.0
2026-05-21 15:06:52,14910,depth,0,—,0.429,0,34.34,0.0,34.34,1160.005,3.7761,4.60586,41.31,1160.005,1160.005,0.81,0.0,0.0,33.78,8.75,5.48,14.77,0.0,4.62,yolo,28.0,0.41,0,76.3,0.0,438.3,0.0,1,100.0
2026-05-21 15:06:53,14940,rgb,0,—,0.429,0,35.1,0.0,35.1,1188.837,3.8699,4.615556,41.31,1188.837,1188.837,0.82,0.0,0.0,33.87,8.89,5.37,14.81,0.0,4.64,yolo,28.9,0.34,0,78.0,0.0,438.3,0.0,0,100.0
2026-05-21 15:06:54,14970,rgb,0,—,0.429,0,34.34,0.0,34.34,1162.066,3.7828,4.625446,41.31,1162.066,1162.066,0.78,0.0,0.0,33.84,9.61,4.03,14.95,0.0,5.13,yolo,26.9,0.85,0,76.3,0.0,438.3,0.0,0,100.0
2026-05-21 15:06:55,15000,rgb,0,—,0.429,0,34.16,0.0,34.16,1156.658,3.7652,4.635112,41.31,1156.658,1156.658,0.85,0.0,0.0,33.86,10.74,2.88,14.66,0.0,5.49,yolo,29.0,0.93,0,75.9,0.0,438.3,0.0,0,100.0
2026-05-21 15:06:56,15030,rgb,0,—,0.429,0,33.52,0.0,33.52,1133.311,3.6892,4.64473,41.31,1133.311,1133.311,0.8,0.0,0.0,33.81,11.1,2.82,14.41,0.0,5.39,yolo,26.7,1.08,0,74.5,0.0,438.2,0.0,0,100.0
2026-05-21 15:06:57,15060,rgb,0,—,0.429,0,32.81,0.0,32.81,1106.681,3.6025,4.654158,41.31,1106.681,1106.681,0.85,0.0,0.0,33.73,11.08,2.85,14.33,0.0,5.39,yolo,27.9,0.57,0,72.9,0.0,438.3,0.0,0,100.0
2026-05-21 15:06:59,15090,rgb,0,—,0.429,0,33.93,0.0,33.93,1146.834,3.7332,4.663414,41.31,1146.834,1146.834,0.82,0.0,0.0,33.8,11.03,2.92,14.29,0.0,5.47,yolo,28.0,0.05,0,75.4,0.0,438.3,0.0,0,100.0
2026-05-21 15:07:00,15120,rgb,0,—,0.429,0,25.25,0.0,25.25,848.4,2.7617,4.672842,41.31,848.4,848.4,0.39,0.0,0.0,33.6,10.48,2.92,14.63,0.0,5.49,yolo,9.8,0.0,0,56.1,0.0,438.3,0.0,0,100.0
2026-05-21 15:07:01,15150,rgb,0,—,0.429,0,32.71,0.0,32.71,1099.056,3.5777,4.679983,41.31,1099.056,1099.056,0.87,0.0,0.0,33.6,10.48,2.85,14.77,0.0,5.41,yolo,28.6,0.05,0,72.7,0.0,438.3,0.0,0,100.0
2026-05-21 15:07:02,15180,rgb,0,—,0.429,0,34.06,0.0,34.06,1152.931,3.753,4.689198,41.31,1152.931,1152.931,0.82,0.0,0.0,33.85,10.88,2.77,14.67,0.0,5.43,yolo,27.9,0.13,0,75.7,0.0,438.3,0.0,0,100.0
2026-05-21 15:07:03,15210,rgb,0,—,0.429,0,34.11,0.0,34.11,1150.189,3.7441,4.698776,41.31,1150.189,1150.189,0.82,0.0,0.0,33.72,10.69,2.85,14.66,0.0,5.44,yolo,28.0,0.02,0,75.8,0.0,438.3,0.0,0,100.0
2026-05-21 15:07:04,15240,rgb,0,—,0.429,0,33.03,0.0,33.03,1118.726,3.6417,4.708399,41.31,1118.726,1118.726,0.88,0.0,0.0,33.87,11.05,2.9,14.44,0.0,5.36,yolo,29.0,0.25,0,73.4,0.0,438.3,0.0,1,100.0
2026-05-21 15:07:06,15270,rgb,1,person,0.463,0,34.2,0.0,34.2,1164.168,3.7896,4.717778,41.31,1164.168,1164.168,0.78,0.9,0.069,34.04,11.02,2.87,14.54,0.04,5.4,yolo,26.7,0.78,0,76.0,0.0,438.3,0.0,1,0.0
2026-05-21 15:07:07,15300,rgb,0,person|fork,0.53,0,33.88,0.0,33.88,1146.838,3.7332,4.727431,41.31,1146.838,1146.838,0.86,0.0,0.0,33.85,10.57,2.88,14.67,0.04,5.47,yolo,29.0,0.86,0,75.3,0.0,438.3,0.0,1,100.0
2026-05-21 15:07:08,15330,rgb,0,—,0.535,0,34.24,0.0,34.24,1156.627,3.7651,4.73698,41.31,1156.627,1156.627,0.78,0.0,0.0,33.78,10.59,2.91,14.61,0.01,5.44,yolo,26.7,0.97,0,76.1,0.0,438.3,0.0,1,100.0
2026-05-21 15:07:09,15360,rgb,0,chair,0.534,0,33.52,0.0,33.52,1135.993,3.6979,4.746646,41.31,1135.993,1135.993,0.86,0.0,0.0,33.89,10.74,2.89,14.61,0.0,5.43,yolo,28.9,0.97,0,74.5,0.0,438.3,0.0,1,100.0
2026-05-21 15:07:11,15390,rgb,7,person|book|book,0.492,0,33.93,0.0,33.93,1168.549,3.8039,4.756139,41.31,1168.549,166.936,0.79,6.0,0.462,34.44,10.54,2.84,15.16,0.07,5.58,yolo,26.7,1.04,0,75.4,0.0,438.3,0.0,1,85.7
2026-05-21 15:07:12,15420,rgb,7,book|person|book|chair|book|chair|person|book|bed|book|chair|bottle|book|chair,0.412,0,25.52,0.0,25.52,877.888,2.8577,4.765792,41.31,877.888,125.413,1.13,8.0,0.453,34.4,9.75,2.87,15.45,0.23,5.81,yolo,28.8,3.5,0,56.7,0.0,438.3,0.0,1,100.0
2026-05-21 15:07:13,15450,rgb,11,book|person|book|chair|book|chair|person|book|bottle|person|book|chair,0.424,0,34.2,0.0,34.2,1158.354,3.7707,4.773159,41.31,1158.354,105.305,0.84,9.5,0.727,33.87,9.31,2.9,15.13,0.31,5.88,yolo,28.9,0.02,0,76.0,0.0,438.3,0.0,1,100.0
2026-05-21 15:07:14,15480,rgb,10,person|book|chair|book|chair|bottle|book|chair,0.429,0,33.57,0.0,33.57,1135.002,3.6947,4.782785,41.31,1135.002,113.5,0.8,8.8,0.664,33.81,9.36,2.89,15.05,0.33,5.83,yolo,26.7,0.75,0,74.6,0.0,438.3,0.0,1,90.0
2026-05-21 15:07:15,15510,rgb,1,book|person|book|chair|book|chair|person|book|cat,0.418,0,33.79,0.0,33.79,1139.737,3.7101,4.792245,41.31,1139.737,1139.737,0.83,0.9,0.067,33.73,9.62,2.8,14.9,0.32,5.73,yolo,27.9,0.41,0,75.1,0.0,438.3,0.0,1,0.0
2026-05-21 15:07:16,15540,rgb,0,cat|fork,0.43,0,34.11,0.0,34.11,1153.6,3.7552,4.801774,41.31,1153.6,1153.6,0.82,0.0,0.0,33.82,10.38,2.78,14.74,0.15,5.46,yolo,28.0,0.03,0,75.8,0.0,438.3,0.0,1,100.0
2026-05-21 15:07:17,15570,rgb,0,—,0.432,0,34.24,0.0,34.24,1161.421,3.7807,4.811418,41.31,1161.421,1161.421,0.85,0.0,0.0,33.92,10.76,2.85,14.67,0.01,5.39,yolo,29.0,0.37,0,76.1,0.0,438.3,0.0,1,100.0
2026-05-21 15:07:18,15600,rgb,0,—,0.432,0,34.06,0.0,34.06,1155.656,3.7619,4.821094,41.31,1155.656,1155.656,0.79,0.0,0.0,33.93,10.87,2.85,14.53,0.0,5.46,yolo,26.8,0.93,0,75.7,0.0,438.3,0.0,1,100.0
2026-05-21 15:07:19,15630,rgb,10,tv|book|book|fork,0.44,0,33.93,0.0,33.93,1150.906,3.7464,4.830704,41.31,1150.906,115.091,0.85,8.7,0.692,33.92,11.01,2.8,14.45,0.03,5.39,yolo,28.9,0.93,0,75.4,0.0,438.3,0.0,1,60.0
2026-05-21 15:07:20,15660,rgb,10,tv|book|book|laptop|book,0.49,0,34.65,0.0,34.65,1174.635,3.8237,4.840309,41.31,1174.635,117.463,0.77,8.5,0.686,33.9,10.36,2.77,14.58,0.23,5.64,yolo,26.7,1.04,0,77.0,0.0,438.3,0.0,1,90.0
2026-05-21 15:07:22,15690,rgb,11,book|chair|book|laptop|book,0.486,0,33.93,0.0,33.93,1149.888,3.7431,4.850116,41.31,1149.888,104.535,0.82,9.6,0.737,33.89,9.38,2.8,14.92,0.41,5.98,yolo,27.9,0.57,0,75.4,0.0,438.3,0.0,1,100.0
2026-05-21 15:07:23,15720,rgb,9,book|chair|book,0.488,0,26.14,0.0,26.14,876.736,2.854,4.859536,41.31,876.736,97.415,0.37,10.3,0.591,33.54,8.55,2.9,15.22,0.41,6.0,yolo,9.7,0.0,0,58.1,0.0,438.3,0.0,1,88.9
2026-05-21 15:07:24,15750,rgb,10,book|person|book|chair|book|chair|person|book|bottle|person|book|chair|person,0.456,0,34.47,0.0,34.47,1153.366,3.7544,4.866894,41.31,1153.366,115.337,0.84,8.7,0.663,33.46,8.65,2.98,15.08,0.36,5.93,yolo,28.9,0.11,0,76.6,0.0,438.3,0.0,1,70.0
2026-05-21 15:07:25,15780,rgb,2,person|vase|person|book|person|chair|bottle|person|book|chair|person,0.447,0,34.61,0.0,34.61,1170.856,3.8114,4.876596,41.31,1170.856,585.428,0.81,1.7,0.136,33.83,9.75,2.93,14.72,0.22,5.79,yolo,27.9,0.18,0,76.9,0.0,438.3,0.0,1,50.0
2026-05-21 15:07:26,15810,rgb,1,cat|person,0.502,0,34.11,0.0,34.11,1155.647,3.7619,4.886361,41.31,1155.647,1155.647,0.85,0.9,0.068,33.88,10.49,2.83,14.6,0.09,5.57,yolo,28.9,0.25,0,75.8,0.0,438.3,0.0,1,100.0
2026-05-21 15:07:27,15840,rgb,1,cat|person|cat|person,0.529,0,33.62,0.0,33.62,1133.666,3.6903,4.895949,41.31,1133.666,1133.666,0.8,0.9,0.069,33.72,10.49,2.86,14.57,0.05,5.51,yolo,26.8,0.71,0,74.7,0.0,438.3,0.0,1,0.0
2026-05-21 15:07:28,15870,rgb,0,mouse|person|fork,0.511,0,34.11,0.0,34.11,1148.825,3.7397,4.905402,41.31,1148.825,1148.825,0.85,0.0,0.0,33.68,10.39,2.92,14.56,0.04,5.53,yolo,28.9,0.78,0,75.8,0.0,438.3,0.0,1,100.0
2026-05-21 15:07:29,15900,rgb,0,book,0.497,0,35.05,0.0,35.05,1190.999,3.8769,4.915044,41.31,1190.999,1190.999,0.76,0.0,0.0,33.98,10.73,2.89,14.55,0.02,5.54,yolo,26.8,0.89,0,77.9,0.0,438.3,0.0,1,100.0
2026-05-21 15:07:31,15930,rgb,0,fork,0.483,0,33.48,0.0,33.48,1138.99,3.7076,4.924945,41.31,1138.99,1138.99,0.86,0.0,0.0,34.02,10.99,2.82,14.41,0.01,5.54,yolo,29.0,0.97,0,74.4,0.0,438.3,0.0,1,100.0
2026-05-21 15:07:32,15960,rgb,0,book|fork|book|fork,0.439,0,33.71,0.0,33.71,1139.735,3.7101,4.9344,41.31,1139.735,1139.735,0.79,0.0,0.0,33.81,10.96,2.76,14.35,0.02,5.5,yolo,26.7,1.08,0,74.9,0.0,438.3,0.0,1,100.0
2026-05-21 15:07:33,15990,rgb,1,book|fork|book|fork,0.408,0,33.66,0.0,33.66,1138.381,3.7057,4.943896,41.31,1138.381,1138.381,0.86,0.9,0.07,33.82,10.95,2.76,14.38,0.02,5.53,yolo,29.0,1.11,0,74.8,0.0,438.3,0.0,1,0.0
2026-05-21 15:07:34,16020,rgb,0,book|fork,0.395,0,25.29,0.0,25.29,845.445,2.7521,4.953211,41.31,845.445,845.445,0.39,0.0,0.0,33.43,10.48,2.77,14.45,0.02,5.56,yolo,10.0,0.0,0,56.2,0.0,438.3,0.0,1,100.0
2026-05-21 15:07:36,16050,rgb,0,person|book|fork,0.386,0,33.79,0.0,33.79,1129.938,3.6782,4.960342,41.31,1129.938,1129.938,0.85,0.0,0.0,33.44,10.35,2.82,14.52,0.02,5.55,yolo,28.7,0.04,0,75.1,0.0,438.3,0.0,1,100.0
2026-05-21 15:07:37,16080,rgb,11,book|person|person|book|person|chair,0.427,0,33.48,0.0,33.48,1134.637,3.6935,4.969862,41.31,1134.637,103.149,0.86,9.7,0.76,33.89,10.65,2.86,14.48,0.08,5.56,yolo,28.9,0.05,0,74.4,0.0,438.3,0.0,1,90.9
2026-05-21 15:07:38,16110,rgb,9,person|book,0.455,0,33.26,0.0,33.26,1129.51,3.6768,4.979319,41.31,1129.51,125.501,0.8,8.0,0.614,33.96,10.27,2.86,14.66,0.24,5.58,yolo,26.7,0.75,0,73.9,0.0,438.3,0.0,1,100.0
2026-05-21 15:07:39,16140,rgb,9,person|book|chair|person|book,0.472,0,33.57,0.0,33.57,1137.016,3.7012,4.988702,41.31,1137.016,126.335,0.84,7.9,0.608,33.87,9.73,2.87,14.81,0.35,5.73,yolo,28.1,0.48,0,74.6,0.0,438.3,0.0,1,88.9
2026-05-21 15:07:40,16170,rgb,9,person|book|chair|person|book,0.469,0,34.11,0.0,34.11,1171.678,3.8141,4.99818,41.31,1171.678,130.186,0.84,7.7,0.594,34.35,9.68,2.9,15.14,0.33,5.92,yolo,28.8,0.26,0,75.8,0.0,438.3,0.0,1,100.0
2026-05-21 15:07:41,16200,rgb,10,person|book,0.47,0,33.66,0.0,33.66,1152.855,3.7528,5.007923,41.31,1152.855,115.285,0.79,8.7,0.659,34.25,9.5,2.87,15.17,0.36,5.95,yolo,26.7,0.93,0,74.8,0.0,438.3,0.0,1,100.0
2026-05-21 15:07:42,16230,rgb,10,person|book|chair|person|book,0.464,0,33.75,0.0,33.75,1135.013,3.6947,5.017503,41.31,1135.013,113.501,0.8,8.8,0.672,33.63,9.23,2.78,14.89,0.4,5.94,yolo,26.8,0.05,0,75.0,0.0,438.3,0.0,1,100.0
2026-05-21 15:07:43,16260,rgb,0,person|book|chair|person|person|book,0.468,0,33.88,0.0,33.88,1140.062,3.7111,5.026974,41.31,1140.062,1140.062,0.82,0.0,0.0,33.65,9.68,2.78,14.75,0.29,5.79,yolo,27.9,0.52,0,75.3,0.0,438.3,0.0,1,100.0
2026-05-21 15:07:45,16290,rgb,2,book|fork|book|fork,0.457,0,33.84,0.0,33.84,1138.716,3.7068,5.036484,41.31,1138.716,569.358,0.85,1.8,0.138,33.65,10.4,2.79,14.46,0.12,5.55,yolo,28.9,0.48,0,75.2,0.0,438.3,0.0,1,0.0
2026-05-21 15:07:46,16320,rgb,0,book|fork|book|fork,0.451,0,24.53,0.0,24.53,845.549,2.7524,5.046083,41.31,845.549,845.549,1.13,0.0,0.0,34.47,11.09,2.85,14.68,0.05,5.48,yolo,27.7,3.2,0,54.5,0.0,438.3,0.0,1,100.0
2026-05-21 15:07:47,16350,rgb,1,book|fork|fork,0.435,0,33.75,0.0,33.75,1163.025,3.7859,5.053217,41.31,1163.025,1163.025,0.83,0.9,0.067,34.46,10.69,2.92,14.95,0.07,5.52,yolo,27.9,0.04,0,75.0,0.0,438.3,0.0,1,100.0
2026-05-21 15:07:48,16380,rgb,1,book|fork|fork,0.438,0,33.79,0.0,33.79,1145.143,3.7277,5.062763,41.31,1145.143,1145.143,0.82,0.9,0.068,33.89,10.43,2.82,14.77,0.06,5.52,yolo,27.8,0.02,0,75.1,0.0,438.3,0.0,1,100.0
2026-05-21 15:07:49,16410,rgb,2,book|fork|book|fork,0.433,0,33.66,0.0,33.66,1140.401,3.7122,5.07229,41.31,1140.401,570.201,0.83,1.8,0.138,33.88,10.81,2.79,14.46,0.05,5.5,yolo,28.0,0.04,0,74.8,0.0,438.3,0.0,1,100.0
2026-05-21 15:07:50,16440,rgb,1,book|fork|book|fork,0.433,0,33.66,0.0,33.66,1138.381,3.7057,5.081786,41.31,1138.381,1138.381,0.86,0.9,0.07,33.82,10.73,2.89,14.29,0.06,5.6,yolo,29.0,0.25,0,74.8,0.0,438.3,0.0,1,0.0
2026-05-21 15:07:51,16470,rgb,2,book|fork|book|fork,0.427,0,33.71,0.0,33.71,1153.893,3.7562,5.091273,41.31,1153.893,576.947,0.79,1.7,0.135,34.23,10.64,2.87,14.86,0.06,5.57,yolo,26.7,0.78,0,74.9,0.0,438.3,0.0,1,100.0
2026-05-21 15:07:52,16500,rgb,1,book|fork|book|fork,0.438,0,33.88,0.0,33.88,1144.466,3.7255,5.100771,41.31,1144.466,1144.466,0.85,0.9,0.067,33.78,10.21,2.83,14.93,0.06,5.56,yolo,29.0,0.86,0,75.3,0.0,438.3,0.0,1,100.0
2026-05-21 15:07:53,16530,rgb,1,teddy bear|fork|book|fork|book|fork,0.447,0,34.52,0.0,34.52,1150.206,3.7442,5.110318,41.31,1150.206,1150.206,0.77,0.9,0.068,33.32,9.97,2.85,14.66,0.06,5.62,yolo,26.7,0.97,0,76.7,0.0,438.3,0.0,1,0.0
2026-05-21 15:07:55,16560,rgb,1,book|fork|book|fork,0.438,0,32.85,0.0,32.85,1105.731,3.5994,5.119986,41.31,1105.731,1105.731,0.85,0.9,0.069,33.66,10.69,2.82,14.45,0.05,5.53,yolo,28.0,0.55,0,73.0,0.0,438.3,0.0,0,100.0
2026-05-21 15:07:56,16590,rgb,2,book|fork|fork,0.426,0,31.91,0.0,31.91,1077.282,3.5068,5.129197,41.31,1077.282,538.641,0.87,1.9,0.144,33.76,11.53,2.77,13.92,0.04,5.4,yolo,27.9,0.04,0,70.9,0.0,438.3,0.0,0,50.0
2026-05-21 15:07:57,16620,rgb,2,book|fork|book|fork,0.427,0,23.04,0.0,23.04,772.992,2.5162,5.138036,41.31,772.992,386.496,0.38,2.6,0.142,33.55,11.16,2.81,14.08,0.05,5.36,yolo,8.8,4.76,0,51.2,0.0,438.3,0.0,0,100.0
2026-05-21 15:07:58,16650,rgb,0,book|fork|fork,0.442,0,32.09,0.0,32.09,1078.545,3.5109,5.144579,41.31,1078.545,1078.545,0.88,0.0,0.0,33.61,11.19,2.8,14.06,0.06,5.42,yolo,28.1,4.81,0,71.3,0.0,438.3,0.0,0,100.0
2026-05-21 15:07:59,16680,rgb,0,book|fork|book|fork,0.438,0,31.41,0.0,31.41,1068.254,3.4774,5.15365,41.31,1068.254,1068.254,0.89,0.0,0.0,34.01,11.98,2.73,13.76,0.05,5.4,yolo,27.9,0.05,0,69.8,0.0,438.3,0.0,0,100.0
2026-05-21 15:08:01,16710,rgb,2,book|fork|fork,0.441,0,32.31,0.0,32.31,1094.017,3.5613,5.162527,41.31,1094.017,547.009,0.86,1.8,0.145,33.86,11.89,2.71,13.79,0.03,5.36,yolo,27.8,0.02,0,71.8,0.0,438.3,0.0,0,0.0
2026-05-21 15:08:02,16740,rgb,0,book|fork|book|fork,0.449,0,32.58,0.0,32.58,1101.856,3.5868,5.171651,41.31,1101.856,1101.856,0.86,0.0,0.0,33.82,11.7,2.73,13.88,0.03,5.35,yolo,28.1,0.07,0,72.4,0.0,438.3,0.0,1,100.0
2026-05-21 15:08:03,16770,rgb,0,—,0.45,0,32.58,0.0,32.58,1088.824,3.5443,5.180728,41.31,1088.824,1088.824,0.88,0.0,0.0,33.42,11.2,2.81,13.94,0.01,5.28,yolo,28.8,0.17,0,72.4,0.0,438.3,0.0,0,100.0
2026-05-21 15:08:04,16800,rgb,0,—,0.45,0,32.31,0.0,32.31,1073.015,3.4929,5.189735,41.31,1073.015,1073.015,0.86,0.0,0.0,33.21,11.13,2.85,13.93,0.0,5.14,yolo,27.8,0.25,0,71.8,0.0,438.3,0.0,1,100.0
2026-05-21 15:08:05,16830,rgb,0,—,0.45,0,33.84,0.0,33.84,1141.085,3.7145,5.198819,41.31,1141.085,1141.085,0.82,0.0,0.0,33.72,11.46,2.83,14.17,0.0,5.09,yolo,27.9,0.02,0,75.2,0.0,438.3,0.0,1,100.0
2026-05-21 15:08:06,16860,rgb,0,—,0.45,0,32.31,0.0,32.31,1095.955,3.5676,5.208345,41.31,1095.955,1095.955,0.86,0.0,0.0,33.92,11.57,2.88,14.27,0.0,5.04,yolo,27.9,0.0,0,71.8,0.0,438.3,0.0,0,100.0
2026-05-21 15:08:08,16890,rgb,0,—,0.45,0,32.13,0.0,32.13,1088.564,3.5435,5.217464,41.31,1088.564,1088.564,0.87,0.0,0.0,33.88,11.97,2.78,14.02,0.0,4.95,yolo,28.0,0.02,0,71.4,0.0,438.3,0.0,0,100.0
2026-05-21 15:08:09,16920,rgb,0,—,0.45,0,23.45,0.0,23.45,800.817,2.6068,5.226533,41.31,800.817,800.817,1.2,0.0,0.0,34.15,12.13,2.73,14.22,0.0,4.93,yolo,28.1,1.96,0,52.1,0.0,438.3,0.0,0,100.0
2026-05-21 15:08:10,16950,rgb,0,—,0.45,0,32.36,0.0,32.36,1115.126,3.63,5.233299,41.31,1115.126,1115.126,0.85,0.0,0.0,34.46,12.13,2.84,14.39,0.0,4.92,yolo,27.5,0.11,0,71.9,0.0,438.3,0.0,1,100.0
2026-05-21 15:08:11,16980,rgb,0,—,0.45,0,32.49,0.0,32.49,1098.162,3.5747,5.242434,41.31,1098.162,1098.162,0.87,0.0,0.0,33.8,11.78,2.83,14.11,0.0,4.9,yolo,28.4,0.16,0,72.2,0.0,438.3,0.0,0,100.0
2026-05-21 15:08:12,17010,rgb,0,—,0.45,0,32.36,0.0,32.36,1088.914,3.5446,5.2516,41.31,1088.914,1088.914,0.89,0.0,0.0,33.65,11.82,2.77,13.88,0.0,4.99,yolo,28.9,0.12,0,71.9,0.0,438.3,0.0,1,100.0
2026-05-21 15:08:13,17040,rgb,0,—,0.45,0,32.89,0.0,32.89,1115.958,3.6327,5.260754,41.31,1115.958,1115.958,0.81,0.0,0.0,33.93,11.91,2.75,14.12,0.0,4.96,yolo,26.6,0.78,0,73.1,0.0,438.3,0.0,1,100.0
2026-05-21 15:08:14,17070,rgb,0,—,0.45,0,34.02,0.0,34.02,1135.928,3.6977,5.269916,41.31,1135.928,1135.928,0.85,0.0,0.0,33.39,11.35,2.78,14.21,0.0,4.84,yolo,28.8,0.75,0,75.6,0.0,438.3,0.0,1,100.0
2026-05-21 15:08:15,17100,rgb,0,—,0.45,0,32.27,0.0,32.27,1078.141,3.5096,5.279376,41.31,1078.141,1078.141,0.87,0.0,0.0,33.41,11.45,2.79,14.01,0.0,4.97,yolo,28.0,0.27,0,71.7,0.0,438.3,0.0,0,100.0
2026-05-21 15:08:16,17130,rgb,0,—,0.45,0,31.32,0.0,31.32,1057.99,3.444,5.288455,41.31,1057.99,1057.99,0.92,0.0,0.0,33.78,12.3,2.77,13.69,0.0,4.91,yolo,28.9,0.34,0,69.6,0.0,438.3,0.0,0,100.0
2026-05-21 15:08:17,17160,rgb,0,—,0.45,0,31.46,0.0,31.46,1060.517,3.4522,5.297249,41.31,1060.517,1060.517,0.85,0.0,0.0,33.71,12.56,2.78,13.46,0.0,4.83,yolo,26.7,0.93,0,69.9,0.0,438.3,0.0,0,100.0
2026-05-21 15:08:19,17190,rgb,0,—,0.45,0,31.41,0.0,31.41,1059.459,3.4488,5.306104,41.31,1059.459,1059.459,0.92,0.0,0.0,33.73,12.4,2.8,13.59,0.0,4.86,yolo,29.0,1.02,0,69.8,0.0,438.3,0.0,0,100.0
2026-05-21 15:08:20,17220,rgb,0,—,0.45,0,23.04,0.0,23.04,778.982,2.5357,5.314888,41.31,778.982,778.982,1.24,0.0,0.0,33.81,12.23,2.8,13.85,0.0,4.85,yolo,28.7,3.73,0,51.2,0.0,438.3,0.0,0,100.0
2026-05-21 15:08:21,17250,rgb,0,—,0.45,0,32.04,0.0,32.04,1088.719,3.544,5.321477,41.31,1088.719,1088.719,0.9,0.0,0.0,33.98,12.38,2.73,13.86,0.0,4.92,yolo,28.9,0.05,0,71.2,0.0,438.3,0.0,0,100.0
2026-05-21 15:08:22,17280,rgb,0,—,0.45,0,31.59,0.0,31.59,1070.901,3.486,5.330528,41.31,1070.901,1070.901,0.84,0.0,0.0,33.9,12.74,2.74,13.37,0.0,4.96,yolo,26.7,0.75,0,70.2,0.0,438.3,0.0,0,100.0
2026-05-21 15:08:23,17310,rgb,0,—,0.45,0,32.94,0.0,32.94,1096.902,3.5706,5.339343,41.31,1096.902,1096.902,0.87,0.0,0.0,33.3,11.83,2.83,13.53,0.0,5.02,yolo,28.6,0.65,0,73.2,0.0,438.3,0.0,0,100.0
2026-05-21 15:08:24,17340,rgb,0,—,0.45,0,32.22,0.0,32.22,1075.504,3.501,5.348492,41.31,1075.504,1075.504,0.87,0.0,0.0,33.38,11.78,2.79,13.72,0.0,5.01,yolo,28.1,0.17,0,71.6,0.0,438.3,0.0,0,100.0
2026-05-21 15:08:25,17370,rgb,0,—,0.45,0,32.09,0.0,32.09,1084.963,3.5318,5.357567,41.31,1084.963,1084.963,0.9,0.0,0.0,33.81,12.38,2.78,13.63,0.0,4.93,yolo,28.9,0.3,0,71.3,0.0,438.3,0.0,0,100.0
2026-05-21 15:08:27,17400,rgb,0,—,0.45,0,31.54,0.0,31.54,1061.006,3.4538,5.366549,41.31,1061.006,1061.006,0.85,0.0,0.0,33.64,12.04,2.84,13.74,0.0,4.94,yolo,26.7,0.93,0,70.1,0.0,438.3,0.0,0,100.0
2026-05-21 15:08:28,17430,rgb,0,—,0.45,0,31.77,0.0,31.77,1054.129,3.4314,5.37527,41.31,1054.129,1054.129,0.91,0.0,0.0,33.18,11.56,2.83,13.75,0.0,4.95,yolo,28.9,0.93,0,70.6,0.0,438.3,0.0,0,100.0
2026-05-21 15:08:29,17460,rgb,0,—,0.45,0,31.37,0.0,31.37,1042.739,3.3943,5.38409,41.31,1042.739,1042.739,0.92,0.0,0.0,33.24,11.81,2.78,13.69,0.0,4.87,yolo,28.8,0.04,0,69.7,0.0,438.3,0.0,0,100.0
2026-05-21 15:08:30,17490,rgb,0,—,0.45,0,31.63,0.0,31.63,1070.675,3.4853,5.392916,41.31,1070.675,1070.675,0.85,0.0,0.0,33.85,12.51,2.78,13.63,0.0,4.85,yolo,26.9,0.9,0,70.3,0.0,438.3,0.0,0,100.0
2026-05-21 15:08:31,17520,rgb,0,—,0.45,0,23.71,0.0,23.71,805.429,2.6218,5.401763,41.31,805.429,805.429,1.21,0.0,0.0,33.97,12.38,2.81,13.75,0.0,4.95,yolo,28.6,3.41,0,52.7,0.0,438.3,0.0,0,100.0
2026-05-21 15:08:33,17550,rgb,0,—,0.45,0,31.77,0.0,31.77,1074.144,3.4966,5.408533,41.31,1074.144,1074.144,0.89,0.0,0.0,33.81,12.21,2.77,13.8,0.0,4.94,yolo,28.1,0.09,0,70.6,0.0,438.3,0.0,0,100.0
2026-05-21 15:08:34,17580,rgb,0,—,0.45,0,31.23,0.0,31.23,1040.271,3.3863,5.417363,41.31,1040.271,1040.271,0.92,0.0,0.0,33.31,11.9,2.83,13.6,0.0,4.89,yolo,28.6,0.09,0,69.4,0.0,438.3,0.0,0,100.0
2026-05-21 15:08:35,17610,rgb,0,—,0.45,0,31.77,0.0,31.77,1045.233,3.4025,5.425926,41.31,1045.233,1045.233,0.9,0.0,0.0,32.9,11.41,2.85,13.65,0.0,4.9,yolo,28.7,0.02,0,70.6,0.0,438.3,0.0,0,100.0
2026-05-21 15:08:36,17640,rgb,0,—,0.45,0,31.82,0.0,31.82,1061.515,3.4555,5.434737,41.31,1061.515,1061.515,0.88,0.0,0.0,33.36,11.88,2.81,13.67,0.0,4.92,yolo,27.9,0.14,0,70.7,0.0,438.3,0.0,0,100.0
2026-05-21 15:08:37,17670,rgb,0,—,0.45,0,32.09,0.0,32.09,1084.0,3.5286,5.443715,41.31,1084.0,1084.0,0.88,0.0,0.0,33.78,12.62,2.76,13.45,0.0,4.86,yolo,28.1,0.04,0,71.3,0.0,438.3,0.0,0,100.0
2026-05-21 15:08:38,17700,rgb,0,—,0.45,0,32.31,0.0,32.31,1077.215,3.5066,5.452663,41.31,1077.215,1077.215,0.89,0.0,0.0,33.34,12.18,2.78,13.51,0.0,4.79,yolo,28.7,0.11,0,71.8,0.0,438.3,0.0,0,100.0
2026-05-21 15:08:39,17730,rgb,0,—,0.45,0,31.91,0.0,31.91,1052.073,3.4247,5.461521,41.31,1052.073,1052.073,0.9,0.0,0.0,32.97,11.84,2.73,13.55,0.0,4.76,yolo,28.8,0.02,0,70.9,0.0,438.3,0.0,0,100.0
2026-05-21 15:08:40,17760,rgb,0,—,0.45,0,32.4,0.0,32.4,1067.256,3.4741,5.470287,41.31,1067.256,1067.256,0.89,0.0,0.0,32.94,11.64,2.69,13.71,0.0,4.81,yolo,28.9,0.02,0,72.0,0.0,438.3,0.0,0,100.0
2026-05-21 15:08:42,17790,rgb,0,—,0.45,0,31.77,0.0,31.77,1058.259,3.4449,5.479285,41.31,1058.259,1058.259,0.91,0.0,0.0,33.31,11.53,2.82,13.87,0.0,5.01,yolo,29.0,0.02,0,70.6,0.0,438.3,0.0,0,100.0
2026-05-21 15:08:43,17820,rgb,0,—,0.45,0,23.62,0.0,23.62,788.672,2.5673,5.488048,41.31,788.672,788.672,0.38,0.0,0.0,33.39,11.37,2.89,14.01,0.0,5.03,yolo,8.9,8.5,0,52.5,0.0,438.3,0.0,0,100.0
2026-05-21 15:08:44,17850,rgb,0,—,0.45,0,32.04,0.0,32.04,1067.252,3.4741,5.494679,41.31,1067.252,1067.252,0.84,0.0,0.0,33.31,11.69,2.8,13.9,0.0,4.83,yolo,26.8,6.67,0,71.2,0.0,438.3,0.0,0,100.0
2026-05-21 15:08:45,17880,rgb,0,—,0.45,0,31.37,0.0,31.37,1043.68,3.3974,5.503544,41.31,1043.68,1043.68,0.92,0.0,0.0,33.27,11.97,2.73,13.64,0.0,4.85,yolo,28.8,0.75,0,69.7,0.0,438.3,0.0,0,100.0
2026-05-21 15:08:46,17910,rgb,0,—,0.45,0,31.63,0.0,31.63,1042.525,3.3936,5.512156,41.31,1042.525,1042.525,0.91,0.0,0.0,32.96,11.54,2.74,13.72,0.0,4.88,yolo,28.9,0.04,0,70.3,0.0,438.3,0.0,0,100.0
2026-05-21 15:08:47,17940,rgb,0,—,0.45,0,31.59,0.0,31.59,1056.686,3.4397,5.520974,41.31,1056.686,1056.686,0.91,0.0,0.0,33.45,12.05,2.77,13.64,0.0,4.9,yolo,28.8,0.03,0,70.2,0.0,438.3,0.0,0,100.0
2026-05-21 15:08:48,17970,rgb,0,—,0.45,0,32.17,0.0,32.17,1089.598,3.5469,5.529905,41.31,1089.598,1089.598,0.83,0.0,0.0,33.87,12.52,2.78,13.56,0.0,4.93,yolo,26.7,0.52,0,71.5,0.0,438.3,0.0,0,100.0
2026-05-21 15:08:49,18000,rgb,0,—,0.45,0,31.86,0.0,31.86,1074.956,3.4992,5.538962,41.31,1074.956,1074.956,0.91,0.0,0.0,33.74,12.25,2.77,13.71,0.0,4.91,yolo,29.0,0.41,0,70.8,0.0,438.3,0.0,0,100.0
2026-05-21 15:08:50,18030,rgb,0,—,0.45,0,31.91,0.0,31.91,1076.963,3.5057,5.547913,41.31,1076.963,1076.963,0.9,0.0,0.0,33.75,12.17,2.77,13.82,0.0,4.9,yolo,28.7,0.18,0,70.9,0.0,438.3,0.0,0,100.0
2026-05-21 15:08:51,18060,rgb,0,—,0.45,0,31.77,0.0,31.77,1073.191,3.4935,5.556877,41.31,1073.191,1073.191,0.88,0.0,0.0,33.78,12.26,2.76,13.81,0.0,4.86,yolo,27.9,0.14,0,70.6,0.0,438.3,0.0,0,100.0
2026-05-21 15:08:53,18090,rgb,0,—,0.45,0,31.86,0.0,31.86,1075.912,3.5023,5.565819,41.31,1075.912,1075.912,0.88,0.0,0.0,33.77,12.38,2.75,13.68,0.0,4.88,yolo,27.9,0.0,0,70.8,0.0,438.3,0.0,0,100.0
2026-05-21 15:08:54,18120,rgb,0,—,0.45,0,22.86,0.0,22.86,782.041,2.5457,5.574791,41.31,782.041,782.041,0.35,0.0,0.0,34.21,12.46,2.78,13.97,0.0,4.9,yolo,8.0,8.42,0,50.8,0.0,438.3,0.0,0,100.0
2026-05-21 15:08:55,18150,rgb,0,—,0.45,0,31.46,0.0,31.46,1076.876,3.5055,5.581394,41.31,1076.876,1076.876,0.85,0.0,0.0,34.23,12.22,2.85,14.18,0.0,4.89,yolo,26.7,6.97,0,69.9,0.0,438.3,0.0,0,100.0
2026-05-21 15:08:56,18180,rgb,0,—,0.45,0,31.99,0.0,31.99,1079.662,3.5145,5.59027,41.31,1079.662,1079.662,0.91,0.0,0.0,33.75,12.17,2.8,13.79,0.0,4.92,yolo,29.0,0.78,0,71.1,0.0,438.3,0.0,0,100.0
2026-05-21 15:08:57,18210,rgb,0,—,0.45,0,31.5,0.0,31.5,1062.18,3.4576,5.599251,41.31,1062.18,1062.18,0.85,0.0,0.0,33.72,12.32,2.74,13.66,0.0,4.91,yolo,26.8,0.55,0,70.0,0.0,438.3,0.0,0,100.0
2026-05-21 15:08:58,18240,rgb,0,—,0.45,0,30.92,0.0,30.92,1046.333,3.406,5.608129,41.31,1046.333,1046.333,0.94,0.0,0.0,33.84,12.47,2.74,13.64,0.0,4.9,yolo,29.0,0.39,0,68.7,0.0,438.3,0.0,0,100.0
2026-05-21 15:08:59,18270,rgb,0,—,0.45,0,31.27,0.0,31.27,1059.115,3.4476,5.616864,41.31,1059.115,1059.115,0.92,0.0,0.0,33.87,12.42,2.78,13.68,0.0,4.91,yolo,28.7,0.18,0,69.5,0.0,438.3,0.0,0,100.0
2026-05-21 15:09:01,18300,rgb,0,—,0.45,0,32.31,0.0,32.31,1094.663,3.5634,5.625707,41.31,1094.663,1094.663,0.86,0.0,0.0,33.88,12.41,2.78,13.75,0.0,4.85,yolo,27.9,0.14,0,71.8,0.0,438.3,0.0,0,100.0
2026-05-21 15:09:02,18330,rgb,0,person,0.45,0,31.46,0.0,31.46,1052.022,3.4246,5.634698,41.31,1052.022,1052.022,0.91,0.0,0.0,33.44,11.76,2.77,13.77,0.0,5.03,yolo,28.7,0.14,0,69.9,0.0,438.3,0.0,0,100.0
2026-05-21 15:09:03,18360,rgb,0,person,0.449,0,33.21,0.0,33.21,1114.528,3.628,5.643499,41.31,1114.528,1114.528,0.87,0.0,0.0,33.56,11.3,2.83,13.92,0.01,5.33,yolo,29.0,0.07,0,73.8,0.0,438.3,0.0,1,100.0
2026-05-21 15:09:04,18390,rgb,1,cat|laptop|tv|person,0.443,0,33.52,0.0,33.52,1135.993,3.6979,5.652908,41.31,1135.993,1135.993,0.8,0.9,0.07,33.89,11.12,2.85,14.21,0.03,5.45,yolo,26.7,0.78,0,74.5,0.0,438.3,0.0,1,0.0
2026-05-21 15:09:05,18420,rgb,1,person|cup|person|laptop,0.477,0,25.78,0.0,25.78,874.715,2.8474,5.662333,41.31,874.715,874.715,0.33,1.1,0.067,33.93,10.13,2.91,15.0,0.08,5.58,yolo,8.6,6.75,0,57.3,0.0,438.3,0.0,1,100.0
2026-05-21 15:09:07,18450,rgb,2,scissors|person|person,0.514,0,34.29,0.0,34.29,1168.946,3.8052,5.669716,41.31,1168.946,584.473,0.82,1.7,0.133,34.09,10.16,2.92,15.08,0.11,5.58,yolo,28.0,7.23,0,76.2,0.0,438.3,0.0,1,100.0
2026-05-21 15:09:08,18480,rgb,1,person,0.594,0,34.29,0.0,34.29,1159.345,3.7739,5.679379,41.31,1159.345,1159.345,0.84,0.9,0.068,33.81,10.41,2.89,14.64,0.1,5.52,yolo,28.9,0.31,0,76.2,0.0,438.3,0.0,1,100.0
2026-05-21 15:09:09,18510,rgb,2,dog|car|dog|person|cat,0.629,0,33.66,0.0,33.66,1135.352,3.6958,5.689023,41.31,1135.352,567.676,0.79,1.8,0.136,33.73,10.35,2.9,14.67,0.1,5.48,yolo,26.7,0.55,0,74.8,0.0,438.3,0.0,1,50.0
2026-05-21 15:09:10,18540,rgb,1,cat|bird|person|scissors|person,0.629,0,33.66,0.0,33.66,1134.005,3.6914,5.698475,41.31,1134.005,1134.005,0.83,0.9,0.069,33.69,10.74,2.85,14.44,0.07,5.35,yolo,27.9,0.3,0,74.8,0.0,438.3,0.0,1,0.0
2026-05-21 15:09:11,18570,rgb,0,kite|bird|person,0.617,0,34.06,0.0,34.06,1164.852,3.7918,5.708069,41.31,1164.852,1164.852,0.81,0.0,0.0,34.2,11.08,2.81,14.62,0.03,5.41,yolo,27.6,0.07,0,75.7,0.0,438.3,0.0,1,100.0
2026-05-21 15:09:12,18600,rgb,1,tie|tv,0.611,0,34.47,0.0,34.47,1185.423,3.8588,5.71781,41.31,1185.423,1185.423,0.82,0.8,0.068,34.39,11.15,2.82,14.63,0.01,5.5,yolo,28.4,0.14,0,76.6,0.0,438.3,0.0,1,0.0
2026-05-21 15:09:13,18630,rgb,0,tie|kite,0.593,0,33.84,0.0,33.84,1145.484,3.7288,5.72754,41.31,1145.484,1145.484,0.85,0.0,0.0,33.85,10.77,2.85,14.45,0.01,5.49,yolo,28.7,0.2,0,75.2,0.0,438.3,0.0,1,100.0
2026-05-21 15:09:14,18660,rgb,0,bicycle,0.576,0,33.66,0.0,33.66,1138.718,3.7068,5.737082,41.31,1138.718,1138.718,0.83,0.0,0.0,33.83,10.65,2.83,14.38,0.01,5.63,yolo,27.8,0.16,0,74.8,0.0,438.3,0.0,1,100.0
2026-05-21 15:09:16,18690,rgb,0,—,0.562,0,34.47,0.0,34.47,1165.431,3.7937,5.746573,41.31,1165.431,1165.431,0.81,0.0,0.0,33.81,10.51,2.87,14.49,0.0,5.6,yolo,27.9,0.02,0,76.6,0.0,438.3,0.0,1,100.0
2026-05-21 15:09:17,18720,rgb,1,person|laptop,0.55,0,25.7,0.0,25.7,883.309,2.8754,5.756351,41.31,883.309,883.309,0.33,1.1,0.068,34.37,11.04,2.89,14.64,0.03,5.51,yolo,8.4,8.62,0,57.1,0.0,438.3,0.0,1,100.0
2026-05-21 15:09:18,18750,rgb,0,person,0.548,0,33.84,0.0,33.84,1165.111,3.7927,5.763802,41.31,1165.111,1165.111,0.85,0.0,0.0,34.43,11.19,2.8,14.61,0.07,5.54,yolo,28.9,8.67,0,75.2,0.0,438.3,0.0,1,100.0
2026-05-21 15:09:19,18780,rgb,0,—,0.562,0,33.98,0.0,33.98,1149.543,3.742,5.77337,41.31,1149.543,1149.543,0.79,0.0,0.0,33.83,11.23,2.8,14.46,0.04,5.1,yolo,26.8,0.78,0,75.5,0.0,438.3,0.0,1,100.0
2026-05-21 15:09:20,18810,rgb,1,person,0.557,0,33.79,0.0,33.79,1145.819,3.7299,5.782949,41.31,1145.819,1145.819,0.86,0.9,0.07,33.91,11.6,2.74,14.35,0.01,5.02,yolo,29.0,0.75,0,75.1,0.0,438.3,0.0,1,100.0
2026-05-21 15:09:21,18840,rgb,1,bench|person|tv|person,0.528,0,34.88,0.0,34.88,1183.13,3.8513,5.79252,41.31,1183.13,1183.13,0.76,0.8,0.068,33.92,10.77,2.8,14.61,0.04,5.47,yolo,26.6,0.6,0,77.5,0.0,438.3,0.0,1,0.0
2026-05-21 15:09:22,18870,rgb,2,tv|person|tv,0.564,0,33.88,0.0,33.88,1151.581,3.7486,5.802395,41.31,1151.581,575.79,0.83,1.7,0.137,33.99,10.46,2.88,14.63,0.06,5.66,yolo,28.0,0.35,0,75.3,0.0,438.3,0.0,1,50.0
2026-05-21 15:09:23,18900,rgb,1,tv|person|tv,0.489,0,33.16,0.0,33.16,1125.119,3.6625,5.811961,41.31,1125.119,1125.119,0.84,0.9,0.07,33.93,10.55,2.81,14.35,0.06,5.81,yolo,28.0,0.0,0,73.7,0.0,438.3,0.0,1,100.0
2026-05-21 15:09:24,18930,rgb,1,tv,0.459,0,32.71,0.0,32.71,1107.561,3.6053,5.821327,41.31,1107.561,1107.561,0.88,0.9,0.069,33.86,10.49,2.81,14.43,0.07,5.7,yolo,28.9,0.16,0,72.7,0.0,438.3,0.0,1,100.0
2026-05-21 15:09:26,18960,rgb,4,bench|tv|bench|person|bench|tv|person|person,0.43,0,34.24,0.0,34.24,1164.16,3.7896,5.830606,41.31,1164.16,291.04,0.84,3.4,0.273,34.0,10.54,2.81,14.64,0.08,5.56,yolo,28.7,0.16,0,76.1,0.0,438.3,0.0,1,75.0
2026-05-21 15:09:27,18990,rgb,4,person|bench|tv|person|bench|tv|person|person,0.475,0,33.84,0.0,33.84,1149.545,3.742,5.840296,41.31,1149.545,287.386,0.85,3.5,0.273,33.97,10.32,2.8,14.67,0.1,5.67,yolo,28.9,0.05,0,75.2,0.0,438.3,0.0,1,100.0
2026-05-21 15:09:28,19020,rgb,6,bench|person|potted plant|person|person,0.561,0,25.7,0.0,25.7,874.571,2.8469,5.849824,41.31,874.571,145.762,0.27,6.9,0.399,34.03,9.84,2.88,15.05,0.15,5.72,yolo,6.9,8.2,0,57.1,0.0,438.3,0.0,1,66.7
2026-05-21 15:09:29,19050,rgb,5,bench|person|bird|person|person,0.531,0,34.65,0.0,34.65,1175.328,3.8259,5.857179,41.31,1175.328,235.066,0.81,4.3,0.332,33.92,9.75,2.87,15.07,0.2,5.69,yolo,28.0,7.86,0,77.0,0.0,438.3,0.0,1,100.0
2026-05-21 15:09:31,19080,rgb,5,bench|person|potted plant|person|bird|person|person,0.511,0,34.2,0.0,34.2,1153.566,3.7551,5.866916,41.31,1153.566,230.713,0.82,4.3,0.34,33.73,9.97,2.82,14.71,0.21,5.66,yolo,27.9,0.04,0,76.0,0.0,438.3,0.0,1,80.0
2026-05-21 15:09:32,19110,rgb,3,bench|person|person,0.506,0,33.57,0.0,33.57,1135.673,3.6969,5.87655,41.31,1135.673,378.558,0.83,2.6,0.206,33.83,10.18,2.85,14.56,0.2,5.69,yolo,28.0,0.04,0,74.6,0.0,438.3,0.0,1,100.0
2026-05-21 15:09:33,19140,rgb,3,potted plant|person|person,0.478,0,33.39,0.0,33.39,1128.248,3.6727,5.88601,41.31,1128.248,376.083,0.87,2.7,0.205,33.79,10.0,2.89,14.63,0.19,5.72,yolo,28.9,0.31,0,74.2,0.0,438.3,0.0,1,100.0
2026-05-21 15:09:34,19170,rgb,3,potted plant|person|person,0.45,0,33.52,0.0,33.52,1131.635,3.6837,5.895407,41.31,1131.635,377.212,0.79,2.7,0.206,33.76,10.09,2.87,14.59,0.15,5.71,yolo,26.6,0.57,0,74.5,0.0,438.3,0.0,1,100.0
2026-05-21 15:09:35,19200,rgb,3,potted plant|person|person|person|potted plant,0.432,0,34.38,0.0,34.38,1166.17,3.7961,5.90486,41.31,1166.17,388.723,0.81,2.6,0.204,33.92,10.28,2.83,14.67,0.13,5.66,yolo,27.9,0.32,0,76.4,0.0,438.3,0.0,1,100.0
2026-05-21 15:09:36,19230,rgb,2,potted plant|person|person,0.407,0,33.75,0.0,33.75,1143.112,3.7211,5.914544,41.31,1143.112,571.556,0.83,1.7,0.136,33.87,10.28,2.81,14.7,0.14,5.6,yolo,28.0,0.02,0,75.0,0.0,438.3,0.0,1,100.0
2026-05-21 15:09:37,19260,rgb,3,person|person|potted plant,0.409,0,34.2,0.0,34.2,1156.644,3.7651,5.924077,41.31,1156.644,385.548,0.82,2.6,0.206,33.82,10.4,2.75,14.56,0.13,5.61,yolo,27.9,0.02,0,76.0,0.0,438.3,0.0,1,100.0
2026-05-21 15:09:39,19290,rgb,3,potted plant|person|person,0.434,0,34.06,0.0,34.06,1155.996,3.763,5.933752,41.31,1155.996,385.332,0.82,2.6,0.205,33.94,10.34,2.8,14.62,0.15,5.63,yolo,28.0,0.02,0,75.7,0.0,438.3,0.0,1,100.0
2026-05-21 15:09:40,19320,rgb,1,bird|skateboard|person|person|skateboard,0.496,0,24.08,0.0,24.08,832.205,2.709,5.943444,41.31,832.205,832.205,1.15,1.2,0.067,34.56,10.4,2.94,14.97,0.13,5.74,yolo,27.7,1.92,0,53.5,0.0,438.3,0.0,1,0.0
2026-05-21 15:09:41,19350,rgb,1,tv|person|person|skateboard,0.464,0,34.47,0.0,34.47,1202.314,3.9138,5.950538,41.31,1202.314,1202.314,0.78,0.8,0.066,34.88,10.58,2.92,15.08,0.08,5.84,yolo,26.8,0.31,0,76.6,0.0,438.3,0.0,1,100.0
2026-05-21 15:09:42,19380,rgb,1,tv,0.497,0,34.42,0.0,34.42,1174.41,3.823,5.960369,41.31,1174.41,1174.41,0.84,0.9,0.068,34.12,10.43,2.83,14.62,0.08,5.83,yolo,29.0,0.82,0,76.5,0.0,438.3,0.0,1,100.0
2026-05-21 15:09:43,19410,rgb,1,tv,0.569,0,34.11,0.0,34.11,1149.848,3.743,5.970042,41.31,1149.848,1149.848,0.78,0.9,0.069,33.71,10.31,2.82,14.5,0.08,5.72,yolo,26.7,0.97,0,75.8,0.0,439.2,0.0,1,100.0
2026-05-21 15:09:44,19440,rgb,2,bicycle|tv|bird|tv|chair|tv|chair|tv|bird|tv,0.621,0,33.62,0.0,33.62,1140.054,3.7111,5.97965,41.31,1140.054,570.027,0.86,1.8,0.137,33.91,10.35,2.83,14.61,0.09,5.74,yolo,29.0,1.02,0,74.7,0.0,439.2,0.0,1,50.0
2026-05-21 15:09:45,19470,rgb,1,tv|tv|chair,0.581,0,33.52,0.0,33.52,1136.998,3.7012,5.989145,41.31,1136.998,1136.998,0.8,0.9,0.068,33.92,10.16,2.85,14.63,0.1,5.87,yolo,26.8,1.04,0,74.5,0.0,439.2,0.0,1,100.0
2026-05-21 15:09:46,19500,rgb,1,tv|tv|chair,0.555,0,33.3,0.0,33.3,1127.871,3.6715,5.998599,41.31,1127.871,1127.871,0.87,0.9,0.068,33.87,10.18,2.84,14.64,0.1,5.76,yolo,28.9,1.01,0,74.0,0.0,439.2,0.0,1,100.0
2026-05-21 15:09:47,19530,rgb,1,tv,0.555,0,33.57,0.0,33.57,1134.33,3.6925,6.007983,41.31,1134.33,1134.33,0.79,0.9,0.068,33.79,10.27,2.78,14.66,0.09,5.63,yolo,26.7,1.09,0,74.6,0.0,439.2,0.0,1,100.0
2026-05-21 15:09:48,19560,rgb,1,tv|tv|chair,0.586,0,33.79,0.0,33.79,1139.061,3.7079,6.017423,41.31,1139.061,1139.061,0.82,0.9,0.069,33.71,10.38,2.79,14.53,0.09,5.56,yolo,27.9,0.59,0,75.1,0.0,439.2,0.0,1,100.0
2026-05-21 15:09:50,19590,rgb,1,tv,0.633,0,33.26,0.0,33.26,1123.19,3.6562,6.026932,41.31,1123.19,1123.19,0.84,0.9,0.069,33.77,10.5,2.82,14.41,0.09,5.58,yolo,28.0,0.05,0,73.9,0.0,439.2,0.0,1,100.0
2026-05-21 15:09:51,19620,rgb,1,tv|person,0.649,0,25.11,0.0,25.11,849.471,2.7652,6.036227,41.31,849.471,849.471,1.15,1.2,0.069,33.83,10.66,2.84,14.53,0.05,5.45,yolo,28.8,3.12,0,55.8,0.0,439.2,0.0,1,0.0
2026-05-21 15:09:52,19650,rgb,2,tv|person|person,0.655,0,34.52,0.0,34.52,1164.36,3.7902,6.043372,41.31,1164.36,582.18,0.81,1.7,0.137,33.73,10.84,2.81,14.55,0.05,5.28,yolo,28.0,0.14,0,76.7,0.0,439.2,0.0,1,50.0
2026-05-21 15:09:53,19680,rgb,1,tv|person|person,0.675,0,34.11,0.0,34.11,1151.554,3.7485,6.053094,41.31,1151.554,1151.554,0.82,0.9,0.069,33.76,10.96,2.78,14.5,0.09,5.19,yolo,27.9,0.02,0,75.8,0.0,439.2,0.0,1,100.0
2026-05-21 15:09:55,19710,rgb,1,bird|person|person,0.671,0,33.71,0.0,33.71,1138.387,3.7057,6.062697,41.31,1138.387,1138.387,0.86,0.9,0.069,33.77,10.93,2.81,14.49,0.1,5.19,yolo,28.9,0.25,0,74.9,0.0,439.2,0.0,1,100.0
2026-05-21 15:09:56,19740,rgb,2,bird|person|person|chair,0.645,0,32.81,0.0,32.81,1108.65,3.6089,6.072184,41.31,1108.65,554.325,0.82,1.8,0.139,33.79,11.1,2.81,14.37,0.06,5.21,yolo,26.8,0.71,0,72.9,0.0,439.2,0.0,1,50.0
2026-05-21 15:09:57,19770,rgb,2,cat|person|person|person|laptop|person|chair,0.608,0,33.26,0.0,33.26,1127.847,3.6714,6.081453,41.31,1127.847,563.923,0.84,1.8,0.139,33.91,11.38,2.77,14.44,0.07,5.04,yolo,27.9,0.37,0,73.9,0.0,439.2,0.0,1,50.0
2026-05-21 15:09:58,19800,rgb,4,tv|person|person,0.686,0,33.39,0.0,33.39,1135.928,3.6977,6.090859,41.31,1135.928,283.982,0.87,3.5,0.272,34.02,10.94,2.73,14.68,0.16,5.28,yolo,29.0,0.41,0,74.2,0.0,439.2,0.0,1,100.0
2026-05-21 15:09:59,19830,rgb,5,tv|person|cell phone|person|person|person|book,0.787,0,34.74,0.0,34.74,1180.465,3.8427,6.100314,41.31,1180.465,236.093,0.77,4.2,0.338,33.98,10.23,2.77,14.79,0.21,5.71,yolo,26.6,1.02,0,77.2,0.0,439.2,0.0,1,80.0
2026-05-21 15:10:00,19860,rgb,5,tv|person|cell phone|person|person|person|teddy bear,0.753,0,34.2,0.0,34.2,1156.302,3.764,6.110118,41.31,1156.302,231.26,0.82,4.3,0.338,33.81,9.89,2.82,14.81,0.22,5.78,yolo,28.0,0.59,0,76.0,0.0,439.2,0.0,1,100.0
2026-05-21 15:10:02,19890,rgb,2,remote|person|person|person|teddy bear,0.74,0,34.29,0.0,34.29,1154.887,3.7594,6.119738,41.31,1154.887,577.443,0.84,1.7,0.135,33.68,9.86,2.82,14.77,0.21,5.72,yolo,29.0,0.44,0,76.2,0.0,439.2,0.0,1,100.0
2026-05-21 15:10:03,19920,rgb,3,tv|person|person,0.765,0,24.7,0.0,24.7,846.963,2.757,6.129413,41.31,846.963,282.321,1.13,3.5,0.199,34.29,10.03,2.82,15.09,0.19,5.86,yolo,27.8,3.59,0,54.9,0.0,439.2,0.0,1,100.0
2026-05-21 15:10:04,19950,rgb,3,tv|person|person,0.731,0,34.47,0.0,34.47,1183.01,3.8509,6.136573,41.31,1183.01,394.337,0.81,2.5,0.197,34.32,9.83,2.83,15.2,0.21,5.96,yolo,28.0,0.04,0,76.6,0.0,439.2,0.0,1,100.0
2026-05-21 15:10:05,19980,rgb,4,tv|person|person,0.78,0,33.03,0.0,33.03,1118.065,3.6395,6.146315,41.31,1118.065,279.516,0.88,3.6,0.272,33.85,9.79,2.87,14.71,0.21,5.95,yolo,28.9,0.22,0,73.4,0.0,439.2,0.0,1,100.0
2026-05-21 15:10:06,20010,rgb,3,tv|person|person,0.8,0,36.49,0.0,36.49,1242.12,4.0434,6.155705,41.31,1242.12,414.04,0.73,2.4,0.201,34.04,9.69,2.89,14.9,0.2,6.03,yolo,26.8,0.71,0,81.1,0.0,439.2,0.0,1,100.0
2026-05-21 15:10:07,20040,rgb,3,tv|person|person,0.817,0,33.71,0.0,33.71,1141.758,3.7167,6.165989,41.31,1141.758,380.586,0.83,2.6,0.2,33.87,9.41,2.88,14.98,0.21,6.05,yolo,27.9,0.37,0,74.9,0.0,439.2,0.0,1,100.0
2026-05-21 15:10:08,20070,rgb,3,person|person|book,0.854,0,34.38,0.0,34.38,1161.356,3.7805,6.175494,41.31,1161.356,387.119,0.84,2.6,0.204,33.78,9.75,2.83,14.67,0.21,6.0,yolo,28.9,0.37,0,76.4,0.0,439.2,0.0,1,100.0
2026-05-21 15:10:09,20100,rgb,3,tv|person|person,0.853,0,33.79,0.0,33.79,1146.157,3.731,6.185187,41.31,1146.157,382.052,0.79,2.6,0.205,33.92,10.07,2.77,14.66,0.21,5.96,yolo,26.6,0.97,0,75.1,0.0,439.2,0.0,1,100.0
2026-05-21 15:10:10,20130,rgb,3,person|person|book,0.816,0,34.2,0.0,34.2,1174.77,3.8241,6.194731,41.31,1174.77,391.59,0.81,2.6,0.203,34.35,10.36,2.82,14.75,0.22,5.96,yolo,27.7,0.47,0,76.0,0.0,439.2,0.0,1,100.0
2026-05-21 15:10:11,20160,rgb,4,person|person|book,0.822,0,33.71,0.0,33.71,1155.916,3.7627,6.204516,41.31,1155.916,288.979,0.82,3.5,0.271,34.29,10.29,2.89,14.76,0.24,5.88,yolo,27.6,0.05,0,74.9,0.0,439.2,0.0,1,75.0
2026-05-21 15:10:13,20190,rgb,4,baseball glove|person|person|person|book,0.811,0,34.47,0.0,34.47,1166.12,3.796,6.214163,41.31,1166.12,291.53,0.8,3.4,0.271,33.83,10.02,2.83,14.75,0.24,5.74,yolo,27.4,0.09,0,76.6,0.0,439.2,0.0,1,100.0
2026-05-21 15:10:14,20220,rgb,4,dog|person|person|dog|cat,0.771,0,25.56,0.0,25.56,863.928,2.8123,6.223765,41.31,863.928,215.982,1.13,4.6,0.268,33.8,9.76,2.85,14.95,0.19,5.74,yolo,28.8,3.45,0,56.8,0.0,439.2,0.0,1,100.0
2026-05-21 15:10:15,20250,rgb,4,dog|person|person|person|book,0.769,0,35.51,0.0,35.51,1193.846,3.8862,6.231019,41.31,1193.846,298.462,0.79,3.4,0.266,33.62,9.26,2.92,15.03,0.21,5.85,yolo,28.0,0.14,0,78.9,0.0,439.2,0.0,1,100.0
2026-05-21 15:10:16,20280,rgb,5,person|person|book,0.745,0,34.29,0.0,34.29,1154.544,3.7583,6.24099,41.31,1154.544,230.909,0.81,4.3,0.341,33.67,9.63,2.91,14.68,0.25,5.85,yolo,27.9,0.02,0,76.2,0.0,439.2,0.0,1,100.0
2026-05-21 15:10:17,20310,rgb,4,person|person|book,0.692,0,34.38,0.0,34.38,1163.419,3.7872,6.25066,41.31,1163.419,290.855,0.84,3.4,0.274,33.84,9.96,2.95,14.59,0.24,5.77,yolo,28.9,0.25,0,76.4,0.0,439.2,0.0,1,100.0
2026-05-21 15:10:18,20340,rgb,4,bed|person|book|person|book,0.663,0,35.46,0.0,35.46,1195.357,3.8911,6.260339,41.31,1195.357,298.839,0.75,3.3,0.268,33.71,9.55,2.9,14.93,0.24,5.76,yolo,26.8,0.71,0,78.8,0.0,439.2,0.0,1,100.0
2026-05-21 15:10:20,20370,rgb,6,person|book,0.659,0,34.52,0.0,34.52,1166.431,3.797,6.270303,41.31,1166.431,194.405,0.83,5.1,0.399,33.79,9.66,2.85,15.04,0.24,5.71,yolo,28.8,0.75,0,76.7,0.0,439.2,0.0,1,66.7
2026-05-21 15:10:21,20400,rgb,4,person|book,0.67,0,34.74,0.0,34.74,1174.559,3.8234,6.28002,41.31,1174.559,293.64,0.77,3.4,0.264,33.81,9.52,2.9,15.15,0.25,5.69,yolo,26.9,0.8,0,77.2,0.0,439.2,0.0,1,100.0
2026-05-21 15:10:22,20430,rgb,5,person|person|book|person|chair,0.664,0,34.11,0.0,34.11,1149.166,3.7408,6.289778,41.31,1149.166,229.833,0.85,4.4,0.331,33.69,9.53,2.86,15.12,0.25,5.67,yolo,29.0,0.93,0,75.8,0.0,439.2,0.0,1,60.0
2026-05-21 15:10:23,20460,rgb,4,person|book,0.664,0,34.61,0.0,34.61,1171.202,3.8125,6.299378,41.31,1171.202,292.8,0.77,3.4,0.268,33.84,10.06,2.79,14.95,0.2,5.58,yolo,26.6,1.13,0,76.9,0.0,439.2,0.0,1,75.0
2026-05-21 15:10:25,20490,rgb,3,person|dog|person|book|person|book,0.63,0,34.52,0.0,34.52,1162.979,3.7857,6.309085,41.31,1162.979,387.66,0.84,2.6,0.201,33.69,9.92,2.79,14.9,0.18,5.65,yolo,29.0,1.16,0,76.7,0.0,439.2,0.0,1,100.0
2026-05-21 15:10:26,20520,rgb,4,tv|person|person|person|book,0.713,0,25.29,0.0,25.29,864.412,2.8138,6.318834,41.31,864.412,216.103,1.1,4.6,0.267,34.18,10.15,2.83,15.0,0.19,5.75,yolo,27.8,3.21,0,56.2,0.0,439.2,0.0,1,100.0
2026-05-21 15:10:27,20550,rgb,3,tv|person|teddy bear|tv|person|person,0.769,0,34.16,0.0,34.16,1176.47,3.8297,6.326183,41.31,1176.47,392.157,0.85,2.6,0.2,34.44,10.25,2.87,14.99,0.2,5.85,yolo,28.9,0.27,0,75.9,0.0,439.2,0.0,1,100.0
2026-05-21 15:10:28,20580,rgb,3,tv|person|person,0.76,0,34.11,0.0,34.11,1158.376,3.7708,6.335863,41.31,1158.376,386.125,0.78,2.6,0.204,33.96,10.03,2.81,14.71,0.2,5.95,yolo,26.7,0.75,0,75.8,0.0,439.2,0.0,1,100.0
2026-05-21 15:10:29,20610,rgb,3,person,0.804,0,34.38,0.0,34.38,1163.075,3.7861,6.345474,41.31,1163.075,387.692,0.84,2.6,0.203,33.83,9.93,2.71,14.76,0.19,5.97,yolo,28.9,0.82,0,76.4,0.0,439.2,0.0,1,100.0
2026-05-21 15:10:30,20640,rgb,3,person,0.832,0,34.16,0.0,34.16,1153.242,3.754,6.355146,41.31,1153.242,384.414,0.78,2.6,0.203,33.76,9.87,2.8,14.78,0.2,5.85,yolo,26.7,0.93,0,75.9,0.0,439.2,0.0,1,100.0
2026-05-21 15:10:31,20670,rgb,3,person,0.835,0,33.84,0.0,33.84,1142.1,3.7178,6.364764,41.31,1142.1,380.7,0.83,2.6,0.204,33.75,9.98,2.9,14.72,0.19,5.72,yolo,28.0,0.55,0,75.2,0.0,439.2,0.0,1,100.0
2026-05-21 15:10:32,20700,rgb,3,person,0.857,0,34.83,0.0,34.83,1176.209,3.8288,6.374285,41.31,1176.209,392.07,0.83,2.6,0.198,33.77,9.5,2.93,15.12,0.19,5.81,yolo,28.9,0.4,0,77.4,0.0,439.2,0.0,1,100.0
2026-05-21 15:10:33,20730,rgb,3,person,0.783,0,33.98,0.0,33.98,1145.466,3.7287,6.384067,41.31,1145.466,381.822,0.79,2.6,0.197,33.71,9.22,2.97,15.21,0.2,5.89,yolo,26.8,0.99,0,75.5,0.0,439.2,0.0,1,100.0
2026-05-21 15:10:34,20760,rgb,3,person,0.718,0,33.21,0.0,33.21,1119.509,3.6442,6.39363,41.31,1119.509,373.17,0.84,2.7,0.202,33.71,9.64,2.92,14.88,0.19,5.86,yolo,27.9,0.52,0,73.8,0.0,439.2,0.0,1,100.0
2026-05-21 15:10:36,20790,rgb,3,person,0.701,0,34.11,0.0,34.11,1158.376,3.7708,6.402999,41.31,1158.376,386.125,0.82,2.6,0.202,33.96,10.15,2.84,14.88,0.18,5.72,yolo,27.9,0.0,0,75.8,0.0,439.2,0.0,1,100.0
2026-05-21 15:10:37,20820,rgb,3,person,0.749,0,24.84,0.0,24.84,858.719,2.7953,6.412701,41.31,858.719,286.24,1.12,3.5,0.199,34.57,10.65,2.82,15.11,0.17,5.63,yolo,27.7,3.23,0,55.2,0.0,439.2,0.0,1,100.0
2026-05-21 15:10:38,20850,rgb,3,person,0.766,0,33.52,0.0,33.52,1156.44,3.7645,6.419937,41.31,1156.44,385.48,0.86,2.6,0.2,34.5,10.73,2.85,15.0,0.17,5.56,yolo,28.9,0.3,0,74.5,0.0,439.2,0.0,0,100.0
2026-05-21 15:10:39,20880,rgb,3,person,0.743,0,33.98,0.0,33.98,1149.204,3.7409,6.429401,41.31,1149.204,383.068,0.79,2.6,0.204,33.82,10.12,2.91,14.74,0.17,5.7,yolo,26.7,0.75,0,75.5,0.0,439.2,0.0,1,100.0
2026-05-21 15:10:40,20910,rgb,4,person,0.767,0,33.79,0.0,33.79,1160.687,3.7783,6.438998,41.31,1160.687,290.172,0.83,3.4,0.266,34.35,10.31,2.9,15.02,0.17,5.77,yolo,28.1,0.52,0,75.1,0.0,439.2,0.0,1,100.0
2026-05-21 15:10:41,20940,rgb,3,person|person|book,0.757,0,34.06,0.0,34.06,1169.62,3.8074,6.448688,41.31,1169.62,389.873,0.78,2.6,0.199,34.34,10.38,2.84,15.09,0.17,5.61,yolo,26.6,0.63,0,75.7,0.0,439.2,0.0,1,66.7
2026-05-21 15:10:43,20970,rgb,3,dog|dog|person|cat|person,0.671,0,34.42,0.0,34.42,1163.052,3.786,6.458402,41.31,1163.052,387.684,0.81,2.6,0.201,33.79,9.97,2.86,14.96,0.15,5.53,yolo,27.9,0.55,0,76.5,0.0,439.2,0.0,1,33.3
2026-05-21 15:10:44,21000,rgb,3,dog|person|cat|person|cat|person,0.589,0,33.93,0.0,33.93,1148.87,3.7398,6.46808,41.31,1148.87,382.957,0.82,2.6,0.202,33.86,10.21,2.86,14.88,0.12,5.46,yolo,27.9,0.0,0,75.4,0.0,439.2,0.0,1,33.3
2026-05-21 15:10:45,21030,rgb,3,dog|person|person,0.681,0,33.88,0.0,33.88,1146.16,3.731,6.477646,41.31,1146.16,382.053,0.85,2.6,0.201,33.83,10.21,2.77,14.9,0.16,5.51,yolo,29.0,0.49,0,75.3,0.0,439.2,0.0,1,100.0
2026-05-21 15:10:46,21060,rgb,3,cow|person|person,0.758,0,33.21,0.0,33.21,1122.166,3.6529,6.487194,41.31,1122.166,374.055,0.8,2.7,0.201,33.79,10.0,2.78,14.96,0.2,5.56,yolo,26.7,1.08,0,73.8,0.0,439.2,0.0,1,100.0
2026-05-21 15:10:47,21090,rgb,4,tv|person|person,0.701,0,34.29,0.0,34.29,1154.544,3.7583,6.496546,41.31,1154.544,288.636,0.85,3.5,0.271,33.67,9.96,2.82,14.74,0.21,5.66,yolo,29.0,1.11,0,76.2,0.0,439.2,0.0,1,75.0
2026-05-21 15:10:49,21120,rgb,3,tv|person|person,0.785,0,24.35,0.0,24.35,835.205,2.7188,6.506262,41.31,835.205,278.402,1.14,3.6,0.199,34.3,10.11,2.9,15.04,0.21,5.75,yolo,27.7,3.2,0,54.1,0.0,439.2,0.0,1,100.0
2026-05-21 15:10:50,21150,rgb,4,person|person|book,0.843,0,34.24,0.0,34.24,1180.253,3.842,6.513343,41.31,1180.253,295.063,0.84,3.4,0.261,34.47,10.05,2.9,15.3,0.2,5.72,yolo,28.9,0.3,0,76.1,0.0,439.2,0.0,1,75.0
2026-05-21 15:10:51,21180,rgb,3,person|person|book|cat|person,0.797,0,37.3,0.0,37.3,1263.351,4.1125,6.523022,41.31,1263.351,421.117,0.71,2.4,0.194,33.87,9.38,2.89,15.45,0.2,5.65,yolo,26.6,0.78,0,82.9,0.0,439.2,0.0,1,100.0
2026-05-21 15:10:52,21210,rgb,3,horse|person|cow|person|person,0.648,0,37.44,0.0,37.44,1265.846,4.1206,6.533516,41.31,1265.846,421.949,0.77,2.4,0.188,33.81,8.47,3.07,15.98,0.21,5.72,yolo,28.9,0.86,0,83.2,0.0,439.2,0.0,1,100.0
2026-05-21 15:10:53,21240,rgb,1,cow|person|person|cat|person,0.605,0,35.73,0.0,35.73,1199.456,3.9045,6.544001,41.31,1199.456,1199.456,0.75,0.8,0.063,33.57,8.23,3.14,15.89,0.2,5.73,yolo,26.8,0.89,0,79.4,0.0,439.2,0.0,1,0.0
2026-05-21 15:10:54,21270,rgb,1,person|book|chair|person|person|chair,0.623,0,33.88,0.0,33.88,1140.401,3.7122,6.554006,41.31,1140.401,1140.401,0.83,0.9,0.065,33.66,9.32,2.98,15.35,0.14,5.51,yolo,28.0,0.51,0,75.3,0.0,439.2,0.0,1,100.0
2026-05-21 15:10:55,21300,rgb,1,oven|person|remote|person|person|teddy bear,0.622,0,33.44,0.0,33.44,1129.603,3.6771,6.563524,41.31,1129.603,1129.603,0.83,0.9,0.068,33.78,10.19,2.8,14.79,0.09,5.59,yolo,27.9,0.04,0,74.3,0.0,439.2,0.0,1,100.0
2026-05-21 15:10:56,21330,rgb,0,remote|person|cat|person,0.576,0,34.47,0.0,34.47,1162.328,3.7836,6.572939,41.31,1162.328,1162.328,0.84,0.0,0.0,33.72,10.12,2.84,14.64,0.06,5.77,yolo,29.0,0.49,0,76.6,0.0,439.2,0.0,1,100.0
2026-05-21 15:10:57,21360,rgb,0,knife|tie|person|person,0.546,0,34.38,0.0,34.38,1159.294,3.7737,6.582622,41.31,1159.294,1159.294,0.77,0.0,0.0,33.72,9.82,2.87,14.89,0.05,5.79,yolo,26.6,1.13,0,76.4,0.0,439.2,0.0,1,100.0
2026-05-21 15:10:59,21390,rgb,1,person,0.484,0,33.98,0.0,33.98,1143.767,3.7232,6.59227,41.31,1143.767,1143.767,0.85,0.9,0.068,33.66,9.99,2.8,14.7,0.05,5.83,yolo,29.0,1.16,0,75.5,0.0,439.2,0.0,1,0.0
2026-05-21 15:11:00,21420,rgb,2,vase|bottle|chair|cat|vase|chair|chair|person,0.443,0,25.38,0.0,25.38,873.326,2.8429,6.601922,41.31,873.326,436.663,1.09,2.3,0.135,34.41,10.78,2.86,14.78,0.04,5.66,yolo,27.7,3.2,0,56.4,0.0,439.2,0.0,1,100.0
2026-05-21 15:11:01,21450,rgb,1,person|vase|bottle|chair|cup|chair|chair|cup|vase|chair,0.501,0,33.84,0.0,33.84,1167.818,3.8015,6.609307,41.31,1167.818,1167.818,0.86,0.9,0.067,34.51,10.69,2.95,14.93,0.07,5.54,yolo,29.0,0.32,0,75.2,0.0,439.2,0.0,1,100.0
2026-05-21 15:11:02,21480,rgb,2,cup|keyboard|chair|cup|cup|bottle|chair|keyboard|chair|cup|cup|chair|cup|bottle|keyboard,0.562,0,34.02,0.0,34.02,1150.897,3.7464,6.618854,41.31,1150.897,575.448,0.79,1.7,0.137,33.83,10.32,2.88,14.64,0.1,5.52,yolo,26.8,0.75,0,75.6,0.0,439.2,0.0,1,100.0
2026-05-21 15:11:03,21510,rgb,0,chair|keyboard|cup|keyboard|cup|chair|keyboard|cup|bottle|chair|keyboard|chair|cup|chair,0.439,0,33.88,0.0,33.88,1140.062,3.7111,6.628392,41.31,1140.062,1140.062,0.85,0.0,0.0,33.65,10.25,2.83,14.63,0.1,5.52,yolo,28.9,0.78,0,75.3,0.0,439.2,0.0,1,100.0
2026-05-21 15:11:04,21540,rgb,1,person|book|chair|person|person|book,0.454,0,34.38,0.0,34.38,1157.231,3.767,6.637891,41.31,1157.231,1157.231,0.78,0.9,0.068,33.66,10.11,2.78,14.77,0.13,5.57,yolo,26.7,0.93,0,76.4,0.0,439.2,0.0,1,100.0
2026-05-21 15:11:05,21570,rgb,13,person|book|chair|person,0.467,0,33.84,0.0,33.84,1141.423,3.7156,6.647549,41.31,1141.423,87.802,0.86,11.4,0.877,33.73,9.73,2.81,14.83,0.24,5.76,yolo,29.0,1.02,0,75.2,0.0,439.2,0.0,1,92.3
2026-05-21 15:11:07,21600,rgb,10,person|book|chair,0.467,0,34.56,0.0,34.56,1170.547,3.8104,6.657127,41.31,1170.547,117.055,0.77,8.5,0.674,33.87,9.48,2.9,14.84,0.35,5.91,yolo,26.7,1.08,0,76.8,0.0,439.2,0.0,1,90.0
2026-05-21 15:11:08,21630,rgb,11,person|book|chair,0.485,0,34.34,0.0,34.34,1164.469,3.7906,6.6669,41.31,1164.469,105.861,0.84,9.4,0.742,33.91,9.63,2.88,14.83,0.35,5.88,yolo,29.0,1.11,0,76.3,0.0,439.2,0.0,1,81.8
2026-05-21 15:11:09,21660,rgb,9,person|book|chair,0.479,0,33.66,0.0,33.66,1139.054,3.7079,6.676582,41.31,1139.054,126.562,0.79,7.9,0.607,33.84,9.45,2.89,14.82,0.38,5.92,yolo,26.7,1.14,0,74.8,0.0,439.2,0.0,1,100.0
2026-05-21 15:11:10,21690,rgb,10,person|book|chair,0.503,0,34.24,0.0,34.24,1161.763,3.7818,6.686071,41.31,1161.763,116.176,0.84,8.6,0.675,33.93,9.6,2.83,14.81,0.4,5.92,yolo,28.9,1.1,0,76.1,0.0,439.2,0.0,1,90.0
2026-05-21 15:11:12,21720,rgb,1,person|book|chair|person,0.478,0,25.11,0.0,25.11,865.04,2.8159,6.695795,41.31,865.04,865.04,1.11,1.2,0.065,34.45,9.62,2.84,15.44,0.3,5.88,yolo,27.9,2.94,0,55.8,0.0,439.2,0.0,1,100.0
2026-05-21 15:11:13,21750,rgb,2,person|chair|person|chair,0.453,0,34.2,0.0,34.2,1172.376,3.8163,6.703071,41.31,1172.376,586.188,0.85,1.7,0.131,34.28,9.67,2.91,15.26,0.15,5.89,yolo,29.0,0.27,0,76.0,0.0,439.2,0.0,1,50.0
2026-05-21 15:11:14,21780,rgb,1,chair|person|person|chair,0.455,0,34.02,0.0,34.02,1151.237,3.7475,6.712723,41.31,1151.237,1151.237,0.79,0.9,0.069,33.84,10.14,2.91,14.49,0.05,5.86,yolo,26.9,0.71,0,75.6,0.0,439.2,0.0,1,100.0
2026-05-21 15:11:15,21810,rgb,1,person|book|person|teddy bear,0.484,0,33.71,0.0,33.71,1146.814,3.7331,6.72236,41.31,1146.814,1146.814,0.86,0.9,0.069,34.02,10.36,2.89,14.48,0.08,5.8,yolo,28.9,0.75,0,74.9,0.0,439.2,0.0,1,100.0
2026-05-21 15:11:16,21840,rgb,1,teddy bear|person|book|chair|person|teddy bear|person|book|person|chair|person,0.546,0,33.26,0.0,33.26,1127.181,3.6692,6.731878,41.31,1127.181,1127.181,0.81,0.9,0.07,33.89,10.39,2.87,14.35,0.11,5.77,yolo,26.8,0.89,0,73.9,0.0,439.2,0.0,1,100.0
2026-05-21 15:11:17,21870,rgb,2,person|book|chair|person|person|book|person|chair,0.545,0,33.57,0.0,33.57,1133.995,3.6914,6.741235,41.31,1133.995,566.997,0.86,1.8,0.14,33.78,10.38,2.86,14.28,0.12,5.78,yolo,28.9,0.93,0,74.6,0.0,439.2,0.0,1,50.0
2026-05-21 15:11:18,21900,rgb,5,book|person|teddy bear|chair|person|book|chair|teddy bear|chair|person|book|person|chair|book|teddy bear|chair,0.508,0,33.71,0.0,33.71,1135.016,3.6947,6.750647,41.31,1135.016,227.003,0.79,4.4,0.347,33.67,10.17,2.82,14.4,0.15,5.78,yolo,26.7,1.04,0,74.9,0.0,439.2,0.0,1,100.0
2026-05-21 15:11:19,21930,rgb,1,book|person|teddy bear|chair|person|book|chair|tie|person|person|book|person,0.507,0,33.39,0.0,33.39,1126.579,3.6672,6.760111,41.31,1126.579,1126.579,0.86,0.9,0.069,33.74,10.1,2.82,14.58,0.15,5.71,yolo,28.9,1.06,0,74.2,0.0,439.2,0.0,1,100.0
2026-05-21 15:11:20,21960,rgb,4,dog|person|book|person|person|book,0.478,0,33.93,0.0,33.93,1147.173,3.7343,6.769539,41.31,1147.173,286.793,0.79,3.5,0.275,33.81,10.22,2.84,14.54,0.14,5.72,yolo,26.8,1.04,0,75.4,0.0,439.2,0.0,1,100.0
2026-05-21 15:11:22,21990,rgb,4,person|book,0.497,0,34.42,0.0,34.42,1161.331,3.7804,6.779112,41.31,1161.331,290.333,0.84,3.4,0.277,33.74,10.12,2.84,14.42,0.18,5.86,yolo,28.9,1.05,0,76.5,0.0,439.2,0.0,1,50.0
2026-05-21 15:11:23,22020,rgb,4,person|person|book,0.552,0,26.42,0.0,26.42,909.905,2.9619,6.788784,41.31,909.905,227.476,1.05,4.4,0.27,34.44,10.35,2.87,14.84,0.22,5.84,yolo,27.7,2.89,0,58.7,0.0,439.2,0.0,1,100.0
2026-05-21 15:11:24,22050,rgb,6,tv|person|book|person|book,0.641,0,34.02,0.0,34.02,1175.051,3.825,6.796461,41.31,1175.051,195.842,0.85,5.1,0.401,34.54,10.18,2.98,14.97,0.27,5.79,yolo,28.9,0.3,0,75.6,0.0,439.2,0.0,1,83.3
2026-05-21 15:11:25,22080,rgb,6,person|book,0.56,0,33.26,0.0,33.26,1130.507,3.68,6.806198,41.31,1130.507,188.418,0.81,5.3,0.409,33.99,10.1,2.91,14.68,0.3,5.65,yolo,26.8,0.71,0,73.9,0.0,439.2,0.0,1,100.0
2026-05-21 15:11:26,22110,rgb,7,tv|person|book|person|book,0.543,0,33.39,0.0,33.39,1131.253,3.6825,6.815584,41.31,1131.253,161.608,0.86,6.2,0.476,33.88,10.14,2.79,14.7,0.32,5.6,yolo,28.8,0.75,0,74.2,0.0,439.2,0.0,1,100.0
2026-05-21 15:11:27,22140,rgb,6,tv|person|book|person|book,0.521,0,34.11,0.0,34.11,1151.554,3.7485,6.824993,41.31,1151.554,191.926,0.79,5.2,0.404,33.76,9.86,2.74,14.84,0.32,5.68,yolo,26.8,0.85,0,75.8,0.0,439.2,0.0,1,100.0
2026-05-21 15:11:28,22170,rgb,5,person|book,0.55,0,33.57,0.0,33.57,1137.016,3.7012,6.834603,41.31,1137.016,227.403,0.83,4.4,0.335,33.87,9.89,2.79,14.94,0.28,5.66,yolo,27.9,0.47,0,74.6,0.0,439.2,0.0,1,100.0
2026-05-21 15:11:29,22200,rgb,5,cat|person|book|person|book,0.544,0,34.74,0.0,34.74,1173.865,3.8212,6.844072,41.31,1173.865,234.773,0.81,4.3,0.334,33.79,9.75,2.84,14.98,0.23,5.69,yolo,28.0,0.04,0,77.2,0.0,439.2,0.0,1,60.0
2026-05-21 15:11:30,22230,rgb,2,teddy bear|person|book|person|book|tv|person|book|cat|person|book,0.509,0,33.88,0.0,33.88,1140.74,3.7133,6.853832,41.31,1140.74,570.37,0.86,1.8,0.135,33.67,9.76,2.83,14.81,0.2,5.79,yolo,29.0,0.44,0,75.3,0.0,439.2,0.0,1,100.0
2026-05-21 15:11:32,22260,rgb,5,person|book,0.505,0,34.11,0.0,34.11,1153.6,3.7552,6.863374,41.31,1153.6,230.72,0.78,4.3,0.337,33.82,9.77,2.85,14.84,0.2,5.88,yolo,26.6,1.13,0,75.8,0.0,439.2,0.0,1,100.0
2026-05-21 15:11:33,22290,rgb,5,tv|person|book|person|book,0.463,0,35.23,0.0,35.23,1192.183,3.8808,6.873008,41.31,1192.183,238.437,0.82,4.2,0.333,33.84,9.49,2.88,15.0,0.23,5.96,yolo,29.0,1.16,0,78.3,0.0,439.2,0.0,1,100.0
2026-05-21 15:11:34,22320,rgb,4,tv|person|tv|person|book|person|book,0.469,0,24.75,0.0,24.75,853.627,2.7787,6.883016,41.31,853.627,213.407,1.12,4.7,0.269,34.49,10.36,2.88,14.88,0.2,5.87,yolo,27.6,3.16,0,55.0,0.0,439.2,0.0,1,50.0
2026-05-21 15:11:36,22350,rgb,7,tv|person|tv|person|book|person|book,0.522,0,33.03,0.0,33.03,1139.535,3.7094,6.890206,41.31,1139.535,162.791,0.88,6.1,0.475,34.5,10.7,2.85,14.75,0.19,5.72,yolo,29.0,0.35,0,73.4,0.0,439.2,0.0,1,100.0
2026-05-21 15:11:37,22380,rgb,5,person|tv|person|tv|person|book|person|book,0.53,0,33.34,0.0,33.34,1126.559,3.6672,6.899535,41.31,1126.559,225.312,0.8,4.4,0.343,33.79,10.17,2.86,14.59,0.21,5.7,yolo,26.7,0.78,0,74.1,0.0,439.2,0.0,1,80.0
2026-05-21 15:11:38,22410,rgb,3,tv|person|book|tv|person|person|person|book,0.526,0,34.16,0.0,34.16,1151.534,3.7485,6.908916,41.31,1151.534,383.845,0.82,2.6,0.206,33.71,10.33,2.8,14.53,0.19,5.62,yolo,28.0,0.44,0,75.9,0.0,439.2,0.0,1,100.0
2026-05-21 15:11:39,22440,rgb,4,person|tv|person|tv|person|book|person|book,0.547,0,33.39,0.0,33.39,1129.584,3.677,6.918539,41.31,1129.584,282.396,0.83,3.5,0.273,33.83,10.4,2.77,14.67,0.18,5.58,yolo,27.8,0.07,0,74.2,0.0,439.2,0.0,1,100.0
2026-05-21 15:11:40,22470,rgb,4,tv|person|person|person|book,0.587,0,33.84,0.0,33.84,1151.237,3.7475,6.927992,41.31,1151.237,287.809,0.86,3.5,0.272,34.02,10.55,2.79,14.68,0.17,5.63,yolo,29.0,0.45,0,75.2,0.0,439.2,0.0,1,100.0
2026-05-21 15:11:41,22500,rgb,3,person|tv|person|tv|person|book|person|book,0.612,0,34.02,0.0,34.02,1171.649,3.814,6.93759,41.31,1171.649,390.55,0.79,2.6,0.203,34.44,10.9,2.8,14.75,0.18,5.63,yolo,27.0,0.88,0,75.6,0.0,439.2,0.0,1,100.0
2026-05-21 15:11:42,22530,rgb,5,person|book|person|tv|person|book,0.599,0,33.57,0.0,33.57,1154.137,3.757,6.947349,41.31,1154.137,230.827,0.79,4.3,0.339,34.38,10.79,2.82,14.77,0.18,5.65,yolo,26.6,0.19,0,74.6,0.0,439.2,0.0,1,80.0
2026-05-21 15:11:43,22560,rgb,5,tv|person|bottle|person|book|tv|person|book|chair|person|book|tv|person|book|person,0.547,0,33.79,0.0,33.79,1148.522,3.7387,6.956953,41.31,1148.522,229.704,0.86,4.4,0.341,33.99,10.48,2.84,14.67,0.19,5.63,yolo,29.0,1.16,0,75.1,0.0,439.2,0.0,1,60.0
2026-05-21 15:11:45,22590,rgb,3,tv|person|person|book|person|wine glass|tv|person|book|person,0.606,0,34.16,0.0,34.16,1158.707,3.7718,6.966512,41.31,1158.707,386.236,0.78,2.6,0.202,33.92,10.18,2.88,14.85,0.19,5.61,yolo,26.6,1.19,0,75.9,0.0,439.2,0.0,1,66.7
2026-05-21 15:11:46,22620,rgb,7,person|person|book,0.565,0,24.62,0.0,24.62,844.712,2.7497,6.976196,41.31,844.712,120.673,1.13,8.3,0.467,34.31,10.17,2.9,15.0,0.19,5.79,yolo,27.9,2.96,0,54.7,0.0,439.2,0.0,1,85.7
2026-05-21 15:11:47,22650,rgb,3,person|book,0.491,0,34.24,0.0,34.24,1178.198,3.8353,6.983341,41.31,1178.198,392.733,0.85,2.5,0.202,34.41,10.34,2.88,14.83,0.23,5.83,yolo,29.0,0.27,0,76.1,0.0,439.2,0.0,1,100.0
2026-05-21 15:11:48,22680,rgb,1,person|person|book,0.541,0,33.26,0.0,33.26,1122.525,3.6541,6.992991,41.31,1122.525,1122.525,0.81,0.9,0.069,33.75,10.34,2.84,14.44,0.19,5.69,yolo,26.8,0.75,0,73.9,0.0,439.2,0.0,1,100.0
